/Users/olofmathe/Library/Python/3.9/lib/python/site-packages/urllib3/__init__.py:35: NotOpenSSLWarning: urllib3 v2 only supports OpenSSL 1.1.1+, currently the 'ssl' module is compiled with 'LibreSSL 2.8.3'. See: https://github.com/urllib3/urllib3/issues/3020
  warnings.warn(
============================================================
Tumblr Media Downloader (Archive with Selenium)
============================================================
Blog: arthackday
Archive URL: https://arthackday.tumblr.com/archive
Output directory: /Users/olofmathe/.cursor/worktrees/dethrone-website/yfj/tumblr_media
============================================================

Setting up Chrome driver...
Loading archive page: https://arthackday.tumblr.com/archive
Waiting for page to load...
Scrolling to load all posts...
  Scrolled 1 times, height: 2814
  Scrolled 2 times, height: 2834
  Scrolled 3 times, height: 3154
  Scrolled 4 times, height: 3474
  Scrolled 5 times, height: 4622
  Scrolled 6 times, height: 5526
  Scrolled 7 times, height: 6326
  Scrolled 8 times, height: 7598
  Scrolled 9 times, height: 8558
  Scrolled 10 times, height: 9622
  Scrolled 11 times, height: 10442
  Scrolled 12 times, height: 11382
Extracting post URLs...
Found 589 post URLs
Extracting media from 589 posts...
------------------------------------------------------------

[1/589] Processing: https://arthackday.tumblr.com/post/36270247831/art-hack-day-...
  Found 3 media items
[2/589] Processing: https://arthackday.tumblr.com/post/36270251455/art-hack-day-...
  Found 3 media items
[3/589] Processing: https://arthackday.tumblr.com/post/36270255146/art-hack-day-...
  Found 3 media items
[4/589] Processing: https://arthackday.tumblr.com/post/36270258817/art-hack-day-...
  Found 3 media items
[5/589] Processing: https://arthackday.tumblr.com/post/36270261823/art-hack-day-...
  Found 3 media items
[6/589] Processing: https://arthackday.tumblr.com/post/36270265092/art-hack-day-...
  Found 3 media items
[7/589] Processing: https://arthackday.tumblr.com/post/36270268294/art-hack-day-...
  Found 3 media items
[8/589] Processing: https://arthackday.tumblr.com/post/36270271860/art-hack-day-...
  Found 3 media items
[9/589] Processing: https://arthackday.tumblr.com/post/36270275117/art-hack-day-...
  Found 3 media items
[10/589] Processing: https://arthackday.tumblr.com/post/36270278547/art-hack-day-...
  Found 3 media items
[11/589] Processing: https://arthackday.tumblr.com/post/36270281533/art-hack-day-...
  Found 3 media items
[12/589] Processing: https://arthackday.tumblr.com/post/36270285151/art-hack-day-...
  Found 3 media items
[13/589] Processing: https://arthackday.tumblr.com/post/36270288652/art-hack-day-...
  Found 3 media items
[14/589] Processing: https://arthackday.tumblr.com/post/36270292925/art-hack-day-...
  Found 3 media items
[15/589] Processing: https://arthackday.tumblr.com/post/36270295890/art-hack-day-...
  Found 3 media items
[16/589] Processing: https://arthackday.tumblr.com/post/36270299912/art-hack-day-...
  Found 3 media items
[17/589] Processing: https://arthackday.tumblr.com/post/36270303172/art-hack-day-...
  Found 3 media items
[18/589] Processing: https://arthackday.tumblr.com/post/36270306556/art-hack-day-...
  Found 3 media items
[19/589] Processing: https://arthackday.tumblr.com/post/36270322684/art-hack-day-...
  Found 3 media items
[20/589] Processing: https://arthackday.tumblr.com/post/36270325612/art-hack-day-...
  Found 3 media items
[21/589] Processing: https://arthackday.tumblr.com/post/36270328828/art-hack-day-...
  Found 3 media items
[22/589] Processing: https://arthackday.tumblr.com/post/36270331984/art-hack-day-...
  Found 3 media items
[23/589] Processing: https://arthackday.tumblr.com/post/36270335420/art-hack-day-...
  Found 3 media items
[24/589] Processing: https://arthackday.tumblr.com/post/36270338292/art-hack-day-...
  Found 3 media items
[25/589] Processing: https://arthackday.tumblr.com/post/36270341728/art-hack-day-...
  Found 3 media items
[26/589] Processing: https://arthackday.tumblr.com/post/36270345199/art-hack-day-...
  Found 3 media items
[27/589] Processing: https://arthackday.tumblr.com/post/36270348397/art-hack-day-...
  Found 3 media items
[28/589] Processing: https://arthackday.tumblr.com/post/36270352010/art-hack-day-...
  Found 3 media items
[29/589] Processing: https://arthackday.tumblr.com/post/36270355456/art-hack-day-...
  Found 3 media items
[30/589] Processing: https://arthackday.tumblr.com/post/36270358687/art-hack-day-...
  Found 3 media items
[31/589] Processing: https://arthackday.tumblr.com/post/36270362119/art-hack-day-...
  Found 3 media items
[32/589] Processing: https://arthackday.tumblr.com/post/36270365432/art-hack-day-...
  Found 3 media items
[33/589] Processing: https://arthackday.tumblr.com/post/36270368440/art-hack-day-...
  Found 3 media items
[34/589] Processing: https://arthackday.tumblr.com/post/36270371415/art-hack-day-...
  Found 3 media items
[35/589] Processing: https://arthackday.tumblr.com/post/36270374484/art-hack-day-...
  Found 3 media items
[36/589] Processing: https://arthackday.tumblr.com/post/36270388098/art-hack-day-...
  Found 3 media items
[37/589] Processing: https://arthackday.tumblr.com/post/36270390851/art-hack-day-...
  Found 3 media items
[38/589] Processing: https://arthackday.tumblr.com/post/36270393919/art-hack-day-...
  Found 3 media items
[39/589] Processing: https://arthackday.tumblr.com/post/36270396798/art-hack-day-...
  Found 3 media items
[40/589] Processing: https://arthackday.tumblr.com/post/36270400985/art-hack-day-...
  Found 3 media items
[41/589] Processing: https://arthackday.tumblr.com/post/36270404369/art-hack-day-...
  Found 3 media items
[42/589] Processing: https://arthackday.tumblr.com/post/36270408387/art-hack-day-...
  Found 3 media items
[43/589] Processing: https://arthackday.tumblr.com/post/36270411921/art-hack-day-...
  Found 3 media items
[44/589] Processing: https://arthackday.tumblr.com/post/36270415916/art-hack-day-...
  Found 3 media items
[45/589] Processing: https://arthackday.tumblr.com/post/36270452747/art-hack-day-...
  Found 3 media items
[46/589] Processing: https://arthackday.tumblr.com/post/36270456710/art-hack-day-...
  Found 3 media items
[47/589] Processing: https://arthackday.tumblr.com/post/36270459361/art-hack-day-...
  Found 3 media items
[48/589] Processing: https://arthackday.tumblr.com/post/36270462459/art-hack-day-...
  Found 3 media items
[49/589] Processing: https://arthackday.tumblr.com/post/36270465396/art-hack-day-...
  Found 3 media items
[50/589] Processing: https://arthackday.tumblr.com/post/36270468663/art-hack-day-...
  Found 3 media items
[51/589] Processing: https://arthackday.tumblr.com/post/36270471703/art-hack-day-...
  Found 3 media items
[52/589] Processing: https://arthackday.tumblr.com/post/36270475191/art-hack-day-...
  Found 3 media items
[53/589] Processing: https://arthackday.tumblr.com/post/36270478825/art-hack-day-...
  Found 3 media items
[54/589] Processing: https://arthackday.tumblr.com/post/36270482421/art-hack-day-...
  Found 3 media items
[55/589] Processing: https://arthackday.tumblr.com/post/36270486328/art-hack-day-...
  Found 3 media items
[56/589] Processing: https://arthackday.tumblr.com/post/36270489806/art-hack-day-...
  Found 3 media items
[57/589] Processing: https://arthackday.tumblr.com/post/36270493349/art-hack-day-...
  Found 3 media items
[58/589] Processing: https://arthackday.tumblr.com/post/36270497207/art-hack-day-...
  Found 3 media items
[59/589] Processing: https://arthackday.tumblr.com/post/36270501324/art-hack-day-...
  Found 3 media items
[60/589] Processing: https://arthackday.tumblr.com/post/36270504713/art-hack-day-...
  Found 3 media items
[61/589] Processing: https://arthackday.tumblr.com/post/36270507540/art-hack-day-...
  Found 3 media items
[62/589] Processing: https://arthackday.tumblr.com/post/36270510855/art-hack-day-...
  Found 3 media items
[63/589] Processing: https://arthackday.tumblr.com/post/36270513735/art-hack-day-...
  Found 3 media items
[64/589] Processing: https://arthackday.tumblr.com/post/36270517121/art-hack-day-...
  Found 3 media items
[65/589] Processing: https://arthackday.tumblr.com/post/36270519801/art-hack-day-...
  Found 3 media items
[66/589] Processing: https://arthackday.tumblr.com/post/36270523112/art-hack-day-...
  Found 3 media items
[67/589] Processing: https://arthackday.tumblr.com/post/36270527139/art-hack-day-...
  Found 3 media items
[68/589] Processing: https://arthackday.tumblr.com/post/36270529483/art-hack-day-...
  Found 3 media items
[69/589] Processing: https://arthackday.tumblr.com/post/36270531470/art-hack-day-...
  Found 3 media items
[70/589] Processing: https://arthackday.tumblr.com/post/36270534091/art-hack-day-...
  Found 3 media items
[71/589] Processing: https://arthackday.tumblr.com/post/36272061000/art-hack-day-...
  Found 2 media items
[72/589] Processing: https://arthackday.tumblr.com/post/36272064168/art-hack-day-...
  Found 2 media items
[73/589] Processing: https://arthackday.tumblr.com/post/36272067389/art-hack-day-...
  Found 2 media items
[74/589] Processing: https://arthackday.tumblr.com/post/36272537764/art-hack-day-...
  Found 3 media items
[75/589] Processing: https://arthackday.tumblr.com/post/36272545376/hire-a-lobbyi...
  Found 3 media items
[76/589] Processing: https://arthackday.tumblr.com/post/36272548116/art-hack-day-...
  Found 3 media items
[77/589] Processing: https://arthackday.tumblr.com/post/36272550148/money-lights-...
  Found 3 media items
[78/589] Processing: https://arthackday.tumblr.com/post/36272552442/art-hack-day-...
  Found 3 media items
[79/589] Processing: https://arthackday.tumblr.com/post/36338792430/super-pac-man...
  Found 3 media items
[80/589] Processing: https://arthackday.tumblr.com/post/36360639230/capital-consu...
  Found 3 media items
[81/589] Processing: https://arthackday.tumblr.com/post/36360648369/capital-consu...
  Found 3 media items
[82/589] Processing: https://arthackday.tumblr.com/post/36360654560/mudslinger-th...
  Found 3 media items
[83/589] Processing: https://arthackday.tumblr.com/post/36360659349/big-money-art...
  Found 3 media items
[84/589] Processing: https://arthackday.tumblr.com/post/36360666642/automated-sub...
  Found 3 media items
[85/589] Processing: https://arthackday.tumblr.com/post/36360670949/art-hack-day-...
  Found 3 media items
[86/589] Processing: https://arthackday.tumblr.com/post/36360676015/money-brick-h...
  Found 3 media items
[87/589] Processing: https://arthackday.tumblr.com/post/36360681001/big-money-art...
  Found 3 media items
[88/589] Processing: https://arthackday.tumblr.com/post/36360686766/super-pac-man...
  Found 3 media items
[89/589] Processing: https://arthackday.tumblr.com/post/36360693096/art-hack-day-...
  Found 3 media items
[90/589] Processing: https://arthackday.tumblr.com/post/36360697939/art-hack-day-...
  Found 3 media items
[91/589] Processing: https://arthackday.tumblr.com/post/36360703024/art-hack-day-...
  Found 3 media items
[92/589] Processing: https://arthackday.tumblr.com/post/36360708002/political-kar...
  Found 3 media items
[93/589] Processing: https://arthackday.tumblr.com/post/36360713671/automated-sub...
  Found 3 media items
[94/589] Processing: https://arthackday.tumblr.com/post/36360718384/hire-a-lobbyi...
  Found 3 media items
[95/589] Processing: https://arthackday.tumblr.com/post/36360724941/hire-a-lobbyi...
  Found 3 media items
[96/589] Processing: https://arthackday.tumblr.com/post/36360730500/art-hack-day-...
  Found 3 media items
[97/589] Processing: https://arthackday.tumblr.com/post/36360736416/money-lights-...
  Found 3 media items
[98/589] Processing: https://arthackday.tumblr.com/post/36360741743/art-hack-day-...
  Found 3 media items
[99/589] Processing: https://arthackday.tumblr.com/post/36360746318/art-hack-day-...
  Found 3 media items
[100/589] Processing: https://arthackday.tumblr.com/post/36360751622/art-hack-day-...
  Found 3 media items
[101/589] Processing: https://arthackday.tumblr.com/post/36360756536/art-hack-day-...
  Found 3 media items
[102/589] Processing: https://arthackday.tumblr.com/post/36360761546/mudslinger-th...
  Found 3 media items
[103/589] Processing: https://arthackday.tumblr.com/post/36360766621/art-hack-day-...
  Found 3 media items
[104/589] Processing: https://arthackday.tumblr.com/post/36360773493/political-kar...
  Found 3 media items
[105/589] Processing: https://arthackday.tumblr.com/post/36360779047/automated-sub...
  Found 3 media items
[106/589] Processing: https://arthackday.tumblr.com/post/36360785070/art-hack-thum...
  Found 3 media items
[107/589] Processing: https://arthackday.tumblr.com/post/36360791459/capital-consu...
  Found 3 media items
[108/589] Processing: https://arthackday.tumblr.com/post/36360797372/art-hack-day-...
  Found 3 media items
[109/589] Processing: https://arthackday.tumblr.com/post/36360803672/money-brick-h...
  Found 3 media items
[110/589] Processing: https://arthackday.tumblr.com/post/36360808184/money-lights-...
  Found 3 media items
[111/589] Processing: https://arthackday.tumblr.com/post/36361210963/art-hack-day-...
  Found 3 media items
[112/589] Processing: https://arthackday.tumblr.com/post/36361215526/art-hack-day-...
  Found 3 media items
[113/589] Processing: https://arthackday.tumblr.com/post/36361220642/art-hack-day-...
  Found 3 media items
[114/589] Processing: https://arthackday.tumblr.com/post/36361226267/money-brick-h...
  Found 3 media items
[115/589] Processing: https://arthackday.tumblr.com/post/36361231137/political-kar...
  Found 3 media items
[116/589] Processing: https://arthackday.tumblr.com/post/36361237118/art-hack-day-...
  Found 3 media items
[117/589] Processing: https://arthackday.tumblr.com/post/36361242160/money-lights-...
  Found 3 media items
[118/589] Processing: https://arthackday.tumblr.com/post/36361247178/art-hack-day-...
  Found 3 media items
[119/589] Processing: https://arthackday.tumblr.com/post/36361252251/big-money-art...
  Found 3 media items
[120/589] Processing: https://arthackday.tumblr.com/post/36361256738/mudslinger-th...
  Found 3 media items
[121/589] Processing: https://arthackday.tumblr.com/post/36361261001/art-hack-day-...
  Found 3 media items
[122/589] Processing: https://arthackday.tumblr.com/post/36361265514/super-pac-man...
  Found 3 media items
[123/589] Processing: https://arthackday.tumblr.com/post/36380270571/hire-a-lobbyi...
  Found 3 media items
[124/589] Processing: https://arthackday.tumblr.com/post/36380275117/art-hack-day-...
  Found 3 media items
[125/589] Processing: https://arthackday.tumblr.com/post/36380277936/capital-consu...
  Found 3 media items
[126/589] Processing: https://arthackday.tumblr.com/post/36380281329/mudslinger-th...
  Found 3 media items
[127/589] Processing: https://arthackday.tumblr.com/post/36380284751/art-hack-day-...
  Found 3 media items
[128/589] Processing: https://arthackday.tumblr.com/post/36380288093/art-hack-day-...
  Found 3 media items
[129/589] Processing: https://arthackday.tumblr.com/post/36380291387/art-hack-day-...
  Found 3 media items
[130/589] Processing: https://arthackday.tumblr.com/post/36380295124/art-hack-day-...
  Found 3 media items
[131/589] Processing: https://arthackday.tumblr.com/post/36380298193/art-hack-day-...
  Found 3 media items
[132/589] Processing: https://arthackday.tumblr.com/post/36380302001/art-hack-day-...
  Found 3 media items
[133/589] Processing: https://arthackday.tumblr.com/post/36380305750/art-hack-day-...
  Found 3 media items
[134/589] Processing: https://arthackday.tumblr.com/post/36380309414/art-hack-day-...
  Found 3 media items
[135/589] Processing: https://arthackday.tumblr.com/post/36380312939/big-money-art...
  Found 3 media items
[136/589] Processing: https://arthackday.tumblr.com/post/36380316583/lawrence-less...
  Found 3 media items
[137/589] Processing: https://arthackday.tumblr.com/post/36380319726/super-pac-man...
  Found 3 media items
[138/589] Processing: https://arthackday.tumblr.com/post/36380322855/art-hack-day-...
  Found 3 media items
[139/589] Processing: https://arthackday.tumblr.com/post/36380325553/political-kar...
  Found 3 media items
[140/589] Processing: https://arthackday.tumblr.com/post/36380328593/art-hack-day-...
  Found 3 media items
[141/589] Processing: https://arthackday.tumblr.com/post/36380331537/art-hack-day-...
  Found 3 media items
[142/589] Processing: https://arthackday.tumblr.com/post/36380336144/art-hack-day-...
  Found 3 media items
[143/589] Processing: https://arthackday.tumblr.com/post/36380339074/art-hack-day-...
  Found 3 media items
[144/589] Processing: https://arthackday.tumblr.com/post/36380341975/money-brick-h...
  Found 3 media items
[145/589] Processing: https://arthackday.tumblr.com/post/36380344786/money-lights-...
  Found 3 media items
[146/589] Processing: https://arthackday.tumblr.com/post/36380347718/political-kar...
  Found 3 media items
[147/589] Processing: https://arthackday.tumblr.com/post/36380350671/money-lights-...
  Found 3 media items
[148/589] Processing: https://arthackday.tumblr.com/post/36380353860/money-brick-h...
  Found 3 media items
[149/589] Processing: https://arthackday.tumblr.com/post/36380357653/political-kar...
  Found 3 media items
[150/589] Processing: https://arthackday.tumblr.com/post/36380361055/capital-consu...
  Found 3 media items
[151/589] Processing: https://arthackday.tumblr.com/post/36380363939/mudslinger-th...
  Found 3 media items
[152/589] Processing: https://arthackday.tumblr.com/post/36380367375/art-hack-day-...
  Found 3 media items
[153/589] Processing: https://arthackday.tumblr.com/post/36380370861/super-pac-man...
  Found 3 media items
[154/589] Processing: https://arthackday.tumblr.com/post/36445018014/art-hack-day-...
  Found 3 media items
[155/589] Processing: https://arthackday.tumblr.com/post/36445030569/art-hack-day-...
  Found 3 media items
[156/589] Processing: https://arthackday.tumblr.com/post/36445035407/art-hack-day-...
  Found 3 media items
[157/589] Processing: https://arthackday.tumblr.com/post/36445039833/art-hack-day-...
  Found 3 media items
[158/589] Processing: https://arthackday.tumblr.com/post/36445043962/art-hack-day-...
  Found 3 media items
[159/589] Processing: https://arthackday.tumblr.com/post/36445047705/art-hack-day-...
  Found 3 media items
[160/589] Processing: https://arthackday.tumblr.com/post/36445056195/art-hack-day-...
  Found 3 media items
[161/589] Processing: https://arthackday.tumblr.com/post/36445064162/art-hack-day-...
  Found 3 media items
[162/589] Processing: https://arthackday.tumblr.com/post/36445071747/art-hack-day-...
  Found 3 media items
[163/589] Processing: https://arthackday.tumblr.com/post/36445076733/art-hack-day-...
  Found 3 media items
[164/589] Processing: https://arthackday.tumblr.com/post/36445080317/art-hack-day-...
  Found 3 media items
[165/589] Processing: https://arthackday.tumblr.com/post/36445105597/art-hack-day-...
  Found 3 media items
[166/589] Processing: https://arthackday.tumblr.com/post/36445109865/art-hack-day-...
  Found 3 media items
[167/589] Processing: https://arthackday.tumblr.com/post/36445113880/art-hack-day-...
  Found 3 media items
[168/589] Processing: https://arthackday.tumblr.com/post/36456078724/art-hack-day-...
  Found 3 media items
[169/589] Processing: https://arthackday.tumblr.com/post/36456125290/art-hack-day-...
  Found 3 media items
[170/589] Processing: https://arthackday.tumblr.com/post/36456187234/art-hack-day-...
  Found 3 media items
[171/589] Processing: https://arthackday.tumblr.com/post/36459275369...
  Found 2 media items
[172/589] Processing: https://arthackday.tumblr.com/post/36459706900...
  Found 8 media items
[173/589] Processing: https://arthackday.tumblr.com/post/36459745986...
  Found 3 media items
[174/589] Processing: https://arthackday.tumblr.com/post/36460182258...
  Found 3 media items
[175/589] Processing: https://arthackday.tumblr.com/post/36460235296/political-kar...
  Found 3 media items
[176/589] Processing: https://arthackday.tumblr.com/post/36460329700...
  Found 3 media items
[177/589] Processing: https://arthackday.tumblr.com/post/36461061401...
  Found 2 media items
[178/589] Processing: https://arthackday.tumblr.com/post/36461144288/money-brick-h...
  Found 5 media items
[179/589] Processing: https://arthackday.tumblr.com/post/36524986487/art-hack-day-...
  Found 3 media items
[180/589] Processing: https://arthackday.tumblr.com/post/36524993639/money-lights-...
  Found 3 media items
[181/589] Processing: https://arthackday.tumblr.com/post/36525002066/money-lights-...
  Found 3 media items
[182/589] Processing: https://arthackday.tumblr.com/post/36525010251/art-hack-day-...
  Found 3 media items
[183/589] Processing: https://arthackday.tumblr.com/post/36525019716/art-hack-day-...
  Found 3 media items
[184/589] Processing: https://arthackday.tumblr.com/post/36525033906/big-money-art...
  Found 3 media items
[185/589] Processing: https://arthackday.tumblr.com/post/36525042878/money-brick-h...
  Found 3 media items
[186/589] Processing: https://arthackday.tumblr.com/post/36525054613/mudslinger-th...
  Found 3 media items
[187/589] Processing: https://arthackday.tumblr.com/post/36525062500/big-money-art...
  Found 3 media items
[188/589] Processing: https://arthackday.tumblr.com/post/38159906046/andrew-benson...
  Found 2 media items
[189/589] Processing: https://arthackday.tumblr.com/post/38159939913/art-hack-day-...
  Found 3 media items
[190/589] Processing: https://arthackday.tumblr.com/post/38160004408/anonymous-fra...
  Found 3 media items
[191/589] Processing: https://arthackday.tumblr.com/post/38160045800/setting-up-fo...
  Found 3 media items
[192/589] Processing: https://arthackday.tumblr.com/post/38160067086/art-hack-day-...
  Found 3 media items
[193/589] Processing: https://arthackday.tumblr.com/post/38160084848/art-hack-day-...
  Found 3 media items
[194/589] Processing: https://arthackday.tumblr.com/post/38160101225/nullsleep-let...
  Found 3 media items
[195/589] Processing: https://arthackday.tumblr.com/post/38160119679...
  Found 3 media items
[196/589] Processing: https://arthackday.tumblr.com/post/38160166471/phillip-nelso...
  Found 2 media items
[197/589] Processing: https://arthackday.tumblr.com/post/38160214071/art-hack-day-...
  Found 3 media items
[198/589] Processing: https://arthackday.tumblr.com/post/38160237359/ryan-alexande...
  Found 3 media items
[199/589] Processing: https://arthackday.tumblr.com/post/38160251813/art-hack-day-...
  Found 3 media items
[200/589] Processing: https://arthackday.tumblr.com/post/38160270024/sarah-grant-n...
  Found 3 media items
[201/589] Processing: https://arthackday.tumblr.com/post/38160311139/benjamin-glei...
  Found 3 media items
[202/589] Processing: https://arthackday.tumblr.com/post/38160332074/gabriel-dunne...
  Found 2 media items
[203/589] Processing: https://arthackday.tumblr.com/post/38160360742/art-hack-day-...
  Found 3 media items
[204/589] Processing: https://arthackday.tumblr.com/post/38160410221/art-hack-day-...
  Found 3 media items
[205/589] Processing: https://arthackday.tumblr.com/post/38160439427/art-hack-day-...
  Found 3 media items
[206/589] Processing: https://arthackday.tumblr.com/post/38160461221/art-hack-day-...
  Found 3 media items
[207/589] Processing: https://arthackday.tumblr.com/post/38288400053...
  Found 4 media items
[208/589] Processing: https://arthackday.tumblr.com/post/38288468090...
  Found 2 media items
[209/589] Processing: https://arthackday.tumblr.com/post/38365375552/art-hack-day-...
  Found 3 media items
[210/589] Processing: https://arthackday.tumblr.com/post/38369198411/phillip-nelso...
  Found 3 media items
[211/589] Processing: https://arthackday.tumblr.com/post/38369201539/ryan-alexande...
  Found 3 media items
[212/589] Processing: https://arthackday.tumblr.com/post/38369204362/art-hack-day-...
  Found 3 media items
[213/589] Processing: https://arthackday.tumblr.com/post/38369206503/andrew-benson...
  Found 3 media items
[214/589] Processing: https://arthackday.tumblr.com/post/38369208559/art-hack-day-...
  Found 3 media items
[215/589] Processing: https://arthackday.tumblr.com/post/38369210721/art-hack-day-...
  Found 3 media items
[216/589] Processing: https://arthackday.tumblr.com/post/38369212759/art-hack-day-...
  Found 3 media items
[217/589] Processing: https://arthackday.tumblr.com/post/38369215727/art-hack-day-...
  Found 3 media items
[218/589] Processing: https://arthackday.tumblr.com/post/38369218351/art-hack-day-...
  Found 3 media items
[219/589] Processing: https://arthackday.tumblr.com/post/38369221377/max-weisel-vi...
  Found 2 media items
[220/589] Processing: https://arthackday.tumblr.com/post/38369228196/tyler-freeman...
  Found 2 media items
[221/589] Processing: https://arthackday.tumblr.com/post/38369230429/termie-scream...
  Found 3 media items
[222/589] Processing: https://arthackday.tumblr.com/post/38369235291/gabriel-dunne...
  Found 3 media items
[223/589] Processing: https://arthackday.tumblr.com/post/38369237855/jeffrey-easte...
  Found 3 media items
[224/589] Processing: https://arthackday.tumblr.com/post/38589251741/art-hack-day-...
  Found 3 media items
[225/589] Processing: https://arthackday.tumblr.com/post/38589268360/art-hack-day-...
  Found 3 media items
[226/589] Processing: https://arthackday.tumblr.com/post/38589275548/david-huerta-...
  Found 3 media items
[227/589] Processing: https://arthackday.tumblr.com/post/38589295241/setting-up-fo...
  Found 3 media items
[228/589] Processing: https://arthackday.tumblr.com/post/38589303924/mangtronix-c-...
  Found 2 media items
[229/589] Processing: https://arthackday.tumblr.com/post/38589308677/art-hack-day-...
  Found 3 media items
[230/589] Processing: https://arthackday.tumblr.com/post/38589359490/art-hack-day-...
  Found 3 media items
[231/589] Processing: https://arthackday.tumblr.com/post/38589364503/art-hack-day-...
  Found 3 media items
[232/589] Processing: https://arthackday.tumblr.com/post/38589370551/art-hack-day-...
  Found 3 media items
[233/589] Processing: https://arthackday.tumblr.com/post/38589375573/art-hack-day-...
  Found 3 media items
[234/589] Processing: https://arthackday.tumblr.com/post/38902110081/gabriel-dunne...
  Found 3 media items
[235/589] Processing: https://arthackday.tumblr.com/post/38902487268/sarah-grant-n...
  Found 6 media items
[236/589] Processing: https://arthackday.tumblr.com/post/38902526172/andrew-benson...
  Found 3 media items
[237/589] Processing: https://arthackday.tumblr.com/post/38902565245/arthackday-le...
  Found 3 media items
[238/589] Processing: https://arthackday.tumblr.com/post/38902618969/natalia-rical...
  Found 3 media items
[239/589] Processing: https://arthackday.tumblr.com/post/38903305117/olof-math%C3%...
  Found 3 media items
[240/589] Processing: https://arthackday.tumblr.com/post/38905968471/toby-schachma...
  Found 2 media items
[241/589] Processing: https://arthackday.tumblr.com/post/38906734289/art-hack-day-...
  Found 3 media items
[242/589] Processing: https://arthackday.tumblr.com/post/38906765149/nullsleep-let...
  Found 3 media items
[243/589] Processing: https://arthackday.tumblr.com/post/38906812677/art-hack-day-...
  Found 3 media items
[244/589] Processing: https://arthackday.tumblr.com/post/38907062998/termie-scream...
  Found 3 media items
[245/589] Processing: https://arthackday.tumblr.com/post/38907763827/termie-scream...
  Found 3 media items
[246/589] Processing: https://arthackday.tumblr.com/post/38907879158/max-weisel-vi...
  Found 5 media items
[247/589] Processing: https://arthackday.tumblr.com/post/38941567227/jeffrey-easte...
  Found 2 media items
[248/589] Processing: https://arthackday.tumblr.com/post/38941620156/jeffrey-easte...
  Found 3 media items
[249/589] Processing: https://arthackday.tumblr.com/post/38942629968/art-hack-day-...
  Found 3 media items
[250/589] Processing: https://arthackday.tumblr.com/post/38942713017/nullsleep-let...
  Found 3 media items
[251/589] Processing: https://arthackday.tumblr.com/post/38943302673/max-weisel-vi...
  Found 3 media items
[252/589] Processing: https://arthackday.tumblr.com/post/38943690069/matthew-gerri...
  Found 2 media items
[253/589] Processing: https://arthackday.tumblr.com/post/38944125057/jean-pierre-m...
  Found 3 media items
[254/589] Processing: https://arthackday.tumblr.com/post/38944218279/anonymous-fra...
  Found 3 media items
[255/589] Processing: https://arthackday.tumblr.com/post/38944571623/matty-h-noise...
  Found 3 media items
[256/589] Processing: https://arthackday.tumblr.com/post/38944667956/olof-math%C3%...
  Found 3 media items
[257/589] Processing: https://arthackday.tumblr.com/post/39379256541/joshua-nimoy-...
  Found 2 media items
[258/589] Processing: https://arthackday.tumblr.com/post/39379306657/alchemy-hack-...
  Found 3 media items
[259/589] Processing: https://arthackday.tumblr.com/post/40219604565/bigsley-marin...
  Found 2 media items
[260/589] Processing: https://arthackday.tumblr.com/post/41080482228/alex-glowaski...
  Found 3 media items
[261/589] Processing: https://arthackday.tumblr.com/post/41080710976/jonathan-daha...
  Found 3 media items
[262/589] Processing: https://arthackday.tumblr.com/post/41112628187/jean-pierre-m...
  Found 2 media items
[263/589] Processing: https://arthackday.tumblr.com/post/41112634077/gabriel-dunne...
  Found 2 media items
[264/589] Processing: https://arthackday.tumblr.com/post/41112636024/mangtronix-c-...
  Found 2 media items
[265/589] Processing: https://arthackday.tumblr.com/post/41112693888/igal-nassima-...
  Found 2 media items
[266/589] Processing: https://arthackday.tumblr.com/post/41112701594/phillip-nelso...
  Found 2 media items
[267/589] Processing: https://arthackday.tumblr.com/post/41112708862/tyler-freeman...
  Found 10 media items
[268/589] Processing: https://arthackday.tumblr.com/post/41112712433/payload-testi...
  Found 5 media items
[269/589] Processing: https://arthackday.tumblr.com/post/42552063406/reed-radar...
  Found 3 media items
[270/589] Processing: https://arthackday.tumblr.com/post/44195204393/art-hack-day-...
  Found 2 media items
[271/589] Processing: https://arthackday.tumblr.com/post/44195469809/art-hack-day-...
  Found 4 media items
[272/589] Processing: https://arthackday.tumblr.com/post/44195819620/art-hack-day-...
  Found 2 media items
[273/589] Processing: https://arthackday.tumblr.com/post/44250816603/god-mode-name...
  Found 3 media items
[274/589] Processing: https://arthackday.tumblr.com/post/44251178986/will-brand-ar...
  Found 3 media items
[275/589] Processing: https://arthackday.tumblr.com/post/44256796261/presentation-...
  Found 3 media items
[276/589] Processing: https://arthackday.tumblr.com/post/44259185142/project-prese...
  Found 4 media items
[277/589] Processing: https://arthackday.tumblr.com/post/44295194614/art-hack-day-...
  Found 2 media items
[278/589] Processing: https://arthackday.tumblr.com/post/44295724260/art-hack-day-...
  Found 2 media items
[279/589] Processing: https://arthackday.tumblr.com/post/44295872102/preparing-for...
  Found 2 media items
[280/589] Processing: https://arthackday.tumblr.com/post/44296422826/nutella-balls...
  Found 3 media items
[281/589] Processing: https://arthackday.tumblr.com/post/44296629447/art-hack-day-...
  Found 2 media items
[282/589] Processing: https://arthackday.tumblr.com/post/44296802276/art-hack-day-...
  Found 4 media items
[283/589] Processing: https://arthackday.tumblr.com/post/44298810294/friday-mornin...
  Found 3 media items
[284/589] Processing: https://arthackday.tumblr.com/post/44307823078/art-hack-day-...
  Found 2 media items
[285/589] Processing: https://arthackday.tumblr.com/post/44307919582/art-hack-day-...
  Found 2 media items
[286/589] Processing: https://arthackday.tumblr.com/post/44308057216/art-hack-day-...
  Found 2 media items
[287/589] Processing: https://arthackday.tumblr.com/post/44313171664/art-hack-day-...
  Found 12 media items
[288/589] Processing: https://arthackday.tumblr.com/post/44313345519/art-hack-day-...
  Found 4 media items
[289/589] Processing: https://arthackday.tumblr.com/post/44313510430/art-hack-day-...
  Found 2 media items
[290/589] Processing: https://arthackday.tumblr.com/post/44328268289/avery...
  Found 3 media items
[291/589] Processing: https://arthackday.tumblr.com/post/44333233758/lindsaaaaaay...
  Found 3 media items
[292/589] Processing: https://arthackday.tumblr.com/post/44339842333/art-hack-day-...
  Found 2 media items
[293/589] Processing: https://arthackday.tumblr.com/post/44340146540/art-hack-day-...
  Found 4 media items
[294/589] Processing: https://arthackday.tumblr.com/post/44349112025/toby-schachma...
  Found 3 media items
[295/589] Processing: https://arthackday.tumblr.com/post/44349254137/toby-schachma...
  Found 3 media items
[296/589] Processing: https://arthackday.tumblr.com/post/44349515403/art-hack-day-...
  Found 3 media items
[297/589] Processing: https://arthackday.tumblr.com/post/44349920599/an-artist-pre...
  Found 3 media items
[298/589] Processing: https://arthackday.tumblr.com/post/44350321133/art-hack-day-...
  Found 3 media items
[299/589] Processing: https://arthackday.tumblr.com/post/44374536969/art-hack-day-...
  Found 3 media items
[300/589] Processing: https://arthackday.tumblr.com/post/44374542909...
  Found 3 media items
[301/589] Processing: https://arthackday.tumblr.com/post/44374551021/art-hack-day-...
  Found 3 media items
[302/589] Processing: https://arthackday.tumblr.com/post/44376376065/art-hack-day-...
  Found 3 media items
[303/589] Processing: https://arthackday.tumblr.com/post/44376401963/art-hack-day-...
  Found 3 media items
[304/589] Processing: https://arthackday.tumblr.com/post/44376412294/art-hack-day-...
  Found 3 media items
[305/589] Processing: https://arthackday.tumblr.com/post/44376430896/art-hack-day-...
  Found 4 media items
[306/589] Processing: https://arthackday.tumblr.com/post/44379971095/sean-mcintyre...
  Found 3 media items
[307/589] Processing: https://arthackday.tumblr.com/post/44380156008/sean-mcintyre...
  Found 2 media items
[308/589] Processing: https://arthackday.tumblr.com/post/44380186904/sean-mcintyre...
  Found 3 media items
[309/589] Processing: https://arthackday.tumblr.com/post/44380280984/art-hack-day-...
  Found 5 media items
[310/589] Processing: https://arthackday.tumblr.com/post/44382100708/art-hack-day-...
  Found 4 media items
[311/589] Processing: https://arthackday.tumblr.com/post/44382320562/art-hack-day-...
  Found 4 media items
[312/589] Processing: https://arthackday.tumblr.com/post/44382461309/art-hack-day-...
  Found 4 media items
[313/589] Processing: https://arthackday.tumblr.com/post/44383069338/art-hack-day-...
  Found 2 media items
[314/589] Processing: https://arthackday.tumblr.com/post/44383750878/art-hack-day-...
  Found 2 media items
[315/589] Processing: https://arthackday.tumblr.com/post/44383918974/art-hack-day-...
  Found 4 media items
[316/589] Processing: https://arthackday.tumblr.com/post/44384859327/artists-prepa...
  Found 2 media items
[317/589] Processing: https://arthackday.tumblr.com/post/44394446485/ramsey-gets-s...
  Found 3 media items
[318/589] Processing: https://arthackday.tumblr.com/post/44394461943/art-hack-day-...
  Found 3 media items
[319/589] Processing: https://arthackday.tumblr.com/post/44404844634/art-hack-day-...
  Found 2 media items
[320/589] Processing: https://arthackday.tumblr.com/post/44405215524/artists-prepa...
  Found 31 media items
[321/589] Processing: https://arthackday.tumblr.com/post/44476024018/clement-valla...
  Found 5 media items
[322/589] Processing: https://arthackday.tumblr.com/post/44477019600/reed-radar-ca...
  Found 4 media items
[323/589] Processing: https://arthackday.tumblr.com/post/44478680431/art-hack-day-...
  Found 2 media items
[324/589] Processing: https://arthackday.tumblr.com/post/44479148304/art-hack-day-...
  Found 2 media items
[325/589] Processing: https://arthackday.tumblr.com/post/44479289540/artists-prepa...
  Found 3 media items
[326/589] Processing: https://arthackday.tumblr.com/post/44479449607/art-hack-day-...
  Found 2 media items
[327/589] Processing: https://arthackday.tumblr.com/post/44481261993/art-hack-day-...
  Found 3 media items
[328/589] Processing: https://arthackday.tumblr.com/post/44481688421/an-artist-pre...
  Found 3 media items
[329/589] Processing: https://arthackday.tumblr.com/post/44481857089/art-hack-day-...
  Found 5 media items
[330/589] Processing: https://arthackday.tumblr.com/post/44482123082/art-hack-day-...
  Found 2 media items
[331/589] Processing: https://arthackday.tumblr.com/post/44482374627/art-hack-day-...
  Found 3 media items
[332/589] Processing: https://arthackday.tumblr.com/post/44482534316/artists-prepa...
  Found 2 media items
[333/589] Processing: https://arthackday.tumblr.com/post/44482653988/art-hack-day-...
  Found 5 media items
[334/589] Processing: https://arthackday.tumblr.com/post/44483268774/nick-hasty-ja...
  Found 2 media items
[335/589] Processing: https://arthackday.tumblr.com/post/44483494558/pablo-amjc-ke...
  Found 3 media items
[336/589] Processing: https://arthackday.tumblr.com/post/44512647679/james-george-...
  Found 5 media items
[337/589] Processing: https://arthackday.tumblr.com/post/44552414445/art-hack-day-...
  Found 2 media items
[338/589] Processing: https://arthackday.tumblr.com/post/44552644142/will-brand-ra...
  Found 6 media items
[339/589] Processing: https://arthackday.tumblr.com/post/44552909013/addie-wagenkn...
  Found 3 media items
[340/589] Processing: https://arthackday.tumblr.com/post/44560076008/leonard-grey-...
  Found 5 media items
[341/589] Processing: https://arthackday.tumblr.com/post/44560275441/dan-the-messe...
  Found 5 media items
[342/589] Processing: https://arthackday.tumblr.com/post/44560400262/mauricio-gira...
  Found 2 media items
[343/589] Processing: https://arthackday.tumblr.com/post/44560525161/vuokko-aro-su...
  Found 5 media items
[344/589] Processing: https://arthackday.tumblr.com/post/44561078341/jonathan-o-mi...
  Found 4 media items
[345/589] Processing: https://arthackday.tumblr.com/post/44569254815/lauren-mccart...
  Found 20 media items
[346/589] Processing: https://arthackday.tumblr.com/post/44569491889/ivan-safrin-t...
  Found 5 media items
[347/589] Processing: https://arthackday.tumblr.com/post/44572240692/quin-kennedy-...
  Found 6 media items
[348/589] Processing: https://arthackday.tumblr.com/post/44578711310/heather-dewey...
  Found 3 media items
[349/589] Processing: https://arthackday.tumblr.com/post/44634854335/olof-math%C3%...
  Found 2 media items
[350/589] Processing: https://arthackday.tumblr.com/post/44634930810/olof-math%C3%...
  Found 3 media items
[351/589] Processing: https://arthackday.tumblr.com/post/44915691708/sougwen-chung...
  Found 14 media items
[352/589] Processing: https://arthackday.tumblr.com/post/44988049182/quin-kennedy-...
  Found 10 media items
[353/589] Processing: https://arthackday.tumblr.com/post/45028563884/dan-pablo-dav...
  Found 6 media items
[354/589] Processing: https://arthackday.tumblr.com/post/45094930986/forresto-its-...
  Found 6 media items
[355/589] Processing: https://arthackday.tumblr.com/post/45098040058/quin-kennedy-...
  Found 3 media items
[356/589] Processing: https://arthackday.tumblr.com/post/45469701222/sean-mcintyre...
  Found 8 media items
[357/589] Processing: https://arthackday.tumblr.com/post/45500312824/alexandra-gor...
  Found 40 media items
[358/589] Processing: https://arthackday.tumblr.com/post/45587140923/joe-mckay-tho...
  Found 14 media items
[359/589] Processing: https://arthackday.tumblr.com/post/45733671521/sean-mcintyre...
  Found 6 media items
[360/589] Processing: https://arthackday.tumblr.com/post/45733700454/pablo-amjc-ke...
  Found 7 media items
[361/589] Processing: https://arthackday.tumblr.com/post/46001687559/toby-schachma...
  Found 4 media items
[362/589] Processing: https://arthackday.tumblr.com/post/46001945971/art-hack-day-...
  Found 5 media items
[363/589] Processing: https://arthackday.tumblr.com/post/46001974425/art-hack-day-...
  Found 6 media items
[364/589] Processing: https://arthackday.tumblr.com/post/47980086529/art-hack-day-...
  Found 8 media items
[365/589] Processing: https://arthackday.tumblr.com/post/47980177325/go28o-raquel-...
  Found 8 media items
[366/589] Processing: https://arthackday.tumblr.com/post/47980218832/olle-bjerk%C3...
  Found 23 media items
[367/589] Processing: https://arthackday.tumblr.com/post/47980250262/rickard-dahls...
  Found 14 media items
[368/589] Processing: https://arthackday.tumblr.com/post/47980276398/go28o-raquel-...
  Found 11 media items
[369/589] Processing: https://arthackday.tumblr.com/post/47982948846/olof-math%C3%...
  Found 9 media items
[370/589] Processing: https://arthackday.tumblr.com/post/48143835141/art-hack-day-...
  Found 5 media items
[371/589] Processing: https://arthackday.tumblr.com/post/48143908183/art-hack-day-...
  Found 11 media items
[372/589] Processing: https://arthackday.tumblr.com/post/48208213923/carl-barstad-...
  Found 6 media items
[373/589] Processing: https://arthackday.tumblr.com/post/48208524461/go28o-raquel-...
  Found 5 media items
[374/589] Processing: https://arthackday.tumblr.com/post/48208549992/art-hack-day-...
  Found 7 media items
[375/589] Processing: https://arthackday.tumblr.com/post/48208951083/submarine-jam...
  Found 7 media items
[376/589] Processing: https://arthackday.tumblr.com/post/48214490321/forresto-juan...
  Found 8 media items
[377/589] Processing: https://arthackday.tumblr.com/post/48214552171/olle-bjerk%C3...
  Found 9 media items
[378/589] Processing: https://arthackday.tumblr.com/post/48214579332/forresto-juan...
  Found 8 media items
[379/589] Processing: https://arthackday.tumblr.com/post/48214644592/art-hack-day-...
  Found 7 media items
[380/589] Processing: https://arthackday.tumblr.com/post/48214663705/forresto-juan...
  Found 12 media items
[381/589] Processing: https://arthackday.tumblr.com/post/48214699930/art-hack-day-...
  Found 9 media items
[382/589] Processing: https://arthackday.tumblr.com/post/48239409604/raquel-meyers...
  Found 5 media items
[383/589] Processing: https://arthackday.tumblr.com/post/48455339455/jonatan-heyma...
  Found 6 media items
[384/589] Processing: https://arthackday.tumblr.com/post/48456833300/anders-sundma...
  Found 10 media items
[385/589] Processing: https://arthackday.tumblr.com/post/48456929231/anders-sundma...
  Found 4 media items
[386/589] Processing: https://arthackday.tumblr.com/post/48457002084/anders-sundma...
  Found 6 media items
[387/589] Processing: https://arthackday.tumblr.com/post/48458829266/jonatan-walck...
  Found 5 media items
[388/589] Processing: https://arthackday.tumblr.com/post/48459048235/olof-math%C3%...
  Found 3 media items
[389/589] Processing: https://arthackday.tumblr.com/post/48459093199/carl-barstad-...
  Found 7 media items
[390/589] Processing: https://arthackday.tumblr.com/post/48459141969/olof-math%C3%...
  Found 8 media items
[391/589] Processing: https://arthackday.tumblr.com/post/48459202467/rickard-dahls...
  Found 8 media items
[392/589] Processing: https://arthackday.tumblr.com/post/48459249588/rickard-dahls...
  Found 8 media items
[393/589] Processing: https://arthackday.tumblr.com/post/48459301771/rickard-dahls...
  Found 15 media items
[394/589] Processing: https://arthackday.tumblr.com/post/48460967325/rickard-dahls...
  Found 24 media items
[395/589] Processing: https://arthackday.tumblr.com/post/48461215591/jakob-smedhag...
  Found 7 media items
[396/589] Processing: https://arthackday.tumblr.com/post/48462789852/magnus-erikss...
  Found 8 media items
[397/589] Processing: https://arthackday.tumblr.com/post/48464104550/art-hack-day-...
  Found 6 media items
[398/589] Processing: https://arthackday.tumblr.com/post/48464230368/submarine-pal...
  Found 4 media items
[399/589] Processing: https://arthackday.tumblr.com/post/48464479734/submarine-jam...
  Found 4 media items
[400/589] Processing: https://arthackday.tumblr.com/post/48465258246/alessandro-co...
  Found 5 media items
[401/589] Processing: https://arthackday.tumblr.com/post/48466157519/olof-math%C3%...
  Found 5 media items
[402/589] Processing: https://arthackday.tumblr.com/post/48466280018/olof-math%C3%...
  Found 7 media items
[403/589] Processing: https://arthackday.tumblr.com/post/48466401886/tove-kjellmar...
  Found 11 media items
[404/589] Processing: https://arthackday.tumblr.com/post/48467680439/raquel-meyers...
  Found 6 media items
[405/589] Processing: https://arthackday.tumblr.com/post/48467863000/go28o-raquel-...
  Found 27 media items
[406/589] Processing: https://arthackday.tumblr.com/post/48468722920/art-hack-day-...
  Found 9 media items
[407/589] Processing: https://arthackday.tumblr.com/post/48468945064/art-hack-day-...
  Found 7 media items
[408/589] Processing: https://arthackday.tumblr.com/post/48469187460/tobias-bernst...
  Found 7 media items
[409/589] Processing: https://arthackday.tumblr.com/post/48788859000...
  Found 10 media items
[410/589] Processing: https://arthackday.tumblr.com/post/48915161811/art-hack-day-...
  Found 3 media items
[411/589] Processing: https://arthackday.tumblr.com/post/48915207510/art-hack-day-...
  Found 4 media items
[412/589] Processing: https://arthackday.tumblr.com/post/48915232035/mario-gonzale...
  Found 5 media items
[413/589] Processing: https://arthackday.tumblr.com/post/48915268128/art-hack-day-...
  Found 4 media items
[414/589] Processing: https://arthackday.tumblr.com/post/48915294406/art-hack-day-...
  Found 5 media items
[415/589] Processing: https://arthackday.tumblr.com/post/48915323102/art-hack-day-...
  Found 5 media items
[416/589] Processing: https://arthackday.tumblr.com/post/48915377168/art-hack-day-...
  Found 2 media items
[417/589] Processing: https://arthackday.tumblr.com/post/48956953445/paulo-barcelo...
  Found 6 media items
[418/589] Processing: https://arthackday.tumblr.com/post/48957928984/jonas-molande...
  Found 35 media items
[419/589] Processing: https://arthackday.tumblr.com/post/48965023625/photo-credits...
  Found 7 media items
[420/589] Processing: https://arthackday.tumblr.com/post/48965076881/photo-credits...
  Found 4 media items
[421/589] Processing: https://arthackday.tumblr.com/post/48965151926/photo-credits...
  Found 5 media items
[422/589] Processing: https://arthackday.tumblr.com/post/48966797473/photo-credits...
  Found 4 media items
[423/589] Processing: https://arthackday.tumblr.com/post/49112509321/brett-ascarel...
  Found 14 media items
[424/589] Processing: https://arthackday.tumblr.com/post/49114448014/paulo-barcelo...
  Found 6 media items
[425/589] Processing: https://arthackday.tumblr.com/post/49115425736/hard-drive-fa...
  Found 6 media items
[426/589] Processing: https://arthackday.tumblr.com/post/49121109008/olof-math%C3%...
  Found 6 media items
[427/589] Processing: https://arthackday.tumblr.com/post/49121382749/olof-math%C3%...
  Found 7 media items
[428/589] Processing: https://arthackday.tumblr.com/post/49122215661/submarine-jam...
  Found 14 media items
[429/589] Processing: https://arthackday.tumblr.com/post/49122477589/anders-sundma...
  Found 5 media items
[430/589] Processing: https://arthackday.tumblr.com/post/49125330961/daniel-beauch...
  Found 7 media items
[431/589] Processing: https://arthackday.tumblr.com/post/49756399477/submarine-jam...
  Found 20 media items
[432/589] Processing: https://arthackday.tumblr.com/post/49756633797/daniel-beauch...
  Found 14 media items
[433/589] Processing: https://arthackday.tumblr.com/post/49757144977/photo-credits...
  Found 19 media items
[434/589] Processing: https://arthackday.tumblr.com/post/49757852252/art-hack-day-...
  Found 12 media items
[435/589] Processing: https://arthackday.tumblr.com/post/49757892513/art-hack-day-...
  Found 13 media items
[436/589] Processing: https://arthackday.tumblr.com/post/49758149084/victor-guerre...
  Found 15 media items
[437/589] Processing: https://arthackday.tumblr.com/post/49836231766/daniel-beauch...
  Found 16 media items
[438/589] Processing: https://arthackday.tumblr.com/post/49957420901/jonatan-heyma...
  Found 10 media items
[439/589] Processing: https://arthackday.tumblr.com/post/49958923889/tove-kjellmar...
  Found 22 media items
[440/589] Processing: https://arthackday.tumblr.com/post/49959560571/forresto-juan...
  Found 16 media items
[441/589] Processing: https://arthackday.tumblr.com/post/49959641022/forresto-juan...
  Found 15 media items
[442/589] Processing: https://arthackday.tumblr.com/post/49959723534/forresto-juan...
  Found 13 media items
[443/589] Processing: https://arthackday.tumblr.com/post/49968908809/bengt-sj%C3%B...
  Found 12 media items
[444/589] Processing: https://arthackday.tumblr.com/post/49994735300/olof-math%C3%...
  Found 13 media items
[445/589] Processing: https://arthackday.tumblr.com/post/50125095608/tove-kjellmar...
  Found 16 media items
[446/589] Processing: https://arthackday.tumblr.com/post/50125878414/art-hack-day-...
  Found 13 media items
[447/589] Processing: https://arthackday.tumblr.com/post/50125975750/art-hack-day-...
  Found 9 media items
[448/589] Processing: https://arthackday.tumblr.com/post/50149905871/art-hack-day-...
  Found 15 media items
[449/589] Processing: https://arthackday.tumblr.com/post/50187722003/jacek-smolick...
  Found 16 media items
[450/589] Processing: https://arthackday.tumblr.com/post/62988964105/quin-kennedy-...
  Found 7 media items
[451/589] Processing: https://arthackday.tumblr.com/post/63430710639/nora-omurchu-...
  Found 6 media items
[452/589] Processing: https://arthackday.tumblr.com/post/63435333199/sascha-pohfle...
  Found 7 media items
[453/589] Processing: https://arthackday.tumblr.com/post/63558777762/annie-goh-los...
  Found 6 media items
[454/589] Processing: https://arthackday.tumblr.com/post/63560455174/dennis-paul-n...
  Found 11 media items
[455/589] Processing: https://arthackday.tumblr.com/post/63566031779/marcel-schitt...
  Found 6 media items
[456/589] Processing: https://arthackday.tumblr.com/post/63569062852/bailey-mathe-...
  Found 8 media items
[457/589] Processing: https://arthackday.tumblr.com/post/63604517178/tove-kjellmar...
  Found 7 media items
[458/589] Processing: https://arthackday.tumblr.com/post/63780657878/jacob-sikker-...
  Found 8 media items
[459/589] Processing: https://arthackday.tumblr.com/post/63781808496/julian-oliver...
  Found 9 media items
[460/589] Processing: https://arthackday.tumblr.com/post/63782640269/barry-threw-d...
  Found 11 media items
[461/589] Processing: https://arthackday.tumblr.com/post/63783724466/tina-tonegal-...
  Found 5 media items
[462/589] Processing: https://arthackday.tumblr.com/post/63971346235/maxmillian-sc...
  Found 6 media items
[463/589] Processing: https://arthackday.tumblr.com/post/63971535665/hannes-hoelzl...
  Found 10 media items
[464/589] Processing: https://arthackday.tumblr.com/post/63972306156/julian-oliver...
  Found 2 media items
[465/589] Processing: https://arthackday.tumblr.com/post/63972401140/julian-oliver...
  Found 3 media items
[466/589] Processing: https://arthackday.tumblr.com/post/63973281824/art-hack-day-...
  Found 4 media items
[467/589] Processing: https://arthackday.tumblr.com/post/63973389445/kim-asendorf-...
  Found 2 media items
[468/589] Processing: https://arthackday.tumblr.com/post/63973670699/kim-asendorf-...
  Found 5 media items
[469/589] Processing: https://arthackday.tumblr.com/post/63974056934/elin-aram-are...
  Found 6 media items
[470/589] Processing: https://arthackday.tumblr.com/post/63974252417/nora-omurchu-...
  Found 6 media items
[471/589] Processing: https://arthackday.tumblr.com/post/63975312769/ralf-baecker-...
  Found 6 media items
[472/589] Processing: https://arthackday.tumblr.com/post/63975430479/julian-oliver...
  Found 11 media items
[473/589] Processing: https://arthackday.tumblr.com/post/63976952459/hannes-hoelzl...
  Found 7 media items
[474/589] Processing: https://arthackday.tumblr.com/post/63977114545/iain-mccurdy-...
  Found 10 media items
[475/589] Processing: https://arthackday.tumblr.com/post/63977487560/katrin-caspar...
  Found 7 media items
[476/589] Processing: https://arthackday.tumblr.com/post/63977529535/katrin-caspar...
  Found 17 media items
[477/589] Processing: https://arthackday.tumblr.com/post/63977644801/hannes-hoelzl...
  Found 9 media items
[478/589] Processing: https://arthackday.tumblr.com/post/63977847741/tove-kjellmar...
  Found 17 media items
[479/589] Processing: https://arthackday.tumblr.com/post/63978002268/nicole-srocks...
  Found 6 media items
[480/589] Processing: https://arthackday.tumblr.com/post/63978138055/nicole-srock-...
  Found 17 media items
[481/589] Processing: https://arthackday.tumblr.com/post/63978360595/katrin-caspar...
  Found 14 media items
[482/589] Processing: https://arthackday.tumblr.com/post/63978704456/katrin-caspar...
  Found 13 media items
[483/589] Processing: https://arthackday.tumblr.com/post/63978988798/iain-mccurdy-...
  Found 15 media items
[484/589] Processing: https://arthackday.tumblr.com/post/63979183886/hannes-hoelzl...
  Found 19 media items
[485/589] Processing: https://arthackday.tumblr.com/post/63980101422/art-hack-day-...
  Found 12 media items
[486/589] Processing: https://arthackday.tumblr.com/post/63998476496/bailey-math%C...
  Found 15 media items
[487/589] Processing: https://arthackday.tumblr.com/post/63998563520/bailey-math%C...
  Found 17 media items
[488/589] Processing: https://arthackday.tumblr.com/post/63998621219/bailey-math%C...
  Found 13 media items
[489/589] Processing: https://arthackday.tumblr.com/post/64095745750...
  Found 15 media items
[490/589] Processing: https://arthackday.tumblr.com/post/64097284085/dean-hunt-qui...
  Found 11 media items
[491/589] Processing: https://arthackday.tumblr.com/post/64097318139/dean-hunt-qui...
  Found 15 media items
[492/589] Processing: https://arthackday.tumblr.com/post/64579776925/art-hack-day-...
  Found 16 media items
[493/589] Processing: https://arthackday.tumblr.com/post/64584949864/art-hack-day-...
  Found 9 media items
[494/589] Processing: https://arthackday.tumblr.com/post/65506796807/julian-oliver...
  Found 9 media items
[495/589] Processing: https://arthackday.tumblr.com/post/66054307444/wolfgang-spah...
  Found 8 media items
[496/589] Processing: https://arthackday.tumblr.com/post/66056501108/art-hack-day-...
  Found 7 media items
[497/589] Processing: https://arthackday.tumblr.com/post/66057051572/art-hack-day-...
  Found 11 media items
[498/589] Processing: https://arthackday.tumblr.com/post/66057717790/art-hack-day-...
  Found 14 media items
[499/589] Processing: https://arthackday.tumblr.com/post/66058587493/art-hack-day-...
  Found 12 media items
[500/589] Processing: https://arthackday.tumblr.com/post/66059206441/art-hack-day-...
  Found 14 media items
[501/589] Processing: https://arthackday.tumblr.com/post/66060165485/art-hack-day-...
  Found 16 media items
[502/589] Processing: https://arthackday.tumblr.com/post/66063008092/art-hack-day-...
  Found 13 media items
[503/589] Processing: https://arthackday.tumblr.com/post/66063416042/art-hack-day-...
  Found 10 media items
[504/589] Processing: https://arthackday.tumblr.com/post/66064435881/art-hack-day-...
  Found 15 media items
[505/589] Processing: https://arthackday.tumblr.com/post/66064681274/art-hack-day-...
  Found 14 media items
[506/589] Processing: https://arthackday.tumblr.com/post/66238344148/baileymathehu...
  Found 16 media items
[507/589] Processing: https://arthackday.tumblr.com/post/66238374333/documenting-t...
  Found 10 media items
[508/589] Processing: https://arthackday.tumblr.com/post/66286441414/baileymathehu...
  Found 14 media items
[509/589] Processing: https://arthackday.tumblr.com/post/66507114171/baileymathehu...
  Found 14 media items
[510/589] Processing: https://arthackday.tumblr.com/post/66598196024/bailey-math%C...
  Found 16 media items
[511/589] Processing: https://arthackday.tumblr.com/post/66686298999/baileymathehu...
  Found 14 media items
[512/589] Processing: https://arthackday.tumblr.com/post/66689657781/bailey-math%C...
  Found 15 media items
[513/589] Processing: https://arthackday.tumblr.com/post/66715272515/bailey-math%C...
  Found 15 media items
[514/589] Processing: https://arthackday.tumblr.com/post/66719162664/our-award-win...
  Found 15 media items
[515/589] Processing: https://arthackday.tumblr.com/post/66815909596/baileymathehu...
  Found 12 media items
[516/589] Processing: https://arthackday.tumblr.com/post/66855957965...
  Found 11 media items
[517/589] Processing: https://arthackday.tumblr.com/post/66860377171/baileymathehu...
  Found 14 media items
[518/589] Processing: https://arthackday.tumblr.com/post/67349315782/on-the-origin...
  Found 9 media items
[519/589] Processing: https://arthackday.tumblr.com/post/67349566873...
  Found 10 media items
[520/589] Processing: https://arthackday.tumblr.com/post/67351535489/friends-anxio...
  Found 10 media items
[521/589] Processing: https://arthackday.tumblr.com/post/67351560124/an-undisclose...
  Found 14 media items
[522/589] Processing: https://arthackday.tumblr.com/post/67510220743/baileymathehu...
  Found 16 media items
[523/589] Processing: https://arthackday.tumblr.com/post/68014194944/spectator-int...
  Found 7 media items
[524/589] Processing: https://arthackday.tumblr.com/post/68049079440/spectator-int...
  Found 8 media items
[525/589] Processing: https://arthackday.tumblr.com/post/70047729578/niko-princen-...
  Found 5 media items
[526/589] Processing: https://arthackday.tumblr.com/post/70048232159/rosemary-lee-...
  Found 8 media items
[527/589] Processing: https://arthackday.tumblr.com/post/70048438103/rosemary-lee-...
  Found 10 media items
[528/589] Processing: https://arthackday.tumblr.com/post/70048653378/niko-princen-...
  Found 12 media items
[529/589] Processing: https://arthackday.tumblr.com/post/70049021444/art-hack-day-...
  Found 10 media items
[530/589] Processing: https://arthackday.tumblr.com/post/70049148466/glitxtcom...
  Found 11 media items
[531/589] Processing: https://arthackday.tumblr.com/post/70051063394/akitoshi-hond...
  Found 10 media items
[532/589] Processing: https://arthackday.tumblr.com/post/70052509911/chanpory-rith...
  Found 9 media items
[533/589] Processing: https://arthackday.tumblr.com/post/70055161221...
  Found 5 media items
[534/589] Processing: https://arthackday.tumblr.com/post/70066481809/glitxtcom-fro...
  Found 10 media items
[535/589] Processing: https://arthackday.tumblr.com/post/70140380639/closed-circui...
  Found 10 media items
[536/589] Processing: https://arthackday.tumblr.com/post/70272043836...
  Found 11 media items
[537/589] Processing: https://arthackday.tumblr.com/post/71814984058/baileymathehu...
  Found 12 media items
[538/589] Processing: https://arthackday.tumblr.com/post/74745946089/art-hack-day-...
  Found 10 media items
[539/589] Processing: https://arthackday.tumblr.com/post/74834460210/maketechx-is-...
  Found 9 media items
[540/589] Processing: https://arthackday.tumblr.com/post/74853078205/awesome-new-l...
  Found 12 media items
[541/589] Processing: https://arthackday.tumblr.com/post/74949955883/sprint-sprint...
  Found 10 media items
[542/589] Processing: https://arthackday.tumblr.com/post/80522367228/sebastian-sch...
  Found 8 media items
[543/589] Processing: https://arthackday.tumblr.com/post/80524317937/olof-mathe-pa...
  Found 6 media items
[544/589] Processing: https://arthackday.tumblr.com/post/80526704151/kim-asendorf-...
  Found 4 media items
[545/589] Processing: https://arthackday.tumblr.com/post/80528068741/marcel-schwit...
  Found 6 media items
[546/589] Processing: https://arthackday.tumblr.com/post/80529816927/carl-emil-car...
  Found 7 media items
[547/589] Processing: https://arthackday.tumblr.com/post/80532476280/igal-nassima-...
  Found 6 media items
[548/589] Processing: https://arthackday.tumblr.com/post/80533328726/akihiko-tanig...
  Found 14 media items
[549/589] Processing: https://arthackday.tumblr.com/post/80535275547/geraldine-ju%...
  Found 6 media items
[550/589] Processing: https://arthackday.tumblr.com/post/80535906705/geraldine-ju%...
  Found 7 media items
[551/589] Processing: https://arthackday.tumblr.com/post/80536701498/jens-u-j%C3%B...
  Found 9 media items
[552/589] Processing: https://arthackday.tumblr.com/post/80537955188/david-huerta-...
  Found 5 media items
[553/589] Processing: https://arthackday.tumblr.com/post/80990818011/budhaditya-ch...
  Found 4 media items
[554/589] Processing: https://arthackday.tumblr.com/post/80991389660/marco-donnaru...
  Found 5 media items
[555/589] Processing: https://arthackday.tumblr.com/post/80993595877/dani-ploeger-...
  Found 6 media items
[556/589] Processing: https://arthackday.tumblr.com/post/81001594303/tomoya-watana...
  Found 8 media items
[557/589] Processing: https://arthackday.tumblr.com/post/81002511515/katerina-undo...
  Found 7 media items
[558/589] Processing: https://arthackday.tumblr.com/post/81003692701/justin-blinde...
  Found 4 media items
[559/589] Processing: https://arthackday.tumblr.com/post/81004476909/nicklas-marel...
  Found 2 media items
[560/589] Processing: https://arthackday.tumblr.com/post/81005823435/tina-tonagel-...
  Found 4 media items
[561/589] Processing: https://arthackday.tumblr.com/post/81006345984/exonemo-exone...
  Found 5 media items
[562/589] Processing: https://arthackday.tumblr.com/post/81007425242/wolfgang-spah...
  Found 4 media items
[563/589] Processing: https://arthackday.tumblr.com/post/81017460196/helga-wretman...
  Found 4 media items
[564/589] Processing: https://arthackday.tumblr.com/post/81018334694/jonah-brucker...
  Found 12 media items
[565/589] Processing: https://arthackday.tumblr.com/post/81020583558/quin-kennedy-...
  Found 4 media items
[566/589] Processing: https://arthackday.tumblr.com/post/81021382072/nancy-mauro-f...
  Found 3 media items
[567/589] Processing: https://arthackday.tumblr.com/post/81021855608/rosa-menkman-...
  Found 5 media items
[568/589] Processing: https://arthackday.tumblr.com/post/81022688901/annie-goh-pau...
  Found 6 media items
[569/589] Processing: https://arthackday.tumblr.com/post/81025742744/jana-linke-ka...
  Found 5 media items
[570/589] Processing: https://arthackday.tumblr.com/post/81026378653/robert-b%C3%B...
  Found 7 media items
[571/589] Processing: https://arthackday.tumblr.com/post/81026938382/saso-sedlacek...
  Found 4 media items
[572/589] Processing: https://arthackday.tumblr.com/post/81042038396/bernhard-garn...
  Found 4 media items
[573/589] Processing: https://arthackday.tumblr.com/post/81234614679/alma-alloro-a...
  Found 18 media items
[574/589] Processing: https://arthackday.tumblr.com/post/81235588058/dennis-de-bel...
  Found 6 media items
[575/589] Processing: https://arthackday.tumblr.com/post/81236382944/amir-tanne-ts...
  Found 6 media items
[576/589] Processing: https://arthackday.tumblr.com/post/81238005551/astrovandalis...
  Found 5 media items
[577/589] Processing: https://arthackday.tumblr.com/post/81239262788/fabien-artal-...
  Found 5 media items
[578/589] Processing: https://arthackday.tumblr.com/post/81239899867/mario-de-vega...
  Found 7 media items
[579/589] Processing: https://arthackday.tumblr.com/post/81240536487/yuko-mohri-ur...
  Found 9 media items
[580/589] Processing: https://arthackday.tumblr.com/post/81241259689/forrest-oliph...
  Found 2 media items
[581/589] Processing: https://arthackday.tumblr.com/post/81242865145/arthur-tres-t...
  Found 4 media items
[582/589] Processing: https://arthackday.tumblr.com/post/81243623619/bengt-sj%C3%B...
  Found 4 media items
[583/589] Processing: https://arthackday.tumblr.com/post/81244013783/philipp-ronne...
  Found 5 media items
[584/589] Processing: https://arthackday.tumblr.com/post/81244877774/niko-princen-...
  Found 2 media items
[585/589] Processing: https://arthackday.tumblr.com/post/81245191586/emilie-gervai...
  Found 8 media items
[586/589] Processing: https://arthackday.tumblr.com/post/81247360939/sunlay-almeid...
  Found 10 media items
[587/589] Processing: https://arthackday.tumblr.com/post/81257245314/sabrina-baste...
  Found 17 media items
[588/589] Processing: https://arthackday.tumblr.com/post/81258451403/hannes-hoelzl...
  Found 12 media items
[589/589] Processing: https://arthackday.tumblr.com/post/91382229449/art-hack-day-...
  Found 6 media items

Found 2164 unique media items total
------------------------------------------------------------

[1/2164] image: https://64.media.tumblr.com/0193f5a58b0a16dbf7c9646365117ceb/697351b03...
  ✓ Saved (0.8 KB)
[2/2164] image: https://64.media.tumblr.com/01f4611978dc5749247ed93480ea1aba/tumblr_my...
  Already exists, skipping...
[3/2164] image: https://64.media.tumblr.com/01faac9156863473095c7900c3abdeb1/5a7b38058...
  ✓ Saved (0.6 KB)
[4/2164] image: https://64.media.tumblr.com/023dc171f62b70921d197f4f62708a91/tumblr_mj...
  ✓ Saved (70.8 KB)
[5/2164] image: https://64.media.tumblr.com/03016e770257014fab088f158f08aad5/8c4f8e0e2...
  ✓ Saved (0.6 KB)
[6/2164] image: https://64.media.tumblr.com/03183d19c57191bcafa7f1b749a89183/tumblr_mf...
  ✓ Saved (329.1 KB)
[7/2164] image: https://64.media.tumblr.com/04909758bea2b9230d467ca38c5cd1b3/tumblr_mf...
  ✓ Saved (295.5 KB)
[8/2164] image: https://64.media.tumblr.com/0529e8668efdcca9dc49903f9c378417/tumblr_ml...
  ✓ Saved (281.4 KB)
[9/2164] image: https://64.media.tumblr.com/08913942eb3b8ef087d5acd640cb26d3/tumblr_mw...
  Already exists, skipping...
[10/2164] image: https://64.media.tumblr.com/08c77317582a373578225529d98be90e/506e9626b...
  ✓ Saved (0.7 KB)
[11/2164] image: https://64.media.tumblr.com/0ac5de0b953019d0797f05487712c6ed/8fae8c06a...
  ✓ Saved (0.6 KB)
[12/2164] image: https://64.media.tumblr.com/0ba5275b48de6400eb1e9624fa08a000/tumblr_mj...
  ✓ Saved (184.4 KB)
[13/2164] image: https://64.media.tumblr.com/0c4ceed71896ef54adbec4edf64d3e1c/tumblr_mf...
  ✓ Saved (94.3 KB)
[14/2164] image: https://64.media.tumblr.com/0f9a5511dd09b803a0af503c61aacc58/tumblr_mj...
  ✓ Saved (104.9 KB)
[15/2164] image: https://64.media.tumblr.com/0fe4bfae2d539ab90dd911004eeb1756/272341926...
  ✓ Saved (0.5 KB)
[16/2164] image: https://64.media.tumblr.com/101ce24d6c41896fc0f33d36e80316ad/tumblr_n3...
  Already exists, skipping...
[17/2164] image: https://64.media.tumblr.com/113491a346371e1ee63ceb0ee290845d/tumblr_mf...
  ✓ Saved (275.0 KB)
[18/2164] image: https://64.media.tumblr.com/12259a5c1b39fac471c5c8305489970f/6d88307cd...
  ✓ Saved (0.6 KB)
[19/2164] image: https://64.media.tumblr.com/1281ddaa911a6d866fb0ffb529755f67/tumblr_mj...
  ✓ Saved (539.5 KB)
[20/2164] image: https://64.media.tumblr.com/12a3a1eac50c6f71741da102a8075003/tumblr_mx...
  Already exists, skipping...
[21/2164] image: https://64.media.tumblr.com/1403bd33e2243d4f8696254e46af5269/7fc302cda...
  Already exists, skipping...
[22/2164] image: https://64.media.tumblr.com/1444312d22cacabdcbaeec075b389527/b2a171196...
  ✓ Saved (0.7 KB)
[23/2164] image: https://64.media.tumblr.com/15b1d04e964a4a797149e7ff461b3f13/tumblr_mj...
  ✓ Saved (312.8 KB)
[24/2164] image: https://64.media.tumblr.com/172ecd177501c347be50dbe02b4f88de/tumblr_mf...
  ✓ Saved (373.5 KB)
[25/2164] image: https://64.media.tumblr.com/17e876c81900c29e515482253fac30e2/tumblr_ml...
  ✓ Saved (54.4 KB)
[26/2164] image: https://64.media.tumblr.com/1843b60b92f349f892676eff0f75e6ca/tumblr_ml...
  ✓ Saved (94.7 KB)
[27/2164] image: https://64.media.tumblr.com/1b43a20936c0a658bc36a93ebe87f8cd/tumblr_mf...
  ✓ Saved (298.0 KB)
[28/2164] image: https://64.media.tumblr.com/1cb6e905ee53d688cd9e25285f7daae3/tumblr_ml...
  ✓ Saved (362.9 KB)
[29/2164] image: https://64.media.tumblr.com/1e3faf5483ab84e8d135877c7a1265a6/tumblr_mj...
  ✓ Saved (58.2 KB)
[30/2164] image: https://64.media.tumblr.com/1f4b59cf85d40ea50d6cbcfeccaa400a/tumblr_mj...
  ✓ Saved (1656.0 KB)
[31/2164] image: https://64.media.tumblr.com/2308de90b23f2074c59b91f6dfe0323c/tumblr_mj...
  ✓ Saved (412.3 KB)
[32/2164] image: https://64.media.tumblr.com/23f2628ee237fdc65c00806785359dea/tumblr_ml...
  ✓ Saved (333.7 KB)
[33/2164] image: https://64.media.tumblr.com/242f2fe07812c193225560ed1c9c17fd/tumblr_mf...
  ✓ Saved (169.6 KB)
[34/2164] image: https://64.media.tumblr.com/2581c4543e0ab1e348d1edc76c01d3d6/8bbcf7e70...
  ✓ Saved (0.5 KB)
[35/2164] image: https://64.media.tumblr.com/274e7fbd0b8147718f676fc5160dec4f/tumblr_mj...
  ✓ Saved (144.7 KB)
[36/2164] image: https://64.media.tumblr.com/2860280e44add05eaffa6e1ccf4a10bf/tumblr_mf...
  ✓ Saved (387.4 KB)
[37/2164] image: https://64.media.tumblr.com/28f54ecb19428def9f2d6572c71f8cb3/tumblr_mj...
  ✓ Saved (521.4 KB)
[38/2164] image: https://64.media.tumblr.com/2a79037c35d3aecf27b7a91b22f74393/tumblr_n3...
  Already exists, skipping...
[39/2164] image: https://64.media.tumblr.com/2a833382e2c7bc7341ecb18edd8aeeb3/tumblr_mm...
  ✓ Saved (2275.9 KB)
[40/2164] image: https://64.media.tumblr.com/2bb8e933932b883a58cfdd4027f7c22a/tumblr_ml...
  ✓ Saved (121.9 KB)
[41/2164] image: https://64.media.tumblr.com/2c3d9003c3b7d84b5a236c9f53dfd5ed/bcee23245...
  ✓ Saved (1.1 KB)
[42/2164] image: https://64.media.tumblr.com/2c924e4e386bcec755119e722139ef17/tumblr_ml...
  ✓ Saved (79.7 KB)
[43/2164] image: https://64.media.tumblr.com/2f558bf8229376b6c98caabed90260b0/tumblr_mi...
  ✓ Saved (396.8 KB)
[44/2164] image: https://64.media.tumblr.com/3031d1171a4525a6f9a8992e9f40676e/tumblr_ml...
  ✓ Saved (286.3 KB)
[45/2164] image: https://64.media.tumblr.com/319b4604ca70ef66ccab5f289f6fdfcd/tumblr_mf...
  ✓ Saved (281.5 KB)
[46/2164] image: https://64.media.tumblr.com/32b299c2bd188ecd98506c242a403b3f/0b16760f5...
  ✓ Saved (0.8 KB)
[47/2164] image: https://64.media.tumblr.com/32e7422add9b9c6b7c0f9701e5014eca/tumblr_mf...
  ✓ Saved (87.0 KB)
[48/2164] image: https://64.media.tumblr.com/35ea5ef1509355d311f68c5f323e59d6/tumblr_n3...
  Already exists, skipping...
[49/2164] image: https://64.media.tumblr.com/35f17a32380ad1ccec9445446bee96c1/bdd34a063...
  ✓ Saved (0.6 KB)
[50/2164] image: https://64.media.tumblr.com/36c69428e03d36d05079c710d0847507/912459b1c...
  Already exists, skipping...
[51/2164] image: https://64.media.tumblr.com/372827763c3970776cc32fe4436eb1e3/tumblr_mi...
  ✓ Saved (535.5 KB)
[52/2164] image: https://64.media.tumblr.com/375be32f7889b0bd96d74ea3ca1767ab/77bbfe3cb...
  Already exists, skipping...
[53/2164] image: https://64.media.tumblr.com/385f15a62d201150d40e400eb4e8f8d2/2f61f2dfc...
  ✓ Saved (0.5 KB)
[54/2164] image: https://64.media.tumblr.com/395d11db85be54dba1e52596f02b513f/tumblr_mf...
  ✓ Saved (269.0 KB)
[55/2164] image: https://64.media.tumblr.com/3a001254dc18a6ea838a7cebead0d3f2/tumblr_mu...
  ✓ Saved (30.5 KB)
[56/2164] image: https://64.media.tumblr.com/3c3e6685a71f5c3cfbc07a0f91ba036e/tumblr_mg...
  ✓ Saved (540.0 KB)
[57/2164] image: https://64.media.tumblr.com/3cbce4de81095d6c518d47e8a10f9b87/e5fcc14d0...
  ✓ Saved (1.2 KB)
[58/2164] image: https://64.media.tumblr.com/3cc2367b913aa996084d99dcdd25ddc4/6db7b1711...
  ✓ Saved (0.7 KB)
[59/2164] image: https://64.media.tumblr.com/3f5441a91e504a51e4b15a0b62d09f9a/tumblr_ml...
  ✓ Saved (65.6 KB)
[60/2164] image: https://64.media.tumblr.com/3f9a02e26866bb3e92457cbafefe7d92/tumblr_mf...
  ✓ Saved (347.4 KB)
[61/2164] image: https://64.media.tumblr.com/3fa603b77c9718b09095ae0d1f24c07a/f9223154f...
  Already exists, skipping...
[62/2164] image: https://64.media.tumblr.com/3fb0b0fa997876178b27ad2f6789687b/6701a1954...
  ✓ Saved (0.6 KB)
[63/2164] image: https://64.media.tumblr.com/4053cd0d3802590978e543bf749c8fae/tumblr_mj...
  ✓ Saved (271.4 KB)
[64/2164] image: https://64.media.tumblr.com/408852a24cc94efff8eb27fb58b970c4/tumblr_mj...
  ✓ Saved (632.7 KB)
[65/2164] image: https://64.media.tumblr.com/40c4a0cccb5271f8246e3ea8b8f47e2e/tumblr_n3...
  Already exists, skipping...
[66/2164] image: https://64.media.tumblr.com/41af8ebc785799d2df33fbf95bbbeba2/tumblr_mf...
  ✓ Saved (269.6 KB)
[67/2164] image: https://64.media.tumblr.com/449000d8f89e1e4244375045beda45f7/tumblr_mf...
  ✓ Saved (32.8 KB)
[68/2164] image: https://64.media.tumblr.com/46409b28a73dbed583ee35bd0d062d71/tumblr_mk...
  ✓ Saved (562.8 KB)
[69/2164] image: https://64.media.tumblr.com/46683471cf5c60a4f2f32fc1cbf5ef03/f9b9be739...
  ✓ Saved (0.7 KB)
[70/2164] image: https://64.media.tumblr.com/46be529db0012d92cd2dfa4843250fdd/tumblr_ml...
  ✓ Saved (54.0 KB)
[71/2164] image: https://64.media.tumblr.com/470f3bb73aa7e5056b1a0f123815094c/tumblr_ml...
  ✓ Saved (100.7 KB)
[72/2164] image: https://64.media.tumblr.com/471b0dbd710f64af193aeeaa3db67a03/tumblr_mf...
  ✓ Saved (363.4 KB)
[73/2164] image: https://64.media.tumblr.com/4799465b296b501db49547027510dbaf/tumblr_mf...
  ✓ Saved (355.4 KB)
[74/2164] image: https://64.media.tumblr.com/47f69edf8e9688709924b8c493a2d7e3/tumblr_ml...
  ✓ Saved (100.8 KB)
[75/2164] image: https://64.media.tumblr.com/49151916edbf5106a5cc6af7fb65ab04/tumblr_mf...
  ✓ Saved (95.4 KB)
[76/2164] image: https://64.media.tumblr.com/4939d43a0701f063b8da01ebf8461cf8/4375173b6...
  ✓ Saved (0.5 KB)
[77/2164] image: https://64.media.tumblr.com/4c16152577c26c1e420878b0c6645438/tumblr_mf...
  ✓ Saved (295.2 KB)
[78/2164] image: https://64.media.tumblr.com/4f2fdface5c046e11a87f9d994c608c9/tumblr_ml...
  ✓ Saved (335.5 KB)
[79/2164] image: https://64.media.tumblr.com/5137be5a5adf03c47ce7e3c2ad0e84ed/tumblr_mf...
  ✓ Saved (85.1 KB)
[80/2164] image: https://64.media.tumblr.com/51525640bd0ed4faac5853af85ab0925/tumblr_mg...
  ✓ Saved (272.7 KB)
[81/2164] image: https://64.media.tumblr.com/515523bfa4421dc1f9b08a40b725a4d4/tumblr_mw...
  Already exists, skipping...
[82/2164] image: https://64.media.tumblr.com/51c0593694f45852edec49af9cc46863/tumblr_mj...
  ✓ Saved (187.7 KB)
[83/2164] image: https://64.media.tumblr.com/5268d45029b78ffa4586650d98a71083/fe5320e6a...
  Already exists, skipping...
[84/2164] image: https://64.media.tumblr.com/52e0384c7586f0923c6ed366a750899c/tumblr_ml...
  ✓ Saved (530.8 KB)
[85/2164] image: https://64.media.tumblr.com/535ff6e3b07d488ed46b68223426b8ea/tumblr_n3...
  Already exists, skipping...
[86/2164] image: https://64.media.tumblr.com/53d9176f49fa90fed77c99441f614c54/tumblr_mj...
  ✓ Saved (320.0 KB)
[87/2164] image: https://64.media.tumblr.com/57c676bedb89dfa21d320a165c7c069c/tumblr_mj...
  ✓ Saved (395.5 KB)
[88/2164] image: https://64.media.tumblr.com/583532d816688440f61eff9cba8dc52d/86b86b9c4...
  Already exists, skipping...
[89/2164] image: https://64.media.tumblr.com/595bf9bac611b3615b56279b68920ebf/tumblr_mf...
  ✓ Saved (318.3 KB)
[90/2164] image: https://64.media.tumblr.com/5a9768b4029e7aa46f474447898d1e72/42db45650...
  ✓ Saved (0.6 KB)
[91/2164] image: https://64.media.tumblr.com/5b20231fd92e6fc337363f3df1e0a810/tumblr_mi...
  ✓ Saved (317.4 KB)
[92/2164] image: https://64.media.tumblr.com/5df90f271fad0509d2c84d05e7a9098f/tumblr_ml...
  ✓ Saved (81.5 KB)
[93/2164] image: https://64.media.tumblr.com/5e47f3402c17e2aea10c13f93d9f5de3/tumblr_mf...
  ✓ Saved (511.4 KB)
[94/2164] image: https://64.media.tumblr.com/5f4ffdc41cdd5879f9ae39d076472180/tumblr_mm...
  ✓ Saved (2773.3 KB)
[95/2164] image: https://64.media.tumblr.com/603830b9b7a206056b06e03d6231cebc/tumblr_mf...
  ✓ Saved (36.6 KB)
[96/2164] image: https://64.media.tumblr.com/60ec5872e47d7f1465bc1f8f2ff7c1c4/tumblr_ml...
  ✓ Saved (116.7 KB)
[97/2164] image: https://64.media.tumblr.com/622839fc132a19c520508f05e6aaa27f/tumblr_mw...
  Already exists, skipping...
[98/2164] image: https://64.media.tumblr.com/63608e4cd1c137694f6d805b3588f701/tumblr_ml...
  ✓ Saved (64.5 KB)
[99/2164] image: https://64.media.tumblr.com/65feea16d97b851e55a37ac5c5f7826e/tumblr_n0...
  Already exists, skipping...
[100/2164] image: https://64.media.tumblr.com/6629c924329f2a65f6914e5a0fc12c25/tumblr_ml...
  ✓ Saved (3.0 KB)
[101/2164] image: https://64.media.tumblr.com/66c3cc685f8b0e01dd667907c5aded37/tumblr_mf...
  ✓ Saved (96.4 KB)
[102/2164] image: https://64.media.tumblr.com/6841f1b7f77f618d0c6e3386b5d45754/tumblr_mx...
  Already exists, skipping...
[103/2164] image: https://64.media.tumblr.com/68dc54276059a8e8b7e4d41e31ada0fd/b08b343ca...
  ✓ Saved (0.6 KB)
[104/2164] image: https://64.media.tumblr.com/68f8d022e2044d364c30b63ccf39bbd7/tumblr_mf...
  ✓ Saved (339.7 KB)
[105/2164] image: https://64.media.tumblr.com/6a35e89d796a061a1c390ac87cacdd09/tumblr_mf...
  ✓ Saved (313.5 KB)
[106/2164] image: https://64.media.tumblr.com/6a76940d52a70664163655b6ea82d106/tumblr_mx...
  Already exists, skipping...
[107/2164] image: https://64.media.tumblr.com/6b26eceeafe931dea2bae23aba0f6585/tumblr_mu...
  Already exists, skipping...
[108/2164] image: https://64.media.tumblr.com/6b6524721a7587e9d3444b32fb7f5853/tumblr_ml...
  ✓ Saved (73.7 KB)
[109/2164] image: https://64.media.tumblr.com/6d8ffeec7692f915c5652973e144d8ba/tumblr_mf...
  ✓ Saved (140.0 KB)
[110/2164] image: https://64.media.tumblr.com/6daffdd5a3e76486081f62ff4c91a5b5/tumblr_mj...
  ✓ Saved (427.3 KB)
[111/2164] image: https://64.media.tumblr.com/6e00c305d9e580d6968c9f61ec70e76d/tumblr_ml...
  ✓ Saved (187.7 KB)
[112/2164] image: https://64.media.tumblr.com/6e2b405788d878d3e5b7d9765830115f/tumblr_mj...
  ✓ Saved (39.8 KB)
[113/2164] image: https://64.media.tumblr.com/6f61521c58d8fb286be4aca29e9cb1fa/tumblr_mf...
  ✓ Saved (1033.8 KB)
[114/2164] image: https://64.media.tumblr.com/7069a69cf1e3c40b835d138cb00af1c8/tumblr_mu...
  Already exists, skipping...
[115/2164] image: https://64.media.tumblr.com/7207716b8693d43d29fd3cad711440af/tumblr_ml...
  ✓ Saved (151.8 KB)
[116/2164] image: https://64.media.tumblr.com/7546ec50322f02a9f70ffeecfc121562/tumblr_mf...
  ✓ Saved (323.7 KB)
[117/2164] image: https://64.media.tumblr.com/76c6c5b1d08aa76cca09e4103f27632d/tumblr_mf...
  ✓ Saved (300.1 KB)
[118/2164] image: https://64.media.tumblr.com/7903b06ccb930660d1050e7614b190ce/tumblr_mf...
  ✓ Saved (290.0 KB)
[119/2164] image: https://64.media.tumblr.com/7dd8f15aacab078b5aa72b9aff615aa3/988756d71...
  Already exists, skipping...
[120/2164] image: https://64.media.tumblr.com/7eec37d9f40165d7443c9d9e9d36f596/2b0267729...
  ✓ Saved (0.6 KB)
[121/2164] image: https://64.media.tumblr.com/8027778fcd07458ad17bcae2d3ee9f96/85e50fcdb...
  ✓ Saved (0.6 KB)
[122/2164] image: https://64.media.tumblr.com/80d74b7253ea14ab8e89d2b9747c5cde/tumblr_n0...
  Already exists, skipping...
[123/2164] image: https://64.media.tumblr.com/8162204fd3c07f91868d3cb8515b892d/tumblr_mj...
  ✓ Saved (90.7 KB)
[124/2164] image: https://64.media.tumblr.com/82706be4d26e21b2766be502a204de8f/tumblr_n8...
  Already exists, skipping...
[125/2164] image: https://64.media.tumblr.com/8324245958bff2e92ad77f3d7fd25041/17f14bba6...
  Already exists, skipping...
[126/2164] image: https://64.media.tumblr.com/832eea62899929db2c5e91d15e8a476c/15632a767...
  ✓ Saved (0.5 KB)
[127/2164] image: https://64.media.tumblr.com/83b6ff36cf3de23747f8e6d5ee74ca37/tumblr_mj...
  ✓ Saved (361.0 KB)
[128/2164] image: https://64.media.tumblr.com/83cf64ce2bbc30c1886166ade097a600/tumblr_mm...
  ✓ Saved (185.4 KB)
[129/2164] image: https://64.media.tumblr.com/83eeb27184ce0059362d2d8b4735b0e4/tumblr_mj...
  ✓ Saved (293.0 KB)
[130/2164] image: https://64.media.tumblr.com/83f6ffadeb9cf8ce0c201579854558b1/tumblr_mf...
  ✓ Saved (423.2 KB)
[131/2164] image: https://64.media.tumblr.com/8638b6eb7f28f34a56a9436fa0906855/tumblr_ml...
  ✓ Saved (198.5 KB)
[132/2164] image: https://64.media.tumblr.com/878b97b5a1c59aa49939faabe3194991/tumblr_mj...
  ✓ Saved (318.3 KB)
[133/2164] image: https://64.media.tumblr.com/87acb94321644ae520b60183f45ff16b/tumblr_mf...
  ✓ Saved (305.1 KB)
[134/2164] image: https://64.media.tumblr.com/87f08b98d8896241f53e88d8e6686459/tumblr_mf...
  ✓ Saved (347.4 KB)
[135/2164] image: https://64.media.tumblr.com/88ced473c3874f73c164e5bebf964ed3/tumblr_mu...
  Already exists, skipping...
[136/2164] image: https://64.media.tumblr.com/8b3f62cad83f049abc271a22b48e74da/c280517ab...
  ✓ Saved (0.7 KB)
[137/2164] image: https://64.media.tumblr.com/8babae66525484769919bfb26102fb7e/tumblr_mj...
  ✓ Saved (390.0 KB)
[138/2164] image: https://64.media.tumblr.com/8daaaf7b0d2d43418826e81c53481c64/cf05005b7...
  ✓ Saved (0.7 KB)
[139/2164] image: https://64.media.tumblr.com/8df2c7c66b6cc6468515145e3f07429b/tumblr_mh...
  ✓ Saved (111.4 KB)
[140/2164] image: https://64.media.tumblr.com/8e5630a6bb27018a57b66c1baa6996cf/tumblr_ml...
  ✓ Saved (207.7 KB)
[141/2164] image: https://64.media.tumblr.com/8f2538b3e58285db3f649b4bd644dc8c/f04941d5e...
  ✓ Saved (0.8 KB)
[142/2164] image: https://64.media.tumblr.com/8f57e89c664a764e4d6926a8e1a7e222/tumblr_mf...
  ✓ Saved (297.8 KB)
[143/2164] image: https://64.media.tumblr.com/908dbb5efa44000e583b0c946665ac0d/tumblr_mu...
  Already exists, skipping...
[144/2164] image: https://64.media.tumblr.com/91abf2eae53aee102c93272f91480871/tumblr_ml...
  ✓ Saved (86.8 KB)
[145/2164] image: https://64.media.tumblr.com/9331253cf31901aae256ec82f9b2b1a3/e564d8b92...
  ✓ Saved (1.1 KB)
[146/2164] image: https://64.media.tumblr.com/93ce4b3382f90337b12b2c9b1ad735fa/tumblr_mf...
  ✓ Saved (56.8 KB)
[147/2164] image: https://64.media.tumblr.com/94a48de6c563b954d31728615272b794/tumblr_ml...
  ✓ Saved (209.9 KB)
[148/2164] image: https://64.media.tumblr.com/95a70b575b431bb76c22d98562223908/tumblr_mj...
  ✓ Saved (264.0 KB)
[149/2164] image: https://64.media.tumblr.com/961760a353844ce841215a2ed9689c77/tumblr_n3...
  Already exists, skipping...
[150/2164] image: https://64.media.tumblr.com/980500190a157198dbec27cfeb99c039/c1a608a4c...
  ✓ Saved (0.6 KB)
[151/2164] image: https://64.media.tumblr.com/985e01fd3b0bd1e03f00587d2c1b8d31/tumblr_mf...
  ✓ Saved (328.3 KB)
[152/2164] image: https://64.media.tumblr.com/9a3eb6dd7b49612ccf5ec28cbbdb6fe7/666796e64...
  Already exists, skipping...
[153/2164] image: https://64.media.tumblr.com/9ab21f9482ec6c7a1a92260d7ff12bac/tumblr_mj...
  ✓ Saved (212.7 KB)
[154/2164] image: https://64.media.tumblr.com/9ab3479223ed1ef61a5e08990dd1af66/tumblr_mf...
  ✓ Saved (310.0 KB)
[155/2164] image: https://64.media.tumblr.com/9b21443b1368068d70a2b6c5ba8142fd/tumblr_mj...
  ✓ Saved (282.0 KB)
[156/2164] image: https://64.media.tumblr.com/9c0225c4333e40d2ab78ebc7f4adfb30/0ffe1daac...
  Already exists, skipping...
[157/2164] image: https://64.media.tumblr.com/9c680ca700766456fbeadb178e64f40f/tumblr_mi...
  ✓ Saved (335.8 KB)
[158/2164] image: https://64.media.tumblr.com/9e23294fcff67e7c7f5bdc111cc61a3a/tumblr_mj...
  ✓ Saved (72.2 KB)
[159/2164] image: https://64.media.tumblr.com/9f59a36f611354cca8cbcb5afcc28d4b/tumblr_mf...
  ✓ Saved (33.6 KB)
[160/2164] image: https://64.media.tumblr.com/a22ed3203e2c64c0c6d0c9c987588527/1c5ce85da...
  Already exists, skipping...
[161/2164] image: https://64.media.tumblr.com/a243c8eb677f3e41fbfe730ee19bcabb/edae95b00...
  ✓ Saved (0.7 KB)
[162/2164] image: https://64.media.tumblr.com/a2898137aa18babfde6ea7701943ade1/tumblr_mj...
  ✓ Saved (409.5 KB)
[163/2164] image: https://64.media.tumblr.com/a3a69702ae3ab3c0e722299bc5a7fb47/tumblr_mw...
  Already exists, skipping...
[164/2164] image: https://64.media.tumblr.com/a56cce05d52eb00e27df2adbfc12eca0/ec3fcec2e...
  ✓ Saved (0.8 KB)
[165/2164] image: https://64.media.tumblr.com/a58bfc2855b10bc5ffaa486a5e2890bd/tumblr_mj...
  ✓ Saved (292.5 KB)
[166/2164] image: https://64.media.tumblr.com/a80c728a11eb3e702a8fca590f0e4b02/tumblr_ml...
  ✓ Saved (203.1 KB)
[167/2164] image: https://64.media.tumblr.com/a86f3148f4c35d28d198b3e1264290c1/40b731dac...
  ✓ Saved (0.7 KB)
[168/2164] image: https://64.media.tumblr.com/a8d0fb776130a65c90dd28f01466f057/tumblr_mf...
  ✓ Saved (305.1 KB)
[169/2164] image: https://64.media.tumblr.com/a95353155b698d5c59beb67e2ac2d0cc/tumblr_n3...
  Already exists, skipping...
[170/2164] image: https://64.media.tumblr.com/abdca999284849b2e4eae435030d2de4/tumblr_mf...
  ✓ Saved (303.9 KB)
[171/2164] image: https://64.media.tumblr.com/ac72458b20f12aa6ece743ca0611bc18/17c08e121...
  ✓ Saved (0.7 KB)
[172/2164] image: https://64.media.tumblr.com/aca1060bd26eb7467c132b3be13e8a7e/tumblr_mf...
  ✓ Saved (370.6 KB)
[173/2164] image: https://64.media.tumblr.com/ad94f4fb666cecd61c9961e6cac366ae/tumblr_mf...
  ✓ Saved (84.9 KB)
[174/2164] image: https://64.media.tumblr.com/adb3d74ad69c89746340136ec5a35452/tumblr_ml...
  ✓ Saved (428.6 KB)
[175/2164] image: https://64.media.tumblr.com/adc8d01e4fa407920c4d139b27c15801/tumblr_mi...
  ✓ Saved (287.8 KB)
[176/2164] image: https://64.media.tumblr.com/avatar_00025395c658_16.pnj...
  ✓ Saved (0.4 KB)
[177/2164] image: https://64.media.tumblr.com/avatar_010d77195f46_16.pnj...
  Already exists, skipping...
[178/2164] image: https://64.media.tumblr.com/avatar_026cb3d0aaf0_16.pnj...
  Already exists, skipping...
[179/2164] image: https://64.media.tumblr.com/avatar_02b58542eddc_16.pnj...
  Already exists, skipping...
[180/2164] image: https://64.media.tumblr.com/avatar_02bcb3255d9c_16.pnj...
  Already exists, skipping...
[181/2164] image: https://64.media.tumblr.com/avatar_02d820ccb75b_16.pnj...
  ✓ Saved (0.6 KB)
[182/2164] image: https://64.media.tumblr.com/avatar_04fe78bd9f44_16.pnj...
  Already exists, skipping...
[183/2164] image: https://64.media.tumblr.com/avatar_0593d0065c28_16.pnj...
  Already exists, skipping...
[184/2164] image: https://64.media.tumblr.com/avatar_05ab8babeaf2_16.pnj...
  Already exists, skipping...
[185/2164] image: https://64.media.tumblr.com/avatar_0613b7d9c9e3_16.pnj...
  ✓ Saved (0.6 KB)
[186/2164] image: https://64.media.tumblr.com/avatar_06cdfad72096_16.pnj...
  Already exists, skipping...
[187/2164] image: https://64.media.tumblr.com/avatar_06d946e34bbf_16.pnj...
  Already exists, skipping...
[188/2164] image: https://64.media.tumblr.com/avatar_08a0f150e313_16.pnj...
  Already exists, skipping...
[189/2164] image: https://64.media.tumblr.com/avatar_091f888906a8_16.pnj...
  ✓ Saved (0.5 KB)
[190/2164] image: https://64.media.tumblr.com/avatar_0976c9b061ac_16.pnj...
  ✓ Saved (0.6 KB)
[191/2164] image: https://64.media.tumblr.com/avatar_0a860b14db0c_16.pnj...
  ✓ Saved (0.4 KB)
[192/2164] image: https://64.media.tumblr.com/avatar_0c2545a7185a_16.pnj...
  ✓ Saved (0.7 KB)
[193/2164] image: https://64.media.tumblr.com/avatar_0d99c3eabeab_16.pnj...
  ✓ Saved (0.7 KB)
[194/2164] image: https://64.media.tumblr.com/avatar_0dac05caa8b4_16.pnj...
  Already exists, skipping...
[195/2164] image: https://64.media.tumblr.com/avatar_0e249efa48b7_16.pnj...
  ✓ Saved (0.7 KB)
[196/2164] image: https://64.media.tumblr.com/avatar_0e9f0fd51187_16.pnj...
  ✓ Saved (0.6 KB)
[197/2164] image: https://64.media.tumblr.com/avatar_0ed0e83e9871_16.pnj...
  ✓ Saved (0.6 KB)
[198/2164] image: https://64.media.tumblr.com/avatar_0ee8d967eb80_16.pnj...
  Already exists, skipping...
[199/2164] image: https://64.media.tumblr.com/avatar_0eff1352d392_16.pnj...
  ✓ Saved (0.6 KB)
[200/2164] image: https://64.media.tumblr.com/avatar_0f20031bd3d3_16.pnj...
  Already exists, skipping...
[201/2164] image: https://64.media.tumblr.com/avatar_0f3993ab1816_16.pnj...
  ✓ Saved (0.6 KB)
[202/2164] image: https://64.media.tumblr.com/avatar_0f454b19287b_16.pnj...
  ✓ Saved (0.7 KB)
[203/2164] image: https://64.media.tumblr.com/avatar_0f60a935aafc_16.pnj...
  Already exists, skipping...
[204/2164] image: https://64.media.tumblr.com/avatar_0fe2ac8aff68_16.pnj...
  ✓ Saved (0.6 KB)
[205/2164] image: https://64.media.tumblr.com/avatar_10994bad7049_16.pnj...
  ✓ Saved (0.7 KB)
[206/2164] image: https://64.media.tumblr.com/avatar_11025c6b15ed_16.pnj...
  ✓ Saved (0.7 KB)
[207/2164] image: https://64.media.tumblr.com/avatar_1104ea301d66_16.pnj...
  ✓ Saved (0.5 KB)
[208/2164] image: https://64.media.tumblr.com/avatar_1132b29c2f6d_16.pnj...
  Already exists, skipping...
[209/2164] image: https://64.media.tumblr.com/avatar_1228eda28d1e_16.pnj...
  Already exists, skipping...
[210/2164] image: https://64.media.tumblr.com/avatar_12852d693343_16.pnj...
  Already exists, skipping...
[211/2164] image: https://64.media.tumblr.com/avatar_13091aaad333_16.pnj...
  Already exists, skipping...
[212/2164] image: https://64.media.tumblr.com/avatar_134e67ef50e8_16.pnj...
  ✓ Saved (0.5 KB)
[213/2164] image: https://64.media.tumblr.com/avatar_13bc05477fd2_16.pnj...
  Already exists, skipping...
[214/2164] image: https://64.media.tumblr.com/avatar_1454fd614d04_16.pnj...
  ✓ Saved (0.6 KB)
[215/2164] image: https://64.media.tumblr.com/avatar_1458c434caf2_16.pnj...
  ✓ Saved (0.4 KB)
[216/2164] image: https://64.media.tumblr.com/avatar_14f5a35a560e_16.pnj...
  ✓ Saved (0.7 KB)
[217/2164] image: https://64.media.tumblr.com/avatar_1539bf37a37f_16.pnj...
  ✓ Saved (0.5 KB)
[218/2164] image: https://64.media.tumblr.com/avatar_15d17c1a40ee_16.pnj...
  ✓ Saved (0.5 KB)
[219/2164] image: https://64.media.tumblr.com/avatar_16ed6a449708_16.pnj...
  Already exists, skipping...
[220/2164] image: https://64.media.tumblr.com/avatar_172c7f29c966_16.pnj...
  ✓ Saved (0.6 KB)
[221/2164] image: https://64.media.tumblr.com/avatar_174708fe7e25_16.pnj...
  ✓ Saved (0.7 KB)
[222/2164] image: https://64.media.tumblr.com/avatar_179d46ca5af0_16.pnj...
  ✓ Saved (0.5 KB)
[223/2164] image: https://64.media.tumblr.com/avatar_186a39a3239c_16.pnj...
  ✓ Saved (0.5 KB)
[224/2164] image: https://64.media.tumblr.com/avatar_1920309ac484_16.pnj...
  ✓ Saved (0.9 KB)
[225/2164] image: https://64.media.tumblr.com/avatar_192a22487458_16.pnj...
  ✓ Saved (0.7 KB)
[226/2164] image: https://64.media.tumblr.com/avatar_19a1c92c4fb8_16.pnj...
  Already exists, skipping...
[227/2164] image: https://64.media.tumblr.com/avatar_19b18dc61414_16.pnj...
  Already exists, skipping...
[228/2164] image: https://64.media.tumblr.com/avatar_1a446b188fbb_16.pnj...
  ✓ Saved (0.6 KB)
[229/2164] image: https://64.media.tumblr.com/avatar_1a5e4c204507_16.pnj...
  ✓ Saved (0.5 KB)
[230/2164] image: https://64.media.tumblr.com/avatar_1a79208231ba_16.pnj...
  ✓ Saved (0.5 KB)
[231/2164] image: https://64.media.tumblr.com/avatar_1b4c5fcf7ffd_16.pnj...
  Already exists, skipping...
[232/2164] image: https://64.media.tumblr.com/avatar_1b8381590253_16.pnj...
  Already exists, skipping...
[233/2164] image: https://64.media.tumblr.com/avatar_1b8f9203da39_16.pnj...
  Already exists, skipping...
[234/2164] image: https://64.media.tumblr.com/avatar_1b8fb7ba3300_16.pnj...
  ✓ Saved (0.6 KB)
[235/2164] image: https://64.media.tumblr.com/avatar_1ba70b0e1b77_16.pnj...
  ✓ Saved (0.6 KB)
[236/2164] image: https://64.media.tumblr.com/avatar_1bd68fc26cbd_16.pnj...
  Already exists, skipping...
[237/2164] image: https://64.media.tumblr.com/avatar_1bffa83f44af_16.pnj...
  ✓ Saved (0.6 KB)
[238/2164] image: https://64.media.tumblr.com/avatar_1c47ee24f33c_16.pnj...
  ✓ Saved (0.6 KB)
[239/2164] image: https://64.media.tumblr.com/avatar_1e19b562a417_16.pnj...
  ✓ Saved (0.6 KB)
[240/2164] image: https://64.media.tumblr.com/avatar_1e4c4e922902_16.pnj...
  ✓ Saved (0.6 KB)
[241/2164] image: https://64.media.tumblr.com/avatar_1f0e34ade6ed_16.pnj...
  Already exists, skipping...
[242/2164] image: https://64.media.tumblr.com/avatar_1f90963cbe39_16.pnj...
  Already exists, skipping...
[243/2164] image: https://64.media.tumblr.com/avatar_1fc62d722cf3_16.pnj...
  ✓ Saved (0.5 KB)
[244/2164] image: https://64.media.tumblr.com/avatar_1ff1e47eaae0_16.pnj...
  ✓ Saved (0.4 KB)
[245/2164] image: https://64.media.tumblr.com/avatar_200e1c32fccd_16.pnj...
  ✓ Saved (0.7 KB)
[246/2164] image: https://64.media.tumblr.com/avatar_201452541d98_16.pnj...
  ✓ Saved (0.7 KB)
[247/2164] image: https://64.media.tumblr.com/avatar_21a6c6b8cae2_16.pnj...
  ✓ Saved (0.6 KB)
[248/2164] image: https://64.media.tumblr.com/avatar_23e7993c7091_16.pnj...
  ✓ Saved (0.6 KB)
[249/2164] image: https://64.media.tumblr.com/avatar_2567aba66ff7_16.pnj...
  ✓ Saved (0.6 KB)
[250/2164] image: https://64.media.tumblr.com/avatar_2579645a96c6_16.pnj...
  ✓ Saved (0.6 KB)
[251/2164] image: https://64.media.tumblr.com/avatar_266a4ff30bcf_16.pnj...
  ✓ Saved (0.4 KB)
[252/2164] image: https://64.media.tumblr.com/avatar_2761f713d0e3_16.pnj...
  ✓ Saved (0.6 KB)
[253/2164] image: https://64.media.tumblr.com/avatar_27c65fdc61f9_16.pnj...
  Already exists, skipping...
[254/2164] image: https://64.media.tumblr.com/avatar_27ca2d071bf8_16.pnj...
  ✓ Saved (0.7 KB)
[255/2164] image: https://64.media.tumblr.com/avatar_27cf1aa74465_16.pnj...
  ✓ Saved (0.7 KB)
[256/2164] image: https://64.media.tumblr.com/avatar_27ff104106d8_16.pnj...
  ✓ Saved (0.7 KB)
[257/2164] image: https://64.media.tumblr.com/avatar_28adb6d4527a_16.pnj...
  ✓ Saved (0.8 KB)
[258/2164] image: https://64.media.tumblr.com/avatar_290d1f023e8f_16.pnj...
  ✓ Saved (0.6 KB)
[259/2164] image: https://64.media.tumblr.com/avatar_29152d7f9fc0_16.pnj...
  Already exists, skipping...
[260/2164] image: https://64.media.tumblr.com/avatar_2ad2a7fe0bad_16.pnj...
  Already exists, skipping...
[261/2164] image: https://64.media.tumblr.com/avatar_2bf5c794f092_16.pnj...
  ✓ Saved (0.6 KB)
[262/2164] image: https://64.media.tumblr.com/avatar_2ca64cc3904d_16.pnj...
  Already exists, skipping...
[263/2164] image: https://64.media.tumblr.com/avatar_2cbf387347a6_16.pnj...
  ✓ Saved (0.5 KB)
[264/2164] image: https://64.media.tumblr.com/avatar_2cc77a21bb07_16.pnj...
  ✓ Saved (0.7 KB)
[265/2164] image: https://64.media.tumblr.com/avatar_2e59fc62f5ff_16.pnj...
  ✓ Saved (0.7 KB)
[266/2164] image: https://64.media.tumblr.com/avatar_2ec4a974bbd8_16.pnj...
  ✓ Saved (0.7 KB)
[267/2164] image: https://64.media.tumblr.com/avatar_2edd6e5aaa66_16.pnj...
  ✓ Saved (0.6 KB)
[268/2164] image: https://64.media.tumblr.com/avatar_2f21cab19c04_16.pnj...
  ✓ Saved (0.7 KB)
[269/2164] image: https://64.media.tumblr.com/avatar_2f98ab54a1f5_16.pnj...
  Already exists, skipping...
[270/2164] image: https://64.media.tumblr.com/avatar_3030adc114ec_16.pnj...
  Already exists, skipping...
[271/2164] image: https://64.media.tumblr.com/avatar_305811b830f7_16.pnj...
  Already exists, skipping...
[272/2164] image: https://64.media.tumblr.com/avatar_30e568015f73_16.pnj...
  ✓ Saved (0.6 KB)
[273/2164] image: https://64.media.tumblr.com/avatar_30f589d554cc_16.pnj...
  ✓ Saved (0.6 KB)
[274/2164] image: https://64.media.tumblr.com/avatar_3159e3f55a96_16.pnj...
  Already exists, skipping...
[275/2164] image: https://64.media.tumblr.com/avatar_31abc0c34436_16.pnj...
  ✓ Saved (0.7 KB)
[276/2164] image: https://64.media.tumblr.com/avatar_31e8b5ae492a_16.pnj...
  ✓ Saved (0.6 KB)
[277/2164] image: https://64.media.tumblr.com/avatar_32e37f1e0043_16.pnj...
  ✓ Saved (0.6 KB)
[278/2164] image: https://64.media.tumblr.com/avatar_330e1cca5803_16.pnj...
  ✓ Saved (0.5 KB)
[279/2164] image: https://64.media.tumblr.com/avatar_337961845e37_16.pnj...
  ✓ Saved (0.6 KB)
[280/2164] image: https://64.media.tumblr.com/avatar_34ceca479041_16.pnj...
  ✓ Saved (0.6 KB)
[281/2164] image: https://64.media.tumblr.com/avatar_35b1f194f4f9_16.pnj...
  ✓ Saved (0.6 KB)
[282/2164] image: https://64.media.tumblr.com/avatar_35b6ceb0f148_16.pnj...
  ✓ Saved (0.7 KB)
[283/2164] image: https://64.media.tumblr.com/avatar_36126add2cef_16.pnj...
  ✓ Saved (0.6 KB)
[284/2164] image: https://64.media.tumblr.com/avatar_36e0f4670e96_16.pnj...
  ✓ Saved (0.4 KB)
[285/2164] image: https://64.media.tumblr.com/avatar_3795970a1ec5_16.pnj...
  Already exists, skipping...
[286/2164] image: https://64.media.tumblr.com/avatar_38ada5aa177f_16.pnj...
  ✓ Saved (0.6 KB)
[287/2164] image: https://64.media.tumblr.com/avatar_38fe23883ca1_16.pnj...
  ✓ Saved (0.6 KB)
[288/2164] image: https://64.media.tumblr.com/avatar_390bb6f15888_16.pnj...
  ✓ Saved (0.6 KB)
[289/2164] image: https://64.media.tumblr.com/avatar_39a19ed0463e_16.pnj...
  ✓ Saved (0.6 KB)
[290/2164] image: https://64.media.tumblr.com/avatar_39e57161ef3d_16.pnj...
  ✓ Saved (0.6 KB)
[291/2164] image: https://64.media.tumblr.com/avatar_3a3c82cc4c39_16.pnj...
  Already exists, skipping...
[292/2164] image: https://64.media.tumblr.com/avatar_3a4989b8d730_16.pnj...
  Already exists, skipping...
[293/2164] image: https://64.media.tumblr.com/avatar_3a8b2ab99f0f_16.pnj...
  Already exists, skipping...
[294/2164] image: https://64.media.tumblr.com/avatar_3ad579d06f79_16.pnj...
  Already exists, skipping...
[295/2164] image: https://64.media.tumblr.com/avatar_3ae9c6d1cd4c_16.pnj...
  ✓ Saved (0.6 KB)
[296/2164] image: https://64.media.tumblr.com/avatar_3b13fd37b8c0_16.pnj...
  ✓ Saved (0.7 KB)
[297/2164] image: https://64.media.tumblr.com/avatar_3b57fc57d9b2_16.pnj...
  ✓ Saved (0.4 KB)
[298/2164] image: https://64.media.tumblr.com/avatar_3c1f1c5d73f5_16.pnj...
  Already exists, skipping...
[299/2164] image: https://64.media.tumblr.com/avatar_3c4f3b17dbcb_16.pnj...
  ✓ Saved (0.5 KB)
[300/2164] image: https://64.media.tumblr.com/avatar_3cb4ff5ed3f1_16.pnj...
  ✓ Saved (0.6 KB)
[301/2164] image: https://64.media.tumblr.com/avatar_3cd85ddba1c0_16.pnj...
  ✓ Saved (0.7 KB)
[302/2164] image: https://64.media.tumblr.com/avatar_3cf6d4bde910_16.pnj...
  Already exists, skipping...
[303/2164] image: https://64.media.tumblr.com/avatar_3d31dbcb1892_16.pnj...
  ✓ Saved (0.6 KB)
[304/2164] image: https://64.media.tumblr.com/avatar_3d95ff72eb67_16.pnj...
  ✓ Saved (0.7 KB)
[305/2164] image: https://64.media.tumblr.com/avatar_3da491156a3a_16.pnj...
  ✓ Saved (0.7 KB)
[306/2164] image: https://64.media.tumblr.com/avatar_3eafbe16d1e7_16.pnj...
  Already exists, skipping...
[307/2164] image: https://64.media.tumblr.com/avatar_3ffd20a43fc7_16.pnj...
  ✓ Saved (0.5 KB)
[308/2164] image: https://64.media.tumblr.com/avatar_4046a6f000b0_16.pnj...
  Already exists, skipping...
[309/2164] image: https://64.media.tumblr.com/avatar_41ac85b87c67_16.pnj...
  Already exists, skipping...
[310/2164] image: https://64.media.tumblr.com/avatar_41bbcb82b853_16.pnj...
  ✓ Saved (0.6 KB)
[311/2164] image: https://64.media.tumblr.com/avatar_41c987d948d8_16.pnj...
  ✓ Saved (0.7 KB)
[312/2164] image: https://64.media.tumblr.com/avatar_43747818e068_16.pnj...
  ✓ Saved (0.5 KB)
[313/2164] image: https://64.media.tumblr.com/avatar_43cdc7c69da5_16.pnj...
  ✓ Saved (0.5 KB)
[314/2164] image: https://64.media.tumblr.com/avatar_445fdaff557d_16.pnj...
  ✓ Saved (0.6 KB)
[315/2164] image: https://64.media.tumblr.com/avatar_4500bc6681b4_16.pnj...
  ✓ Saved (0.6 KB)
[316/2164] image: https://64.media.tumblr.com/avatar_4520b6f0f17c_16.pnj...
  ✓ Saved (0.6 KB)
[317/2164] image: https://64.media.tumblr.com/avatar_452b048dc1b4_16.pnj...
  ✓ Saved (0.5 KB)
[318/2164] image: https://64.media.tumblr.com/avatar_4556dd83f3bb_16.pnj...
  ✓ Saved (0.5 KB)
[319/2164] image: https://64.media.tumblr.com/avatar_459edb80b941_16.pnj...
  ✓ Saved (0.6 KB)
[320/2164] image: https://64.media.tumblr.com/avatar_46e7a42610d1_16.pnj...
  Already exists, skipping...
[321/2164] image: https://64.media.tumblr.com/avatar_4789f55ecb2e_16.pnj...
  ✓ Saved (0.4 KB)
[322/2164] image: https://64.media.tumblr.com/avatar_47b14fbcd042_16.pnj...
  ✓ Saved (0.6 KB)
[323/2164] image: https://64.media.tumblr.com/avatar_47d222e4e5ef_16.pnj...
  Already exists, skipping...
[324/2164] image: https://64.media.tumblr.com/avatar_4823ee344615_16.pnj...
  Already exists, skipping...
[325/2164] image: https://64.media.tumblr.com/avatar_487125b6b855_16.pnj...
  ✓ Saved (0.4 KB)
[326/2164] image: https://64.media.tumblr.com/avatar_48713a369a91_16.pnj...
  ✓ Saved (0.6 KB)
[327/2164] image: https://64.media.tumblr.com/avatar_48afcaf72cfd_16.pnj...
  Already exists, skipping...
[328/2164] image: https://64.media.tumblr.com/avatar_490ce9699e17_16.pnj...
  ✓ Saved (0.6 KB)
[329/2164] image: https://64.media.tumblr.com/avatar_49305ae54504_16.pnj...
  ✓ Saved (0.5 KB)
[330/2164] image: https://64.media.tumblr.com/avatar_496af7e0eff9_16.pnj...
  ✓ Saved (0.6 KB)
[331/2164] image: https://64.media.tumblr.com/avatar_499a00b39a32_16.pnj...
  ✓ Saved (0.7 KB)
[332/2164] image: https://64.media.tumblr.com/avatar_4a8cf8a489e9_16.pnj...
  ✓ Saved (0.6 KB)
[333/2164] image: https://64.media.tumblr.com/avatar_4a8e2f6d88ea_16.pnj...
  Already exists, skipping...
[334/2164] image: https://64.media.tumblr.com/avatar_4b0f2245cc85_16.pnj...
  ✓ Saved (0.7 KB)
[335/2164] image: https://64.media.tumblr.com/avatar_4b4a6abff347_16.pnj...
  Already exists, skipping...
[336/2164] image: https://64.media.tumblr.com/avatar_4b4b3c2b9976_16.pnj...
  ✓ Saved (0.6 KB)
[337/2164] image: https://64.media.tumblr.com/avatar_4b53d7a3165f_16.pnj...
  ✓ Saved (0.6 KB)
[338/2164] image: https://64.media.tumblr.com/avatar_4b84808bf9d3_16.pnj...
  ✓ Saved (0.6 KB)
[339/2164] image: https://64.media.tumblr.com/avatar_4b919d3b0174_16.pnj...
  ✓ Saved (0.6 KB)
[340/2164] image: https://64.media.tumblr.com/avatar_4bbbc5dcb1b7_16.pnj...
  Already exists, skipping...
[341/2164] image: https://64.media.tumblr.com/avatar_4d2d601ba47c_16.pnj...
  Already exists, skipping...
[342/2164] image: https://64.media.tumblr.com/avatar_4d783637ff62_16.pnj...
  ✓ Saved (0.6 KB)
[343/2164] image: https://64.media.tumblr.com/avatar_4db908afa014_16.pnj...
  ✓ Saved (0.5 KB)
[344/2164] image: https://64.media.tumblr.com/avatar_4f36853dfba0_16.pnj...
  ✓ Saved (0.6 KB)
[345/2164] image: https://64.media.tumblr.com/avatar_4fa812cd8474_16.pnj...
  ✓ Saved (0.7 KB)
[346/2164] image: https://64.media.tumblr.com/avatar_512a282a8ceb_16.pnj...
  Already exists, skipping...
[347/2164] image: https://64.media.tumblr.com/avatar_5163873e2933_16.pnj...
  Already exists, skipping...
[348/2164] image: https://64.media.tumblr.com/avatar_51a9d00e1556_16.pnj...
  Already exists, skipping...
[349/2164] image: https://64.media.tumblr.com/avatar_522b1883b80c_16.pnj...
  Already exists, skipping...
[350/2164] image: https://64.media.tumblr.com/avatar_525ca8f815cc_16.pnj...
  ✓ Saved (0.7 KB)
[351/2164] image: https://64.media.tumblr.com/avatar_52fa56b7d834_16.pnj...
  Already exists, skipping...
[352/2164] image: https://64.media.tumblr.com/avatar_53d6328eaf50_16.pnj...
  Already exists, skipping...
[353/2164] image: https://64.media.tumblr.com/avatar_5495057ba85f_16.pnj...
  Already exists, skipping...
[354/2164] image: https://64.media.tumblr.com/avatar_55fc22b6ab1a_16.pnj...
  Already exists, skipping...
[355/2164] image: https://64.media.tumblr.com/avatar_5674d70490b3_16.pnj...
  ✓ Saved (0.6 KB)
[356/2164] image: https://64.media.tumblr.com/avatar_57455134aa25_16.pnj...
  ✓ Saved (0.6 KB)
[357/2164] image: https://64.media.tumblr.com/avatar_575a57952d45_16.pnj...
  Already exists, skipping...
[358/2164] image: https://64.media.tumblr.com/avatar_5791be9df9ec_16.pnj...
  Already exists, skipping...
[359/2164] image: https://64.media.tumblr.com/avatar_58b8ee2cf80f_16.pnj...
  Already exists, skipping...
[360/2164] image: https://64.media.tumblr.com/avatar_58eee53ecc7e_16.pnj...
  Already exists, skipping...
[361/2164] image: https://64.media.tumblr.com/avatar_59ea663d3f1f_16.pnj...
  ✓ Saved (0.7 KB)
[362/2164] image: https://64.media.tumblr.com/avatar_5a084f55190c_16.pnj...
  ✓ Saved (0.7 KB)
[363/2164] image: https://64.media.tumblr.com/avatar_5bbaf470b6a2_16.pnj...
  Already exists, skipping...
[364/2164] image: https://64.media.tumblr.com/avatar_5c10958078f3_16.pnj...
  Already exists, skipping...
[365/2164] image: https://64.media.tumblr.com/avatar_5c2f30768c24_16.pnj...
  Already exists, skipping...
[366/2164] image: https://64.media.tumblr.com/avatar_5c756d75451f_16.pnj...
  ✓ Saved (0.6 KB)
[367/2164] image: https://64.media.tumblr.com/avatar_5d084d35b9d1_16.pnj...
  Already exists, skipping...
[368/2164] image: https://64.media.tumblr.com/avatar_5dd9aa1344ec_16.pnj...
  ✓ Saved (0.6 KB)
[369/2164] image: https://64.media.tumblr.com/avatar_5e71554a255a_16.pnj...
  Already exists, skipping...
[370/2164] image: https://64.media.tumblr.com/avatar_5ef37be56c9b_16.pnj...
  ✓ Saved (0.4 KB)
[371/2164] image: https://64.media.tumblr.com/avatar_5f6dca784139_16.pnj...
  ✓ Saved (0.6 KB)
[372/2164] image: https://64.media.tumblr.com/avatar_5f9f346ed67d_16.pnj...
  ✓ Saved (0.6 KB)
[373/2164] image: https://64.media.tumblr.com/avatar_5fc6d167e8f9_16.pnj...
  Already exists, skipping...
[374/2164] image: https://64.media.tumblr.com/avatar_5fe5220b3732_16.pnj...
  Already exists, skipping...
[375/2164] image: https://64.media.tumblr.com/avatar_607a7c72ed92_16.pnj...
  Already exists, skipping...
[376/2164] image: https://64.media.tumblr.com/avatar_609f76b4f5a4_16.pnj...
  ✓ Saved (0.6 KB)
[377/2164] image: https://64.media.tumblr.com/avatar_610f0ccbb085_16.pnj...
  ✓ Saved (0.5 KB)
[378/2164] image: https://64.media.tumblr.com/avatar_615a82221785_16.pnj...
  ✓ Saved (0.6 KB)
[379/2164] image: https://64.media.tumblr.com/avatar_61fbe8781a32_16.pnj...
  Already exists, skipping...
[380/2164] image: https://64.media.tumblr.com/avatar_6213d7a6507a_16.pnj...
  Already exists, skipping...
[381/2164] image: https://64.media.tumblr.com/avatar_635f51064de9_16.pnj...
  ✓ Saved (0.7 KB)
[382/2164] image: https://64.media.tumblr.com/avatar_64e73072b124_16.pnj...
  ✓ Saved (0.6 KB)
[383/2164] image: https://64.media.tumblr.com/avatar_65573184078c_16.pnj...
  Already exists, skipping...
[384/2164] image: https://64.media.tumblr.com/avatar_6578d3a689c2_16.pnj...
  Already exists, skipping...
[385/2164] image: https://64.media.tumblr.com/avatar_65cbc51aaadf_16.pnj...
  ✓ Saved (0.6 KB)
[386/2164] image: https://64.media.tumblr.com/avatar_66721bba81c2_16.pnj...
  Already exists, skipping...
[387/2164] image: https://64.media.tumblr.com/avatar_66a4ad6491a9_16.pnj...
  ✓ Saved (0.5 KB)
[388/2164] image: https://64.media.tumblr.com/avatar_6744c6fe8191_16.pnj...
  Already exists, skipping...
[389/2164] image: https://64.media.tumblr.com/avatar_67fcc545f5d6_16.pnj...
  Already exists, skipping...
[390/2164] image: https://64.media.tumblr.com/avatar_69a87106864f_16.pnj...
  ✓ Saved (0.6 KB)
[391/2164] image: https://64.media.tumblr.com/avatar_6a3643b88f66_16.pnj...
  Already exists, skipping...
[392/2164] image: https://64.media.tumblr.com/avatar_6a855d1234b7_16.pnj...
  Already exists, skipping...
[393/2164] image: https://64.media.tumblr.com/avatar_6aaeb5f0418d_16.pnj...
  Already exists, skipping...
[394/2164] image: https://64.media.tumblr.com/avatar_6be43076c3f1_16.pnj...
  Already exists, skipping...
[395/2164] image: https://64.media.tumblr.com/avatar_6c0c5652cecb_16.pnj...
  Already exists, skipping...
[396/2164] image: https://64.media.tumblr.com/avatar_6da41ca09157_16.pnj...
  ✓ Saved (0.6 KB)
[397/2164] image: https://64.media.tumblr.com/avatar_6e09b969966e_16.pnj...
  Already exists, skipping...
[398/2164] image: https://64.media.tumblr.com/avatar_6e61a046b6f9_16.pnj...
  ✓ Saved (0.6 KB)
[399/2164] image: https://64.media.tumblr.com/avatar_6ee1bb7ea4bc_16.pnj...
  ✓ Saved (0.6 KB)
[400/2164] image: https://64.media.tumblr.com/avatar_6f567d4577c9_16.pnj...
  Already exists, skipping...
[401/2164] image: https://64.media.tumblr.com/avatar_6fe6453401ac_16.pnj...
  ✓ Saved (0.5 KB)
[402/2164] image: https://64.media.tumblr.com/avatar_70b97b2b291f_16.pnj...
  ✓ Saved (0.4 KB)
[403/2164] image: https://64.media.tumblr.com/avatar_70c74ada118a_16.pnj...
  Already exists, skipping...
[404/2164] image: https://64.media.tumblr.com/avatar_70f397d63065_16.pnj...
  Already exists, skipping...
[405/2164] image: https://64.media.tumblr.com/avatar_719d122dc1ee_16.pnj...
  ✓ Saved (0.5 KB)
[406/2164] image: https://64.media.tumblr.com/avatar_721321cc3f9a_16.pnj...
  Already exists, skipping...
[407/2164] image: https://64.media.tumblr.com/avatar_723572416f25_16.pnj...
  Already exists, skipping...
[408/2164] image: https://64.media.tumblr.com/avatar_7272f044526f_16.pnj...
  ✓ Saved (0.6 KB)
[409/2164] image: https://64.media.tumblr.com/avatar_72ce59a615af_16.pnj...
  Already exists, skipping...
[410/2164] image: https://64.media.tumblr.com/avatar_72d238d1d452_16.pnj...
  ✓ Saved (0.6 KB)
[411/2164] image: https://64.media.tumblr.com/avatar_72dfdb27accc_16.pnj...
  ✓ Saved (0.6 KB)
[412/2164] image: https://64.media.tumblr.com/avatar_738298a09eec_16.pnj...
  Already exists, skipping...
[413/2164] image: https://64.media.tumblr.com/avatar_73e647088168_16.pnj...
  ✓ Saved (0.5 KB)
[414/2164] image: https://64.media.tumblr.com/avatar_73f64b41c002_16.pnj...
  ✓ Saved (0.7 KB)
[415/2164] image: https://64.media.tumblr.com/avatar_741c18b5f433_16.pnj...
  Already exists, skipping...
[416/2164] image: https://64.media.tumblr.com/avatar_743b25f5aed1_16.pnj...
  ✓ Saved (0.5 KB)
[417/2164] image: https://64.media.tumblr.com/avatar_74c35540a3a0_16.pnj...
  Already exists, skipping...
[418/2164] image: https://64.media.tumblr.com/avatar_7500e87bb169_16.pnj...
  ✓ Saved (0.6 KB)
[419/2164] image: https://64.media.tumblr.com/avatar_751e8cecbdba_16.pnj...
  ✓ Saved (0.6 KB)
[420/2164] image: https://64.media.tumblr.com/avatar_752e2e13a00a_16.pnj...
  Already exists, skipping...
[421/2164] image: https://64.media.tumblr.com/avatar_759b6aaa7145_16.pnj...
  Already exists, skipping...
[422/2164] image: https://64.media.tumblr.com/avatar_75b420b58852_16.pnj...
  Already exists, skipping...
[423/2164] image: https://64.media.tumblr.com/avatar_76e220185127_16.pnj...
  Already exists, skipping...
[424/2164] image: https://64.media.tumblr.com/avatar_775414bec5ec_16.pnj...
  ✓ Saved (0.6 KB)
[425/2164] image: https://64.media.tumblr.com/avatar_7782fa8eb29d_16.pnj...
  ✓ Saved (0.6 KB)
[426/2164] image: https://64.media.tumblr.com/avatar_7797b980dc71_16.pnj...
  ✓ Saved (0.6 KB)
[427/2164] image: https://64.media.tumblr.com/avatar_779864b44c75_16.pnj...
  ✓ Saved (0.7 KB)
[428/2164] image: https://64.media.tumblr.com/avatar_7822571c83e0_16.pnj...
  ✓ Saved (0.6 KB)
[429/2164] image: https://64.media.tumblr.com/avatar_79b1be72cc3d_16.pnj...
  ✓ Saved (0.7 KB)
[430/2164] image: https://64.media.tumblr.com/avatar_79cef6b24b67_16.pnj...
  ✓ Saved (0.7 KB)
[431/2164] image: https://64.media.tumblr.com/avatar_7a0f8f8b5549_16.pnj...
  ✓ Saved (0.6 KB)
[432/2164] image: https://64.media.tumblr.com/avatar_7ad9f8e6ac2a_16.pnj...
  ✓ Saved (0.6 KB)
[433/2164] image: https://64.media.tumblr.com/avatar_7bf153692b75_16.pnj...
  ✓ Saved (0.5 KB)
[434/2164] image: https://64.media.tumblr.com/avatar_7c5f0d4d32d6_16.pnj...
  ✓ Saved (0.6 KB)
[435/2164] image: https://64.media.tumblr.com/avatar_7c66e99bcff9_16.pnj...
  Already exists, skipping...
[436/2164] image: https://64.media.tumblr.com/avatar_7e8a131ccaa9_16.pnj...
  Already exists, skipping...
[437/2164] image: https://64.media.tumblr.com/avatar_7ea565668c09_16.pnj...
  Already exists, skipping...
[438/2164] image: https://64.media.tumblr.com/avatar_7edde136fd82_16.pnj...
  ✓ Saved (0.6 KB)
[439/2164] image: https://64.media.tumblr.com/avatar_7f274c66b4bd_16.pnj...
  ✓ Saved (0.6 KB)
[440/2164] image: https://64.media.tumblr.com/avatar_7f27f3020fe6_16.pnj...
  ✓ Saved (0.7 KB)
[441/2164] image: https://64.media.tumblr.com/avatar_7f6f5d9fbd72_16.pnj...
  Already exists, skipping...
[442/2164] image: https://64.media.tumblr.com/avatar_7f8629a15d2c_16.pnj...
  ✓ Saved (0.7 KB)
[443/2164] image: https://64.media.tumblr.com/avatar_80162b39bd36_16.pnj...
  ✓ Saved (0.5 KB)
[444/2164] image: https://64.media.tumblr.com/avatar_8035d267b378_16.pnj...
  ✓ Saved (1.0 KB)
[445/2164] image: https://64.media.tumblr.com/avatar_80c82eb0e4a5_16.pnj...
  Already exists, skipping...
[446/2164] image: https://64.media.tumblr.com/avatar_80f627fd86c0_16.pnj...
  Already exists, skipping...
[447/2164] image: https://64.media.tumblr.com/avatar_81092272ae76_16.pnj...
  ✓ Saved (0.7 KB)
[448/2164] image: https://64.media.tumblr.com/avatar_812e567daa26_16.pnj...
  Already exists, skipping...
[449/2164] image: https://64.media.tumblr.com/avatar_81a4358f2679_16.pnj...
  Already exists, skipping...
[450/2164] image: https://64.media.tumblr.com/avatar_81e4664af4d0_16.pnj...
  ✓ Saved (0.6 KB)
[451/2164] image: https://64.media.tumblr.com/avatar_82650e06d35f_16.pnj...
  Already exists, skipping...
[452/2164] image: https://64.media.tumblr.com/avatar_834c46a8c3c0_16.gif...
  ✓ Saved (0.6 KB)
[453/2164] image: https://64.media.tumblr.com/avatar_837b2daf4abc_16.pnj...
  ✓ Saved (0.5 KB)
[454/2164] image: https://64.media.tumblr.com/avatar_83f92a96a187_16.pnj...
  ✓ Saved (0.6 KB)
[455/2164] image: https://64.media.tumblr.com/avatar_846fee28152d_16.pnj...
  Already exists, skipping...
[456/2164] image: https://64.media.tumblr.com/avatar_84d8b07de903_16.pnj...
  ✓ Saved (0.5 KB)
[457/2164] image: https://64.media.tumblr.com/avatar_850936d15eaf_16.pnj...
  ✓ Saved (0.6 KB)
[458/2164] image: https://64.media.tumblr.com/avatar_856d810b79fe_16.pnj...
  Already exists, skipping...
[459/2164] image: https://64.media.tumblr.com/avatar_85bf40e9c5e2_16.pnj...
  ✓ Saved (0.6 KB)
[460/2164] image: https://64.media.tumblr.com/avatar_8625a5615388_16.pnj...
  ✓ Saved (0.6 KB)
[461/2164] image: https://64.media.tumblr.com/avatar_87034ebedcaf_16.pnj...
  Already exists, skipping...
[462/2164] image: https://64.media.tumblr.com/avatar_87693bfc2a1a_16.pnj...
  ✓ Saved (0.6 KB)
[463/2164] image: https://64.media.tumblr.com/avatar_876b7c4f604c_16.pnj...
  ✓ Saved (0.6 KB)
[464/2164] image: https://64.media.tumblr.com/avatar_87d91522eb0d_16.pnj...
  Already exists, skipping...
[465/2164] image: https://64.media.tumblr.com/avatar_881b60e07c93_16.pnj...
  ✓ Saved (0.4 KB)
[466/2164] image: https://64.media.tumblr.com/avatar_883df4b9cdd0_16.pnj...
  Already exists, skipping...
[467/2164] image: https://64.media.tumblr.com/avatar_88c1988f9f0c_16.pnj...
  Already exists, skipping...
[468/2164] image: https://64.media.tumblr.com/avatar_89b816e2617e_16.pnj...
  ✓ Saved (0.7 KB)
[469/2164] image: https://64.media.tumblr.com/avatar_8a34d3d1258f_16.pnj...
  ✓ Saved (0.6 KB)
[470/2164] image: https://64.media.tumblr.com/avatar_8ad615ca28d1_16.pnj...
  ✓ Saved (0.5 KB)
[471/2164] image: https://64.media.tumblr.com/avatar_8b3282b80c58_16.pnj...
  ✓ Saved (0.6 KB)
[472/2164] image: https://64.media.tumblr.com/avatar_8b763736be73_16.pnj...
  Already exists, skipping...
[473/2164] image: https://64.media.tumblr.com/avatar_8b9a2bf053ab_16.pnj...
  ✓ Saved (0.6 KB)
[474/2164] image: https://64.media.tumblr.com/avatar_8ba88a6d033d_16.pnj...
  ✓ Saved (0.5 KB)
[475/2164] image: https://64.media.tumblr.com/avatar_8bdac7643536_16.pnj...
  ✓ Saved (0.6 KB)
[476/2164] image: https://64.media.tumblr.com/avatar_8c301f5ffb20_16.pnj...
  ✓ Saved (0.4 KB)
[477/2164] image: https://64.media.tumblr.com/avatar_8cb6ddc8caf1_16.pnj...
  ✓ Saved (0.6 KB)
[478/2164] image: https://64.media.tumblr.com/avatar_8cfd6ea3feff_16.pnj...
  ✓ Saved (0.6 KB)
[479/2164] image: https://64.media.tumblr.com/avatar_8d159f74804d_16.pnj...
  Already exists, skipping...
[480/2164] image: https://64.media.tumblr.com/avatar_8d56b9100f18_16.pnj...
  Already exists, skipping...
[481/2164] image: https://64.media.tumblr.com/avatar_8d81bdb9f7c3_16.pnj...
  Already exists, skipping...
[482/2164] image: https://64.media.tumblr.com/avatar_8d82f030e8b7_16.pnj...
  ✓ Saved (0.7 KB)
[483/2164] image: https://64.media.tumblr.com/avatar_8d835ea0e58c_16.pnj...
  Already exists, skipping...
[484/2164] image: https://64.media.tumblr.com/avatar_8d9c6cb5547f_16.pnj...
  Already exists, skipping...
[485/2164] image: https://64.media.tumblr.com/avatar_8de7c922f233_16.pnj...
  ✓ Saved (0.5 KB)
[486/2164] image: https://64.media.tumblr.com/avatar_8e1d2c787324_16.pnj...
  Already exists, skipping...
[487/2164] image: https://64.media.tumblr.com/avatar_8ea5c2560eb8_16.pnj...
  ✓ Saved (0.6 KB)
[488/2164] image: https://64.media.tumblr.com/avatar_8eeefe771590_16.pnj...
  Already exists, skipping...
[489/2164] image: https://64.media.tumblr.com/avatar_8f484654fda7_16.pnj...
  Already exists, skipping...
[490/2164] image: https://64.media.tumblr.com/avatar_8f9aa374b4bb_16.pnj...
  Already exists, skipping...
[491/2164] image: https://64.media.tumblr.com/avatar_8fc814398b5b_16.pnj...
  Already exists, skipping...
[492/2164] image: https://64.media.tumblr.com/avatar_8fe35476caa3_16.pnj...
  Already exists, skipping...
[493/2164] image: https://64.media.tumblr.com/avatar_8fffd2e972d1_16.pnj...
  ✓ Saved (0.6 KB)
[494/2164] image: https://64.media.tumblr.com/avatar_908967247e10_16.pnj...
  Already exists, skipping...
[495/2164] image: https://64.media.tumblr.com/avatar_9139bf159b8a_16.pnj...
  Already exists, skipping...
[496/2164] image: https://64.media.tumblr.com/avatar_91781ab8e6a3_16.pnj...
  Already exists, skipping...
[497/2164] image: https://64.media.tumblr.com/avatar_91b5462ce633_16.pnj...
  ✓ Saved (0.7 KB)
[498/2164] image: https://64.media.tumblr.com/avatar_924e18b0f530_16.pnj...
  ✓ Saved (0.5 KB)
[499/2164] image: https://64.media.tumblr.com/avatar_925aa3de88f0_16.pnj...
  ✓ Saved (0.6 KB)
[500/2164] image: https://64.media.tumblr.com/avatar_92c916801e43_16.pnj...
  ✓ Saved (0.6 KB)
[501/2164] image: https://64.media.tumblr.com/avatar_933ce3533c25_16.pnj...
  ✓ Saved (0.6 KB)
[502/2164] image: https://64.media.tumblr.com/avatar_9420c5e4ace2_16.pnj...
  Already exists, skipping...
[503/2164] image: https://64.media.tumblr.com/avatar_9464c996bc61_16.pnj...
  ✓ Saved (0.6 KB)
[504/2164] image: https://64.media.tumblr.com/avatar_94cb94e6edd9_16.pnj...
  Already exists, skipping...
[505/2164] image: https://64.media.tumblr.com/avatar_9523eeabb554_16.pnj...
  ✓ Saved (0.6 KB)
[506/2164] image: https://64.media.tumblr.com/avatar_95f168ba5bf1_16.pnj...
  ✓ Saved (0.7 KB)
[507/2164] image: https://64.media.tumblr.com/avatar_972036476d1e_16.pnj...
  ✓ Saved (0.6 KB)
[508/2164] image: https://64.media.tumblr.com/avatar_97365c86a49d_16.pnj...
  ✓ Saved (0.6 KB)
[509/2164] image: https://64.media.tumblr.com/avatar_9766428b72a3_16.pnj...
  Already exists, skipping...
[510/2164] image: https://64.media.tumblr.com/avatar_978eeceb5504_16.pnj...
  Already exists, skipping...
[511/2164] image: https://64.media.tumblr.com/avatar_97d15e96b35e_16.pnj...
  ✓ Saved (0.6 KB)
[512/2164] image: https://64.media.tumblr.com/avatar_980207f49fe5_16.pnj...
  ✓ Saved (0.6 KB)
[513/2164] image: https://64.media.tumblr.com/avatar_987caa0574e4_16.pnj...
  ✓ Saved (0.6 KB)
[514/2164] image: https://64.media.tumblr.com/avatar_99e20f65f967_16.pnj...
  ✓ Saved (0.6 KB)
[515/2164] image: https://64.media.tumblr.com/avatar_99f53c0feca6_16.pnj...
  Already exists, skipping...
[516/2164] image: https://64.media.tumblr.com/avatar_9a0d37548f90_16.pnj...
  Already exists, skipping...
[517/2164] image: https://64.media.tumblr.com/avatar_9a7f215bc3f0_16.pnj...
  ✓ Saved (0.6 KB)
[518/2164] image: https://64.media.tumblr.com/avatar_9d3d3bf2abdc_16.pnj...
  ✓ Saved (0.6 KB)
[519/2164] image: https://64.media.tumblr.com/avatar_9d92384471f4_16.pnj...
  ✓ Saved (0.6 KB)
[520/2164] image: https://64.media.tumblr.com/avatar_9dfdf59cff13_16.pnj...
  Already exists, skipping...
[521/2164] image: https://64.media.tumblr.com/avatar_9f222c0621f6_16.pnj...
  ✓ Saved (0.6 KB)
[522/2164] image: https://64.media.tumblr.com/avatar_9f480a345df0_16.pnj...
  Already exists, skipping...
[523/2164] image: https://64.media.tumblr.com/avatar_9fcb832b5584_16.pnj...
  ✓ Saved (0.6 KB)
[524/2164] image: https://64.media.tumblr.com/avatar_a031ece7d412_16.pnj...
  Already exists, skipping...
[525/2164] image: https://64.media.tumblr.com/avatar_a14c23f07170_16.pnj...
  ✓ Saved (0.7 KB)
[526/2164] image: https://64.media.tumblr.com/avatar_a1874c0097dd_16.pnj...
  ✓ Saved (0.6 KB)
[527/2164] image: https://64.media.tumblr.com/avatar_a1e46d56b9b9_16.pnj...
  ✓ Saved (0.6 KB)
[528/2164] image: https://64.media.tumblr.com/avatar_a226a8ff1727_16.pnj...
  ✓ Saved (0.6 KB)
[529/2164] image: https://64.media.tumblr.com/avatar_a30592ea46f6_16.pnj...
  Already exists, skipping...
[530/2164] image: https://64.media.tumblr.com/avatar_a355cb98c094_16.pnj...
  ✓ Saved (0.7 KB)
[531/2164] image: https://64.media.tumblr.com/avatar_a3799912b190_16.pnj...
  Already exists, skipping...
[532/2164] image: https://64.media.tumblr.com/avatar_a3b405d92c5f_16.pnj...
  ✓ Saved (0.6 KB)
[533/2164] image: https://64.media.tumblr.com/avatar_a46a803e4508_16.pnj...
  Already exists, skipping...
[534/2164] image: https://64.media.tumblr.com/avatar_a52bec106251_16.pnj...
  Already exists, skipping...
[535/2164] image: https://64.media.tumblr.com/avatar_a54e443fa6b8_16.pnj...
  ✓ Saved (0.7 KB)
[536/2164] image: https://64.media.tumblr.com/avatar_a6b3c58783a0_16.pnj...
  ✓ Saved (0.6 KB)
[537/2164] image: https://64.media.tumblr.com/avatar_a6d3cf0975d0_16.pnj...
  ✓ Saved (0.6 KB)
[538/2164] image: https://64.media.tumblr.com/avatar_a7811cdc9e40_16.pnj...
  Already exists, skipping...
[539/2164] image: https://64.media.tumblr.com/avatar_a7aa2158c39f_16.pnj...
  Already exists, skipping...
[540/2164] image: https://64.media.tumblr.com/avatar_a7f045ac924b_16.pnj...
  ✓ Saved (0.7 KB)
[541/2164] image: https://64.media.tumblr.com/avatar_aa1552bb72f1_16.pnj...
  ✓ Saved (0.7 KB)
[542/2164] image: https://64.media.tumblr.com/avatar_aa618f1ea798_16.pnj...
  Already exists, skipping...
[543/2164] image: https://64.media.tumblr.com/avatar_aadf23c5938a_16.pnj...
  Already exists, skipping...
[544/2164] image: https://64.media.tumblr.com/avatar_acddf758a087_16.pnj...
  Already exists, skipping...
[545/2164] image: https://64.media.tumblr.com/avatar_ad4bb0b1be32_16.pnj...
  Already exists, skipping...
[546/2164] image: https://64.media.tumblr.com/avatar_addf8e5286ce_16.pnj...
  ✓ Saved (0.6 KB)
[547/2164] image: https://64.media.tumblr.com/avatar_ae1126d0dcaa_16.pnj...
  ✓ Saved (0.6 KB)
[548/2164] image: https://64.media.tumblr.com/avatar_ae4519c6476a_16.pnj...
  ✓ Saved (0.6 KB)
[549/2164] image: https://64.media.tumblr.com/avatar_aed116b2acaf_16.pnj...
  ✓ Saved (0.6 KB)
[550/2164] image: https://64.media.tumblr.com/avatar_aee006673e33_16.pnj...
  ✓ Saved (0.6 KB)
[551/2164] image: https://64.media.tumblr.com/avatar_af7cf4f98d86_16.pnj...
  ✓ Saved (0.6 KB)
[552/2164] image: https://64.media.tumblr.com/avatar_b05bc2e005c0_16.pnj...
  Already exists, skipping...
[553/2164] image: https://64.media.tumblr.com/avatar_b0e8c18638c2_16.pnj...
  ✓ Saved (0.7 KB)
[554/2164] image: https://64.media.tumblr.com/avatar_b2044ae44693_16.pnj...
  ✓ Saved (0.6 KB)
[555/2164] image: https://64.media.tumblr.com/avatar_b24387fcb82c_16.pnj...
  ✓ Saved (0.5 KB)
[556/2164] image: https://64.media.tumblr.com/avatar_b2983539ead1_16.pnj...
  Already exists, skipping...
[557/2164] image: https://64.media.tumblr.com/avatar_b36dd8f8feda_16.pnj...
  Already exists, skipping...
[558/2164] image: https://64.media.tumblr.com/avatar_b39e9f51e2e8_16.pnj...
  ✓ Saved (0.7 KB)
[559/2164] image: https://64.media.tumblr.com/avatar_b3adb7d923de_16.pnj...
  ✓ Saved (0.6 KB)
[560/2164] image: https://64.media.tumblr.com/avatar_b3f0a13ba4f4_16.pnj...
  ✓ Saved (0.6 KB)
[561/2164] image: https://64.media.tumblr.com/avatar_b409b3fc143c_16.pnj...
  Already exists, skipping...
[562/2164] image: https://64.media.tumblr.com/avatar_b42b33ce169b_16.pnj...
  ✓ Saved (0.6 KB)
[563/2164] image: https://64.media.tumblr.com/avatar_b483292df5e5_16.pnj...
  ✓ Saved (0.6 KB)
[564/2164] image: https://64.media.tumblr.com/avatar_b493c31aec08_16.pnj...
  Already exists, skipping...
[565/2164] image: https://64.media.tumblr.com/avatar_b58f4cf10039_16.pnj...
  ✓ Saved (0.6 KB)
[566/2164] image: https://64.media.tumblr.com/avatar_b5936ff9a543_16.pnj...
  ✓ Saved (0.7 KB)
[567/2164] image: https://64.media.tumblr.com/avatar_b5a11a4a6563_16.pnj...
  Already exists, skipping...
[568/2164] image: https://64.media.tumblr.com/avatar_b5ba32ffc3ae_16.pnj...
  ✓ Saved (0.6 KB)
[569/2164] image: https://64.media.tumblr.com/avatar_b633c5f148f6_16.pnj...
  ✓ Saved (0.5 KB)
[570/2164] image: https://64.media.tumblr.com/avatar_b8d0a0578958_16.pnj...
  ✓ Saved (0.7 KB)
[571/2164] image: https://64.media.tumblr.com/avatar_b8e06229897a_16.pnj...
  ✓ Saved (0.6 KB)
[572/2164] image: https://64.media.tumblr.com/avatar_b93f80a08804_16.pnj...
  Already exists, skipping...
[573/2164] image: https://64.media.tumblr.com/avatar_b984b539d327_16.pnj...
  Already exists, skipping...
[574/2164] image: https://64.media.tumblr.com/avatar_b9f906c1391f_16.pnj...
  Already exists, skipping...
[575/2164] image: https://64.media.tumblr.com/avatar_bae1ab632449_16.pnj...
  Already exists, skipping...
[576/2164] image: https://64.media.tumblr.com/avatar_baf03205b78a_16.pnj...
  Already exists, skipping...
[577/2164] image: https://64.media.tumblr.com/avatar_bb29bad40757_16.pnj...
  ✓ Saved (0.7 KB)
[578/2164] image: https://64.media.tumblr.com/avatar_bba4968afbfb_16.pnj...
  Already exists, skipping...
[579/2164] image: https://64.media.tumblr.com/avatar_bc307da271c7_16.pnj...
  ✓ Saved (0.4 KB)
[580/2164] image: https://64.media.tumblr.com/avatar_bc5bae45a37e_16.pnj...
  ✓ Saved (0.6 KB)
[581/2164] image: https://64.media.tumblr.com/avatar_bc6cf1a3dc73_16.pnj...
  ✓ Saved (0.6 KB)
[582/2164] image: https://64.media.tumblr.com/avatar_bca430c0a8ed_16.pnj...
  ✓ Saved (0.4 KB)
[583/2164] image: https://64.media.tumblr.com/avatar_bcad87232bb6_16.pnj...
  ✓ Saved (0.6 KB)
[584/2164] image: https://64.media.tumblr.com/avatar_be2174764747_16.pnj...
  ✓ Saved (0.7 KB)
[585/2164] image: https://64.media.tumblr.com/avatar_be2f74f71336_16.pnj...
  Already exists, skipping...
[586/2164] image: https://64.media.tumblr.com/avatar_be6522403a9e_16.pnj...
  Already exists, skipping...
[587/2164] image: https://64.media.tumblr.com/avatar_bea197f3a147_16.pnj...
  ✓ Saved (0.6 KB)
[588/2164] image: https://64.media.tumblr.com/avatar_bf11b23fd028_16.pnj...
  Already exists, skipping...
[589/2164] image: https://64.media.tumblr.com/avatar_c01ed5ff89d3_16.pnj...
  ✓ Saved (0.5 KB)
[590/2164] image: https://64.media.tumblr.com/avatar_c235c08d60b7_16.pnj...
  Already exists, skipping...
[591/2164] image: https://64.media.tumblr.com/avatar_c2835056e0dd_16.pnj...
  ✓ Saved (0.7 KB)
[592/2164] image: https://64.media.tumblr.com/avatar_c2b04092b50a_16.pnj...
  Already exists, skipping...
[593/2164] image: https://64.media.tumblr.com/avatar_c2c8b1efa2da_16.pnj...
  ✓ Saved (0.7 KB)
[594/2164] image: https://64.media.tumblr.com/avatar_c30cb5b19d79_16.pnj...
  ✓ Saved (0.6 KB)
[595/2164] image: https://64.media.tumblr.com/avatar_c32c9cb6fec0_16.pnj...
  Already exists, skipping...
[596/2164] image: https://64.media.tumblr.com/avatar_c433244224cb_16.pnj...
  ✓ Saved (0.8 KB)
[597/2164] image: https://64.media.tumblr.com/avatar_c4e537055d65_16.pnj...
  ✓ Saved (0.5 KB)
[598/2164] image: https://64.media.tumblr.com/avatar_c51b846a2b79_16.pnj...
  ✓ Saved (0.6 KB)
[599/2164] image: https://64.media.tumblr.com/avatar_c561f6afa2eb_16.pnj...
  ✓ Saved (0.5 KB)
[600/2164] image: https://64.media.tumblr.com/avatar_c59c2eb0b924_16.pnj...
  ✓ Saved (0.5 KB)
[601/2164] image: https://64.media.tumblr.com/avatar_c5d6519235a6_16.gif...
  Already exists, skipping...
[602/2164] image: https://64.media.tumblr.com/avatar_c617e11a277a_16.pnj...
  ✓ Saved (0.7 KB)
[603/2164] image: https://64.media.tumblr.com/avatar_c669a162063c_16.pnj...
  ✓ Saved (0.7 KB)
[604/2164] image: https://64.media.tumblr.com/avatar_c6d7e88d766a_16.pnj...
  ✓ Saved (0.7 KB)
[605/2164] image: https://64.media.tumblr.com/avatar_c6ff4f0c1fda_16.pnj...
  Already exists, skipping...
[606/2164] image: https://64.media.tumblr.com/avatar_c74bc69c3778_16.pnj...
  ✓ Saved (0.6 KB)
[607/2164] image: https://64.media.tumblr.com/avatar_c8721de5f898_16.pnj...
  ✓ Saved (0.6 KB)
[608/2164] image: https://64.media.tumblr.com/avatar_c888df645de6_16.pnj...
  ✓ Saved (0.7 KB)
[609/2164] image: https://64.media.tumblr.com/avatar_c996a4dd7974_16.pnj...
  ✓ Saved (0.6 KB)
[610/2164] image: https://64.media.tumblr.com/avatar_ca332066e99a_16.pnj...
  Already exists, skipping...
[611/2164] image: https://64.media.tumblr.com/avatar_ca85091e71ac_16.pnj...
  Already exists, skipping...
[612/2164] image: https://64.media.tumblr.com/avatar_caa354df5282_16.pnj...
  ✓ Saved (0.7 KB)
[613/2164] image: https://64.media.tumblr.com/avatar_caaad3ee16ee_16.pnj...
  ✓ Saved (0.6 KB)
[614/2164] image: https://64.media.tumblr.com/avatar_cbdb6758a1b8_16.pnj...
  ✓ Saved (0.5 KB)
[615/2164] image: https://64.media.tumblr.com/avatar_cbe4e7258566_16.pnj...
  ✓ Saved (0.5 KB)
[616/2164] image: https://64.media.tumblr.com/avatar_cc302f375cc1_16.pnj...
  ✓ Saved (0.7 KB)
[617/2164] image: https://64.media.tumblr.com/avatar_cc3030feffc3_16.pnj...
  ✓ Saved (0.6 KB)
[618/2164] image: https://64.media.tumblr.com/avatar_cd151f62c747_16.pnj...
  Already exists, skipping...
[619/2164] image: https://64.media.tumblr.com/avatar_cd5c9ec11659_16.pnj...
  ✓ Saved (0.5 KB)
[620/2164] image: https://64.media.tumblr.com/avatar_ce4afd9c15cf_16.pnj...
  Already exists, skipping...
[621/2164] image: https://64.media.tumblr.com/avatar_ce4e167881b2_16.pnj...
  Already exists, skipping...
[622/2164] image: https://64.media.tumblr.com/avatar_ceb665a7b9df_16.pnj...
  Already exists, skipping...
[623/2164] image: https://64.media.tumblr.com/avatar_cee2579f7c7d_16.pnj...
  ✓ Saved (0.6 KB)
[624/2164] image: https://64.media.tumblr.com/avatar_d070eb518b18_16.pnj...
  ✓ Saved (0.7 KB)
[625/2164] image: https://64.media.tumblr.com/avatar_d07ae8336d46_16.pnj...
  ✓ Saved (0.6 KB)
[626/2164] image: https://64.media.tumblr.com/avatar_d0d8331d0d28_16.pnj...
  Already exists, skipping...
[627/2164] image: https://64.media.tumblr.com/avatar_d11574b81332_16.pnj...
  ✓ Saved (0.7 KB)
[628/2164] image: https://64.media.tumblr.com/avatar_d121f97ad607_16.pnj...
  ✓ Saved (0.6 KB)
[629/2164] image: https://64.media.tumblr.com/avatar_d21d02d86636_16.pnj...
  Already exists, skipping...
[630/2164] image: https://64.media.tumblr.com/avatar_d2dfe295e962_16.pnj...
  ✓ Saved (0.6 KB)
[631/2164] image: https://64.media.tumblr.com/avatar_d30c9936af6b_16.pnj...
  ✓ Saved (0.5 KB)
[632/2164] image: https://64.media.tumblr.com/avatar_d4613bcdb78d_16.pnj...
  ✓ Saved (0.6 KB)
[633/2164] image: https://64.media.tumblr.com/avatar_d6451af954a6_16.pnj...
  ✓ Saved (0.4 KB)
[634/2164] image: https://64.media.tumblr.com/avatar_d773bd9803c5_16.pnj...
  ✓ Saved (0.7 KB)
[635/2164] image: https://64.media.tumblr.com/avatar_d78a1ab6f1cc_16.pnj...
  ✓ Saved (0.6 KB)
[636/2164] image: https://64.media.tumblr.com/avatar_d7f225c28380_16.pnj...
  ✓ Saved (0.6 KB)
[637/2164] image: https://64.media.tumblr.com/avatar_d88c51a949f2_16.pnj...
  ✓ Saved (0.4 KB)
[638/2164] image: https://64.media.tumblr.com/avatar_d916b1471309_16.pnj...
  Already exists, skipping...
[639/2164] image: https://64.media.tumblr.com/avatar_d921ce1a9124_16.pnj...
  Already exists, skipping...
[640/2164] image: https://64.media.tumblr.com/avatar_da47c37207a2_16.pnj...
  ✓ Saved (0.5 KB)
[641/2164] image: https://64.media.tumblr.com/avatar_dab3f5e5ac6f_16.pnj...
  Already exists, skipping...
[642/2164] image: https://64.media.tumblr.com/avatar_db76ce63f452_16.pnj...
  ✓ Saved (0.7 KB)
[643/2164] image: https://64.media.tumblr.com/avatar_dc142865ea13_16.pnj...
  Already exists, skipping...
[644/2164] image: https://64.media.tumblr.com/avatar_dc24fc7060f6_16.pnj...
  Already exists, skipping...
[645/2164] image: https://64.media.tumblr.com/avatar_dc4cc7d54b9c_16.pnj...
  Already exists, skipping...
[646/2164] image: https://64.media.tumblr.com/avatar_dc4ee7432b84_16.pnj...
  ✓ Saved (0.6 KB)
[647/2164] image: https://64.media.tumblr.com/avatar_dcdf90b388d9_16.pnj...
  ✓ Saved (0.6 KB)
[648/2164] image: https://64.media.tumblr.com/avatar_dd57fa808640_16.pnj...
  ✓ Saved (0.7 KB)
[649/2164] image: https://64.media.tumblr.com/avatar_dd5bfdf25804_16.pnj...
  Already exists, skipping...
[650/2164] image: https://64.media.tumblr.com/avatar_ddd09a1d66d6_16.pnj...
  ✓ Saved (0.7 KB)
[651/2164] image: https://64.media.tumblr.com/avatar_dfb9330c58e3_16.pnj...
  Already exists, skipping...
[652/2164] image: https://64.media.tumblr.com/avatar_dfdb01a187e7_16.pnj...
  ✓ Saved (0.6 KB)
[653/2164] image: https://64.media.tumblr.com/avatar_dfdf7c8bbefd_16.pnj...
  Already exists, skipping...
[654/2164] image: https://64.media.tumblr.com/avatar_e00a8edb9aa6_16.pnj...
  Already exists, skipping...
[655/2164] image: https://64.media.tumblr.com/avatar_e06752e26aca_16.pnj...
  ✓ Saved (0.5 KB)
[656/2164] image: https://64.media.tumblr.com/avatar_e0da8ffc0861_16.pnj...
  ✓ Saved (0.7 KB)
[657/2164] image: https://64.media.tumblr.com/avatar_e2287262e42a_16.pnj...
  Already exists, skipping...
[658/2164] image: https://64.media.tumblr.com/avatar_e228c43deb6b_16.pnj...
  Already exists, skipping...
[659/2164] image: https://64.media.tumblr.com/avatar_e2ac7c8405a6_16.pnj...
  Already exists, skipping...
[660/2164] image: https://64.media.tumblr.com/avatar_e2d05ed97bb2_16.pnj...
  ✓ Saved (0.4 KB)
[661/2164] image: https://64.media.tumblr.com/avatar_e334291c086c_16.pnj...
  ✓ Saved (0.7 KB)
[662/2164] image: https://64.media.tumblr.com/avatar_e3a140d26055_16.pnj...
  ✓ Saved (0.7 KB)
[663/2164] image: https://64.media.tumblr.com/avatar_e43cbc4eb0ac_16.pnj...
  Already exists, skipping...
[664/2164] image: https://64.media.tumblr.com/avatar_e47f68d133a7_16.pnj...
  ✓ Saved (0.5 KB)
[665/2164] image: https://64.media.tumblr.com/avatar_e67b172b85dc_16.pnj...
  ✓ Saved (0.6 KB)
[666/2164] image: https://64.media.tumblr.com/avatar_e724eedc288e_16.pnj...
  ✓ Saved (0.6 KB)
[667/2164] image: https://64.media.tumblr.com/avatar_e73c0c33844d_16.pnj...
  ✓ Saved (0.6 KB)
[668/2164] image: https://64.media.tumblr.com/avatar_e74210e80eb9_16.pnj...
  ✓ Saved (0.6 KB)
[669/2164] image: https://64.media.tumblr.com/avatar_e7fcbe3a28a7_16.pnj...
  ✓ Saved (0.6 KB)
[670/2164] image: https://64.media.tumblr.com/avatar_e8009bec6318_16.pnj...
  Already exists, skipping...
[671/2164] image: https://64.media.tumblr.com/avatar_e800ed600dc2_16.pnj...
  ✓ Saved (0.5 KB)
[672/2164] image: https://64.media.tumblr.com/avatar_e8a8f0271430_16.pnj...
  Already exists, skipping...
[673/2164] image: https://64.media.tumblr.com/avatar_e8c0fb25f7f6_16.pnj...
  ✓ Saved (0.7 KB)
[674/2164] image: https://64.media.tumblr.com/avatar_e9e4ccf85157_16.pnj...
  ✓ Saved (0.7 KB)
[675/2164] image: https://64.media.tumblr.com/avatar_ea2366a2f1c0_16.pnj...
  Already exists, skipping...
[676/2164] image: https://64.media.tumblr.com/avatar_ea711eeca610_16.pnj...
  ✓ Saved (0.7 KB)
[677/2164] image: https://64.media.tumblr.com/avatar_eaa17cb6a2b9_16.pnj...
  Already exists, skipping...
[678/2164] image: https://64.media.tumblr.com/avatar_eb07699664f8_16.pnj...
  ✓ Saved (0.7 KB)
[679/2164] image: https://64.media.tumblr.com/avatar_eb73b0c91604_16.pnj...
  ✓ Saved (0.6 KB)
[680/2164] image: https://64.media.tumblr.com/avatar_ebc510e219cb_16.pnj...
  ✓ Saved (0.6 KB)
[681/2164] image: https://64.media.tumblr.com/avatar_ed0384a38406_16.pnj...
  ✓ Saved (0.6 KB)
[682/2164] image: https://64.media.tumblr.com/avatar_edca501d922b_16.pnj...
  ✓ Saved (0.6 KB)
[683/2164] image: https://64.media.tumblr.com/avatar_edf8432e4c3b_16.pnj...
  Already exists, skipping...
[684/2164] image: https://64.media.tumblr.com/avatar_ee9b6d59c6a0_16.pnj...
  ✓ Saved (0.7 KB)
[685/2164] image: https://64.media.tumblr.com/avatar_efb4a3296d0c_16.pnj...
  ✓ Saved (0.5 KB)
[686/2164] image: https://64.media.tumblr.com/avatar_f027e5f6831f_16.pnj...
  Already exists, skipping...
[687/2164] image: https://64.media.tumblr.com/avatar_f0f88278b979_16.pnj...
  ✓ Saved (0.7 KB)
[688/2164] image: https://64.media.tumblr.com/avatar_f10fc54bf8c4_16.pnj...
  ✓ Saved (0.6 KB)
[689/2164] image: https://64.media.tumblr.com/avatar_f14186cd2a35_16.pnj...
  Already exists, skipping...
[690/2164] image: https://64.media.tumblr.com/avatar_f2039afe487b_16.pnj...
  ✓ Saved (0.6 KB)
[691/2164] image: https://64.media.tumblr.com/avatar_f29710c0165c_16.pnj...
  Already exists, skipping...
[692/2164] image: https://64.media.tumblr.com/avatar_f369f3f2a449_16.pnj...
  Already exists, skipping...
[693/2164] image: https://64.media.tumblr.com/avatar_f3da12a923a3_16.pnj...
  Already exists, skipping...
[694/2164] image: https://64.media.tumblr.com/avatar_f3fdcd433109_16.pnj...
  ✓ Saved (0.6 KB)
[695/2164] image: https://64.media.tumblr.com/avatar_f41682ee94f2_16.pnj...
  ✓ Saved (0.5 KB)
[696/2164] image: https://64.media.tumblr.com/avatar_f48a458292f6_16.pnj...
  ✓ Saved (0.7 KB)
[697/2164] image: https://64.media.tumblr.com/avatar_f4928a5b6a82_16.pnj...
  Already exists, skipping...
[698/2164] image: https://64.media.tumblr.com/avatar_f501f9b53dfc_16.pnj...
  ✓ Saved (0.6 KB)
[699/2164] image: https://64.media.tumblr.com/avatar_f5402ae368de_16.pnj...
  ✓ Saved (0.6 KB)
[700/2164] image: https://64.media.tumblr.com/avatar_f54231c82537_16.pnj...
  ✓ Saved (0.6 KB)
[701/2164] image: https://64.media.tumblr.com/avatar_f608471bf1a4_16.pnj...
  ✓ Saved (0.6 KB)
[702/2164] image: https://64.media.tumblr.com/avatar_f64fe80d3754_16.pnj...
  Already exists, skipping...
[703/2164] image: https://64.media.tumblr.com/avatar_f6e9479583a7_16.pnj...
  ✓ Saved (0.5 KB)
[704/2164] image: https://64.media.tumblr.com/avatar_f7520c53ddbd_16.pnj...
  Already exists, skipping...
[705/2164] image: https://64.media.tumblr.com/avatar_f7724fc32c89_16.pnj...
  ✓ Saved (0.7 KB)
[706/2164] image: https://64.media.tumblr.com/avatar_f77ddbf21903_16.pnj...
  ✓ Saved (0.7 KB)
[707/2164] image: https://64.media.tumblr.com/avatar_f8ef2d397b7d_16.pnj...
  ✓ Saved (0.6 KB)
[708/2164] image: https://64.media.tumblr.com/avatar_f96377c3170a_16.pnj...
  Already exists, skipping...
[709/2164] image: https://64.media.tumblr.com/avatar_f97ce18230a0_16.pnj...
  Already exists, skipping...
[710/2164] image: https://64.media.tumblr.com/avatar_f9d1521c555e_16.pnj...
  Already exists, skipping...
[711/2164] image: https://64.media.tumblr.com/avatar_fa2384ae9183_16.pnj...
  ✓ Saved (0.7 KB)
[712/2164] image: https://64.media.tumblr.com/avatar_fb34c74c4453_16.pnj...
  Already exists, skipping...
[713/2164] image: https://64.media.tumblr.com/avatar_fb3e53f982a8_16.pnj...
  ✓ Saved (0.6 KB)
[714/2164] image: https://64.media.tumblr.com/avatar_fb71e792581b_16.pnj...
  ✓ Saved (0.6 KB)
[715/2164] image: https://64.media.tumblr.com/avatar_fb72262976dd_16.pnj...
  ✓ Saved (0.6 KB)
[716/2164] image: https://64.media.tumblr.com/avatar_fbd602dd2776_16.pnj...
  Already exists, skipping...
[717/2164] image: https://64.media.tumblr.com/avatar_fc0618f8bb76_16.pnj...
  ✓ Saved (0.6 KB)
[718/2164] image: https://64.media.tumblr.com/avatar_fc1550427025_16.pnj...
  ✓ Saved (0.6 KB)
[719/2164] image: https://64.media.tumblr.com/avatar_fc6a82083c13_16.pnj...
  ✓ Saved (0.5 KB)
[720/2164] image: https://64.media.tumblr.com/avatar_fd3c39f3f2f3_16.pnj...
  ✓ Saved (0.7 KB)
[721/2164] image: https://64.media.tumblr.com/avatar_fd88d2b1626b_16.pnj...
  Already exists, skipping...
[722/2164] image: https://64.media.tumblr.com/avatar_fd8fe4f4bba0_16.pnj...
  ✓ Saved (0.7 KB)
[723/2164] image: https://64.media.tumblr.com/avatar_fe12acacdc72_16.pnj...
  ✓ Saved (0.5 KB)
[724/2164] image: https://64.media.tumblr.com/avatar_ff4cdfda146f_16.pnj...
  ✓ Saved (0.5 KB)
[725/2164] image: https://64.media.tumblr.com/avatar_ffc979afe92d_16.pnj...
  ✓ Saved (0.7 KB)
[726/2164] image: https://64.media.tumblr.com/avatar_fff74d801391_16.pnj...
  Already exists, skipping...
[727/2164] image: https://64.media.tumblr.com/b2f6505d9dfeaf218a525d88f359bc56/9ca312cec...
  ✓ Saved (0.6 KB)
[728/2164] image: https://64.media.tumblr.com/b414d693cfa30b757c6361553b142a55/tumblr_mf...
  ✓ Saved (454.9 KB)
[729/2164] image: https://64.media.tumblr.com/b6c76040c8281384653b1fc8cea6417f/tumblr_mf...
  ✓ Saved (408.3 KB)
[730/2164] image: https://64.media.tumblr.com/b6efc881c12b380dc065a55abe88b864/tumblr_ml...
  ✓ Saved (29.1 KB)
[731/2164] image: https://64.media.tumblr.com/b7f53304290a549d5dde02631fdf82a0/tumblr_mf...
  ✓ Saved (228.9 KB)
[732/2164] image: https://64.media.tumblr.com/b83318bbde2b19b4a043e3503e3472ee/tumblr_mk...
  ✓ Saved (297.1 KB)
[733/2164] image: https://64.media.tumblr.com/b8618230ef4df7cd1f17b320f8f2e48e/tumblr_mm...
  ✓ Saved (143.3 KB)
[734/2164] image: https://64.media.tumblr.com/b8790ed9464a3f70fb3c408a8bd6be97/tumblr_ml...
  ✓ Saved (83.6 KB)
[735/2164] image: https://64.media.tumblr.com/bc6d470510a3cb2b5c83e67cd6b407ad/tumblr_ml...
  ✓ Saved (210.1 KB)
[736/2164] image: https://64.media.tumblr.com/bc8cdeefe2f97d10a9d2de742d2e5c4f/tumblr_mf...
  ✓ Saved (507.4 KB)
[737/2164] image: https://64.media.tumblr.com/bd2b664640af0437553870e2e8844fe2/tumblr_mf...
  ✓ Saved (411.3 KB)
[738/2164] image: https://64.media.tumblr.com/bd8b1ae3659da66a9a41f71008c02c43/tumblr_mf...
  ✓ Saved (366.4 KB)
[739/2164] image: https://64.media.tumblr.com/bda39f19af20443f55a50e6a3e7e0854/5446dc2bf...
  Already exists, skipping...
[740/2164] image: https://64.media.tumblr.com/be80a8f62a293463690c5978f147684b/tumblr_mf...
  ✓ Saved (527.2 KB)
[741/2164] image: https://64.media.tumblr.com/c0240b014ab34455b01c5994fcd476e2/tumblr_n3...
  Already exists, skipping...
[742/2164] image: https://64.media.tumblr.com/c073d09b7724b2bf8990e5f2a573a596/tumblr_ml...
  ✓ Saved (79.2 KB)
[743/2164] image: https://64.media.tumblr.com/c0a5331e2bd1a7443e6199c39222a53a/tumblr_ml...
  ✓ Saved (127.4 KB)
[744/2164] image: https://64.media.tumblr.com/c0ec5e192663e851cf1d1f7d36534658/tumblr_mj...
  ✓ Saved (219.7 KB)
[745/2164] image: https://64.media.tumblr.com/c27dec77f6c10fb844706ec890d014dd/2a3abf9a5...
  ✓ Saved (0.6 KB)
[746/2164] image: https://64.media.tumblr.com/c30b0a61af62c5d69e3d7d8238534b9a/577487122...
  Already exists, skipping...
[747/2164] image: https://64.media.tumblr.com/c692b5123aa976cb5eaa6932911d8ef4/tumblr_mf...
  ✓ Saved (355.4 KB)
[748/2164] image: https://64.media.tumblr.com/c69e45416c918926e02235289bb73398/c06a406b1...
  ✓ Saved (1.1 KB)
[749/2164] image: https://64.media.tumblr.com/c88824d1fe21ccba4eff6ce0b6a8cbab/tumblr_mj...
  ✓ Saved (322.4 KB)
[750/2164] image: https://64.media.tumblr.com/c9118345cfcbcf6a14237436dc256a32/e09008ccd...
  ✓ Saved (0.7 KB)
[751/2164] image: https://64.media.tumblr.com/c91206c13e7e6c4165cbe3328848dc74/tumblr_mf...
  ✓ Saved (74.7 KB)
[752/2164] image: https://64.media.tumblr.com/c95ea23947d1cc8141e9d6e5e8ed0514/tumblr_mf...
  ✓ Saved (198.5 KB)
[753/2164] image: https://64.media.tumblr.com/c9d3022ccac3ae93a32db9b4fd40fe14/tumblr_n3...
  Already exists, skipping...
[754/2164] image: https://64.media.tumblr.com/c9d7a5f9285270da5357aff1849984c5/645a60073...
  ✓ Saved (0.8 KB)
[755/2164] image: https://64.media.tumblr.com/ca6ae45f27ef82ace97f0bebede00973/tumblr_mj...
  ✓ Saved (228.4 KB)
[756/2164] image: https://64.media.tumblr.com/caa339b3be95268b7f23419b583ba44a/d8efca3dc...
  ✓ Saved (0.6 KB)
[757/2164] image: https://64.media.tumblr.com/cb22245aa23b4ca3c382c40f06ad9cc7/tumblr_mj...
  ✓ Saved (273.9 KB)
[758/2164] image: https://64.media.tumblr.com/cb3304d1b5474cef8a73f9ddcefc38ec/588e0da89...
  ✓ Saved (0.5 KB)
[759/2164] image: https://64.media.tumblr.com/ccb08cb5f753e6ff545e29bacc94dafc/45dd24c18...
  Already exists, skipping...
[760/2164] image: https://64.media.tumblr.com/cde70377a23ad35bd802af9bd121a62b/tumblr_mf...
  ✓ Saved (230.1 KB)
[761/2164] image: https://64.media.tumblr.com/cfe51394a4501b3c2d3d7e0f01aa28e5/tumblr_mu...
  Already exists, skipping...
[762/2164] image: https://64.media.tumblr.com/d0e552f9477e6be1859cf78685ef8bd9/tumblr_ml...
  ✓ Saved (376.3 KB)
[763/2164] image: https://64.media.tumblr.com/d15fc89ac550b9d5743eae1c3f5c317c/tumblr_ml...
  ✓ Saved (100.3 KB)
[764/2164] image: https://64.media.tumblr.com/d164977c6d38b66e00050ce9ffa37216/6012388c2...
  Already exists, skipping...
[765/2164] image: https://64.media.tumblr.com/d37b5942b667211c3547ea148afee0ee/e6d576fa3...
  ✓ Saved (0.8 KB)
[766/2164] image: https://64.media.tumblr.com/d452ed96856225d49deb3c39a2afe45a/tumblr_mf...
  ✓ Saved (269.3 KB)
[767/2164] image: https://64.media.tumblr.com/d4a7884d31f0917bc882bfe44a27aa00/9005d9a98...
  ✓ Saved (0.8 KB)
[768/2164] image: https://64.media.tumblr.com/d6e433f51165139daae4817aca6e028c/tumblr_n2...
  Already exists, skipping...
[769/2164] image: https://64.media.tumblr.com/dcd9f35b512354b1ea0cb21a09bf84f2/tumblr_ml...
  ✓ Saved (76.7 KB)
[770/2164] image: https://64.media.tumblr.com/dce2cd811318bfa5f316a46127daad7f/tumblr_mf...
  ✓ Saved (326.4 KB)
[771/2164] image: https://64.media.tumblr.com/dd8170873c22ac08eba534a6556a9d25/tumblr_mj...
  ✓ Saved (349.8 KB)
[772/2164] image: https://64.media.tumblr.com/deb5453ccd2a46af7d4e309bcd79caa1/tumblr_mf...
  ✓ Saved (465.0 KB)
[773/2164] image: https://64.media.tumblr.com/e0cbdf63afba6224c969c43b955100a3/tumblr_mf...
  ✓ Saved (54.9 KB)
[774/2164] image: https://64.media.tumblr.com/e14c2549c006c354872cd28078a112d7/tumblr_mw...
  Already exists, skipping...
[775/2164] image: https://64.media.tumblr.com/e166bd94ef701ec52480d042a8204775/tumblr_mf...
  ✓ Saved (499.8 KB)
[776/2164] image: https://64.media.tumblr.com/e3a49b1e324fa52694af5b89f18343b0/tumblr_mm...
  ✓ Saved (235.4 KB)
[777/2164] image: https://64.media.tumblr.com/e4be405fc97b325a5ca03819a92d7ffa/tumblr_mw...
  Already exists, skipping...
[778/2164] image: https://64.media.tumblr.com/e69423b5f73fab70fca7d9e4538e440d/tumblr_mf...
  ✓ Saved (148.3 KB)
[779/2164] image: https://64.media.tumblr.com/e9e0b008f6bf6a78c3a208efef8126f4/tumblr_mm...
  ✓ Saved (262.8 KB)
[780/2164] image: https://64.media.tumblr.com/ea8a755fb7f1170fa80c7579d16d0643/tumblr_mi...
  ✓ Saved (368.6 KB)
[781/2164] image: https://64.media.tumblr.com/ea93315411a1c5768bb8f0d4da5e54ba/tumblr_mj...
  ✓ Saved (194.8 KB)
[782/2164] image: https://64.media.tumblr.com/eade792f0f2c7621c846da4603445620/3bbd9d5ef...
  Already exists, skipping...
[783/2164] image: https://64.media.tumblr.com/ed82cee5fa8c13fc45960df445a466c3/tumblr_mf...
  ✓ Saved (320.6 KB)
[784/2164] image: https://64.media.tumblr.com/edad3844657d58ed6bad966e41ce7164/580a895f1...
  Already exists, skipping...
[785/2164] image: https://64.media.tumblr.com/f0952c0d4ce990f98c43fe520a312b81/tumblr_ml...
  ✓ Saved (242.1 KB)
[786/2164] image: https://64.media.tumblr.com/f16269295c7f5f84550a0c54081c9b45/tumblr_ml...
  ✓ Saved (256.0 KB)
[787/2164] image: https://64.media.tumblr.com/f16e86bea3512da8ae99b2502a750af4/tumblr_mj...
  ✓ Saved (100.4 KB)
[788/2164] image: https://64.media.tumblr.com/f1d7a252acdf766cc61170f2064de549/tumblr_ml...
  ✓ Saved (36.8 KB)
[789/2164] image: https://64.media.tumblr.com/f2e36137ce76c5f9e0c46340d1388199/tumblr_ml...
  ✓ Saved (319.8 KB)
[790/2164] image: https://64.media.tumblr.com/f34e4f006f7da5acb8f3f1fe4a1485b1/1e11707fe...
  ✓ Saved (0.8 KB)
[791/2164] image: https://64.media.tumblr.com/f48aed687bddefcb210dbdc10bc25987/tumblr_ml...
  ✓ Saved (100.3 KB)
[792/2164] image: https://64.media.tumblr.com/fae04e8f2df3c50594f9f42f5f356270/tumblr_mf...
  ✓ Saved (275.6 KB)
[793/2164] image: https://64.media.tumblr.com/fdcfbe4f00f861b3a2e750a525e27753/tumblr_mu...
  Already exists, skipping...
[794/2164] image: https://64.media.tumblr.com/tumblr_mdvl94JlB91rlcnubo1_1280.jpg...
  ✓ Saved (153.9 KB)
[795/2164] image: https://64.media.tumblr.com/tumblr_mdvl99UOZj1rlcnubo1_1280.jpg...
  ✓ Saved (159.1 KB)
[796/2164] image: https://64.media.tumblr.com/tumblr_mdvl9djANn1rlcnubo1_1280.jpg...
  ✓ Saved (200.1 KB)
[797/2164] image: https://64.media.tumblr.com/tumblr_mdvl9iwbhD1rlcnubo1_1280.jpg...
  ✓ Saved (311.2 KB)
[798/2164] image: https://64.media.tumblr.com/tumblr_mdvl9nA54n1rlcnubo1_1280.jpg...
  ✓ Saved (321.7 KB)
[799/2164] image: https://64.media.tumblr.com/tumblr_mdvl9rjqra1rlcnubo1_1280.jpg...
  ✓ Saved (100.8 KB)
[800/2164] image: https://64.media.tumblr.com/tumblr_mdvl9v5XlW1rlcnubo1_1280.jpg...
  ✓ Saved (108.7 KB)
[801/2164] image: https://64.media.tumblr.com/tumblr_mdvla1QZT01rlcnubo1_1280.jpg...
  ✓ Saved (111.3 KB)
[802/2164] image: https://64.media.tumblr.com/tumblr_mdvla4u6hE1rlcnubo1_1280.jpg...
  ✓ Saved (65.0 KB)
[803/2164] image: https://64.media.tumblr.com/tumblr_mdvla8SxiA1rlcnubo1_1280.jpg...
  ✓ Saved (73.8 KB)
[804/2164] image: https://64.media.tumblr.com/tumblr_mdvladhrC41rlcnubo1_1280.jpg...
  ✓ Saved (113.6 KB)
[805/2164] image: https://64.media.tumblr.com/tumblr_mdvlah37t71rlcnubo1_1280.jpg...
  ✓ Saved (86.5 KB)
[806/2164] image: https://64.media.tumblr.com/tumblr_mdvlalwg9f1rlcnubo1_1280.jpg...
  ✓ Saved (61.1 KB)
[807/2164] image: https://64.media.tumblr.com/tumblr_mdvlao8ipq1rlcnubo1_1280.jpg...
  ✓ Saved (48.7 KB)
[808/2164] image: https://64.media.tumblr.com/tumblr_mdvlasfCu71rlcnubo1_1280.jpg...
  ✓ Saved (197.5 KB)
[809/2164] image: https://64.media.tumblr.com/tumblr_mdvlaxKbxk1rlcnubo1_1280.jpg...
  ✓ Saved (114.2 KB)
[810/2164] image: https://64.media.tumblr.com/tumblr_mdvlb2rr2r1rlcnubo1_1280.jpg...
  ✓ Saved (118.0 KB)
[811/2164] image: https://64.media.tumblr.com/tumblr_mdvlb6DRKz1rlcnubo1_1280.jpg...
  ✓ Saved (168.2 KB)
[812/2164] image: https://64.media.tumblr.com/tumblr_mdvlbbsx6V1rlcnubo1_1280.jpg...
  ✓ Saved (208.2 KB)
[813/2164] image: https://64.media.tumblr.com/tumblr_mdvlbfxyYW1rlcnubo1_1280.jpg...
  ✓ Saved (86.8 KB)
[814/2164] image: https://64.media.tumblr.com/tumblr_mdvlbjNGRN1rlcnubo1_1280.jpg...
  ✓ Saved (177.4 KB)
[815/2164] image: https://64.media.tumblr.com/tumblr_mdvlbo3drI1rlcnubo1_1280.jpg...
  ✓ Saved (92.7 KB)
[816/2164] image: https://64.media.tumblr.com/tumblr_mdvlbs56VQ1rlcnubo1_1280.jpg...
  ✓ Saved (90.1 KB)
[817/2164] image: https://64.media.tumblr.com/tumblr_mdvlbxgY7c1rlcnubo1_1280.jpg...
  ✓ Saved (57.2 KB)
[818/2164] image: https://64.media.tumblr.com/tumblr_mdvlc1OqaM1rlcnubo1_1280.jpg...
  ✓ Saved (76.0 KB)
[819/2164] image: https://64.media.tumblr.com/tumblr_mdvlc52uhz1rlcnubo1_1280.jpg...
  ✓ Saved (105.1 KB)
[820/2164] image: https://64.media.tumblr.com/tumblr_mdvlc9L1qt1rlcnubo1_1280.jpg...
  ✓ Saved (73.4 KB)
[821/2164] image: https://64.media.tumblr.com/tumblr_mdvlcdee9m1rlcnubo1_1280.jpg...
  ✓ Saved (90.4 KB)
[822/2164] image: https://64.media.tumblr.com/tumblr_mdvlchLcT91rlcnubo1_1280.jpg...
  ✓ Saved (98.6 KB)
[823/2164] image: https://64.media.tumblr.com/tumblr_mdvlclS8va1rlcnubo1_1280.jpg...
  ✓ Saved (158.4 KB)
[824/2164] image: https://64.media.tumblr.com/tumblr_mdvlcqXvSk1rlcnubo1_1280.jpg...
  ✓ Saved (59.4 KB)
[825/2164] image: https://64.media.tumblr.com/tumblr_mdvlcuouCq1rlcnubo1_1280.jpg...
  ✓ Saved (172.5 KB)
[826/2164] image: https://64.media.tumblr.com/tumblr_mdvlcxK9u91rlcnubo1_1280.jpg...
  ✓ Saved (55.0 KB)
[827/2164] image: https://64.media.tumblr.com/tumblr_mdvld1RMGF1rlcnubo1_1280.jpg...
  ✓ Saved (170.6 KB)
[828/2164] image: https://64.media.tumblr.com/tumblr_mdvld6vlKE1rlcnubo1_1280.jpg...
  ✓ Saved (262.3 KB)
[829/2164] image: https://64.media.tumblr.com/tumblr_mdvldaMbgZ1rlcnubo1_1280.jpg...
  ✓ Saved (86.1 KB)
[830/2164] image: https://64.media.tumblr.com/tumblr_mdvlddG8yf1rlcnubo1_1280.jpg...
  ✓ Saved (63.9 KB)
[831/2164] image: https://64.media.tumblr.com/tumblr_mdvldhIIB31rlcnubo1_1280.jpg...
  ✓ Saved (81.6 KB)
[832/2164] image: https://64.media.tumblr.com/tumblr_mdvldkgX0L1rlcnubo1_1280.jpg...
  ✓ Saved (110.0 KB)
[833/2164] image: https://64.media.tumblr.com/tumblr_mdvldn9zXc1rlcnubo1_1280.jpg...
  ✓ Saved (82.7 KB)
[834/2164] image: https://64.media.tumblr.com/tumblr_mdvldqiDla1rlcnubo1_1280.jpg...
  ✓ Saved (75.5 KB)
[835/2164] image: https://64.media.tumblr.com/tumblr_mdvlduMUgm1rlcnubo1_1280.jpg...
  ✓ Saved (71.5 KB)
[836/2164] image: https://64.media.tumblr.com/tumblr_mdvldytQCU1rlcnubo1_1280.jpg...
  ✓ Saved (158.8 KB)
[837/2164] image: https://64.media.tumblr.com/tumblr_mdvle1IYft1rlcnubo1_1280.jpg...
  ✓ Saved (62.5 KB)
[838/2164] image: https://64.media.tumblr.com/tumblr_mdvle53P1f1rlcnubo1_1280.jpg...
  ✓ Saved (87.3 KB)
[839/2164] image: https://64.media.tumblr.com/tumblr_mdvle8fF0K1rlcnubo1_1280.jpg...
  ✓ Saved (91.0 KB)
[840/2164] image: https://64.media.tumblr.com/tumblr_mdvledXN7Z1rlcnubo1_1280.jpg...
  ✓ Saved (246.0 KB)
[841/2164] image: https://64.media.tumblr.com/tumblr_mdvleh6IVa1rlcnubo1_1280.jpg...
  ✓ Saved (117.5 KB)
[842/2164] image: https://64.media.tumblr.com/tumblr_mdvlej78fk1rlcnubo1_1280.jpg...
  ✓ Saved (135.8 KB)
[843/2164] image: https://64.media.tumblr.com/tumblr_mdvlenFp701rlcnubo1_1280.jpg...
  ✓ Saved (232.2 KB)
[844/2164] image: https://64.media.tumblr.com/tumblr_mdvlesdTPO1rlcnubo1_1280.jpg...
  ✓ Saved (201.9 KB)
[845/2164] image: https://64.media.tumblr.com/tumblr_mdvlewSdN11rlcnubo1_1280.jpg...
  ✓ Saved (53.5 KB)
[846/2164] image: https://64.media.tumblr.com/tumblr_mdvlezxC2N1rlcnubo1_1280.jpg...
  ✓ Saved (228.2 KB)
[847/2164] image: https://64.media.tumblr.com/tumblr_mdvlf38lNT1rlcnubo1_1280.jpg...
  ✓ Saved (59.4 KB)
[848/2164] image: https://64.media.tumblr.com/tumblr_mdvlf6IhPO1rlcnubo1_1280.jpg...
  ✓ Saved (77.2 KB)
[849/2164] image: https://64.media.tumblr.com/tumblr_mdvlf9XuJK1rlcnubo1_1280.jpg...
  ✓ Saved (72.0 KB)
[850/2164] image: https://64.media.tumblr.com/tumblr_mdvlfc74Ne1rlcnubo1_1280.jpg...
  ✓ Saved (51.3 KB)
[851/2164] image: https://64.media.tumblr.com/tumblr_mdvlfgu5op1rlcnubo1_1280.jpg...
  ✓ Saved (124.5 KB)
[852/2164] image: https://64.media.tumblr.com/tumblr_mdvlfkAdEj1rlcnubo1_1280.jpg...
  ✓ Saved (86.5 KB)
[853/2164] image: https://64.media.tumblr.com/tumblr_mdvlfoaHYh1rlcnubo1_1280.jpg...
  ✓ Saved (168.0 KB)
[854/2164] image: https://64.media.tumblr.com/tumblr_mdvlftR1r31rlcnubo1_1280.jpg...
  ✓ Saved (73.6 KB)
[855/2164] image: https://64.media.tumblr.com/tumblr_mdvlfzoTiW1rlcnubo1_1280.jpg...
  ✓ Saved (219.6 KB)
[856/2164] image: https://64.media.tumblr.com/tumblr_mdvlg3BiZ51rlcnubo1_1280.jpg...
  ✓ Saved (188.1 KB)
[857/2164] image: https://64.media.tumblr.com/tumblr_mdvlg7WOnj1rlcnubo1_1280.jpg...
  ✓ Saved (79.8 KB)
[858/2164] image: https://64.media.tumblr.com/tumblr_mdvlgbWM2c1rlcnubo1_1280.jpg...
  ✓ Saved (112.4 KB)
[859/2164] image: https://64.media.tumblr.com/tumblr_mdvlggP8IY1rlcnubo1_1280.jpg...
  ✓ Saved (99.8 KB)
[860/2164] image: https://64.media.tumblr.com/tumblr_mdvlgkBsxz1rlcnubo1_1280.jpg...
  ✓ Saved (86.9 KB)
[861/2164] image: https://64.media.tumblr.com/tumblr_mdvlgr7agO1rlcnubo1_1280.jpg...
  ✓ Saved (76.8 KB)
[862/2164] image: https://64.media.tumblr.com/tumblr_mdvlgsNzHb1rlcnubo1_1280.jpg...
  ✓ Saved (32.6 KB)
[863/2164] image: https://64.media.tumblr.com/tumblr_mdvlguLe6a1rlcnubo1_1280.jpg...
  ✓ Saved (75.8 KB)
[864/2164] image: https://64.media.tumblr.com/tumblr_mdvpaiJNcJ1rlcnubo1_1280.jpg...
  ✓ Saved (44.1 KB)
[865/2164] image: https://64.media.tumblr.com/tumblr_mdvpan2Js81rlcnubo1_1280.jpg...
  ✓ Saved (64.6 KB)
[866/2164] image: https://64.media.tumblr.com/tumblr_mdvpas3jza1rlcnubo1_1280.jpg...
  ✓ Saved (65.3 KB)
[867/2164] image: https://64.media.tumblr.com/tumblr_mdvpayGRnr1rlcnubo1_1280.jpg...
  ✓ Saved (108.7 KB)
[868/2164] image: https://64.media.tumblr.com/tumblr_mdvpb5TLSC1rlcnubo1_1280.jpg...
  ✓ Saved (54.2 KB)
[869/2164] image: https://64.media.tumblr.com/tumblr_mdvpbaETyr1rlcnubo1_1280.jpg...
  ✓ Saved (55.3 KB)
[870/2164] image: https://64.media.tumblr.com/tumblr_mdvpbfrHeO1rlcnubo1_1280.jpg...
  ✓ Saved (88.6 KB)
[871/2164] image: https://64.media.tumblr.com/tumblr_mdvpbm6lSl1rlcnubo1_1280.jpg...
  ✓ Saved (60.6 KB)
[872/2164] image: https://64.media.tumblr.com/tumblr_mdvpbuxwn61rlcnubo1_1280.jpg...
  ✓ Saved (32.5 KB)
[873/2164] image: https://64.media.tumblr.com/tumblr_mdvpbypqD41rlcnubo1_1280.jpg...
  ✓ Saved (35.8 KB)
[874/2164] image: https://64.media.tumblr.com/tumblr_mdvpc3MxVG1rlcnubo1_1280.jpg...
  ✓ Saved (48.5 KB)
[875/2164] image: https://64.media.tumblr.com/tumblr_mdvpc8jfN71rlcnubo1_1280.jpg...
  ✓ Saved (36.7 KB)
[876/2164] image: https://64.media.tumblr.com/tumblr_mdvpcdJdaX1rlcnubo1_1280.jpg...
  ✓ Saved (63.8 KB)
[877/2164] image: https://64.media.tumblr.com/tumblr_mdvpciGtbL1rlcnubo1_1280.jpg...
  ✓ Saved (52.8 KB)
[878/2164] image: https://64.media.tumblr.com/tumblr_mdvpcnPMS01rlcnubo1_1280.jpg...
  ✓ Saved (52.3 KB)
[879/2164] image: https://64.media.tumblr.com/tumblr_mdvpcsvMzE1rlcnubo1_1280.jpg...
  ✓ Saved (119.6 KB)
[880/2164] image: https://64.media.tumblr.com/tumblr_mdvpcysu2W1rlcnubo1_1280.jpg...
  ✓ Saved (111.4 KB)
[881/2164] image: https://64.media.tumblr.com/tumblr_mdvpd4KoBh1rlcnubo1_1280.jpg...
  ✓ Saved (55.6 KB)
[882/2164] image: https://64.media.tumblr.com/tumblr_mdvpd8y6zW1rlcnubo1_1280.jpg...
  ✓ Saved (70.8 KB)
[883/2164] image: https://64.media.tumblr.com/tumblr_mdvpdcnKOo1rlcnubo1_1280.jpg...
  ✓ Saved (35.3 KB)
[884/2164] image: https://64.media.tumblr.com/tumblr_mdvpdfVreu1rlcnubo1_1280.jpg...
  ✓ Saved (60.3 KB)
[885/2164] image: https://64.media.tumblr.com/tumblr_mdvpdjKOAB1rlcnubo1_1280.jpg...
  ✓ Saved (40.4 KB)
[886/2164] image: https://64.media.tumblr.com/tumblr_mdvpdn0Rh51rlcnubo1_1280.jpg...
  ✓ Saved (63.5 KB)
[887/2164] image: https://64.media.tumblr.com/tumblr_mdvpdrvw4A1rlcnubo1_1280.jpg...
  ✓ Saved (73.2 KB)
[888/2164] image: https://64.media.tumblr.com/tumblr_mdvpdw5nXr1rlcnubo1_1280.jpg...
  ✓ Saved (43.4 KB)
[889/2164] image: https://64.media.tumblr.com/tumblr_mdvpdzVB9Q1rlcnubo1_1280.jpg...
  ✓ Saved (55.4 KB)
[890/2164] image: https://64.media.tumblr.com/tumblr_mdvpe4Qhcv1rlcnubo1_1280.jpg...
  ✓ Saved (66.8 KB)
[891/2164] image: https://64.media.tumblr.com/tumblr_mdvpe7R4jo1rlcnubo1_1280.jpg...
  ✓ Saved (37.5 KB)
[892/2164] image: https://64.media.tumblr.com/tumblr_mdvpeaLCIg1rlcnubo1_1280.jpg...
  ✓ Saved (49.1 KB)
[893/2164] image: https://64.media.tumblr.com/tumblr_mdvpeeVh7r1rlcnubo1_1280.jpg...
  ✓ Saved (83.1 KB)
[894/2164] image: https://64.media.tumblr.com/tumblr_mdvpehNyXW1rlcnubo1_1280.jpg...
  ✓ Saved (45.6 KB)
[895/2164] image: https://64.media.tumblr.com/tumblr_mdvpelWICM1rlcnubo1_1280.jpg...
  ✓ Saved (58.9 KB)
[896/2164] image: https://64.media.tumblr.com/tumblr_mdvpeplqDj1rlcnubo1_1280.jpg...
  ✓ Saved (65.0 KB)
[897/2164] image: https://64.media.tumblr.com/tumblr_mdvpetqcg51rlcnubo1_1280.jpg...
  ✓ Saved (67.8 KB)
[898/2164] image: https://64.media.tumblr.com/tumblr_mdvpeyHNg31rlcnubo1_1280.jpg...
  ✓ Saved (69.8 KB)
[899/2164] image: https://64.media.tumblr.com/tumblr_mdvpf2BxYP1rlcnubo1_1280.jpg...
  ✓ Saved (50.6 KB)
[900/2164] image: https://64.media.tumblr.com/tumblr_mdvpf6s8wn1rlcnubo1_1280.jpg...
  ✓ Saved (51.7 KB)
[901/2164] image: https://64.media.tumblr.com/tumblr_mdvpfbTDwZ1rlcnubo1_1280.jpg...
  ✓ Saved (61.8 KB)
[902/2164] image: https://64.media.tumblr.com/tumblr_mdvpfgn2a01rlcnubo1_1280.jpg...
  ✓ Saved (60.1 KB)
[903/2164] image: https://64.media.tumblr.com/tumblr_mdvpflUNcl1rlcnubo1_1280.jpg...
  ✓ Saved (71.3 KB)
[904/2164] image: https://64.media.tumblr.com/tumblr_mdvpfpZhQI1rlcnubo1_1280.jpg...
  ✓ Saved (106.0 KB)
[905/2164] image: https://64.media.tumblr.com/tumblr_mdvpftRiEY1rlcnubo1_1280.jpg...
  ✓ Saved (35.5 KB)
[906/2164] image: https://64.media.tumblr.com/tumblr_mdvpfxNgjX1rlcnubo1_1280.jpg...
  ✓ Saved (58.7 KB)
[907/2164] image: https://64.media.tumblr.com/tumblr_mdvpg2bZra1rlcnubo1_1280.jpg...
  ✓ Saved (63.9 KB)
[908/2164] image: https://64.media.tumblr.com/tumblr_mdvpg6iCJ21rlcnubo1_1280.jpg...
  ✓ Saved (51.4 KB)
[909/2164] image: https://64.media.tumblr.com/tumblr_mdvpgboNw01rlcnubo1_1280.jpg...
  ✓ Saved (50.2 KB)
[910/2164] image: https://64.media.tumblr.com/tumblr_mdvpgfNWQQ1rlcnubo1_1280.jpg...
  ✓ Saved (63.6 KB)
[911/2164] image: https://64.media.tumblr.com/tumblr_mdvpgkjGE61rlcnubo1_1280.jpg...
  ✓ Saved (41.5 KB)
[912/2164] image: https://64.media.tumblr.com/tumblr_mdvpgpJ7fr1rlcnubo1_1280.jpg...
  ✓ Saved (42.2 KB)
[913/2164] image: https://64.media.tumblr.com/tumblr_mdyoh9i3z81rlcnubo1_1280.jpg...
  ✓ Saved (137.5 KB)
[914/2164] image: https://64.media.tumblr.com/tumblr_mdyohdOInG1rlcnubo1_1280.jpg...
  ✓ Saved (89.6 KB)
[915/2164] image: https://64.media.tumblr.com/tumblr_mdyohgUlvx1rlcnubo1_1280.jpg...
  ✓ Saved (88.4 KB)
[916/2164] image: https://64.media.tumblr.com/tumblr_mdyohj1hnV1rlcnubo1_1280.jpg...
  ✓ Saved (72.9 KB)
[917/2164] image: https://64.media.tumblr.com/tumblr_mdyohmwBjs1rlcnubo1_1280.jpg...
  ✓ Saved (88.8 KB)
[918/2164] image: https://64.media.tumblr.com/tumblr_mdyohp8Zvx1rlcnubo1_1280.jpg...
  ✓ Saved (115.9 KB)
[919/2164] image: https://64.media.tumblr.com/tumblr_mdyohrV4Rh1rlcnubo1_1280.jpg...
  ✓ Saved (76.0 KB)
[920/2164] image: https://64.media.tumblr.com/tumblr_mdyohupUqt1rlcnubo1_1280.jpg...
  ✓ Saved (105.7 KB)
[921/2164] image: https://64.media.tumblr.com/tumblr_mdyohxRC651rlcnubo1_1280.jpg...
  ✓ Saved (82.2 KB)
[922/2164] image: https://64.media.tumblr.com/tumblr_mdyoi0Fi601rlcnubo1_1280.jpg...
  ✓ Saved (142.7 KB)
[923/2164] image: https://64.media.tumblr.com/tumblr_mdyoi2Mu5G1rlcnubo1_1280.jpg...
  ✓ Saved (103.9 KB)
[924/2164] image: https://64.media.tumblr.com/tumblr_mdyoi6rUHX1rlcnubo1_1280.jpg...
  ✓ Saved (81.6 KB)
[925/2164] image: https://64.media.tumblr.com/tumblr_mdyoi8PNiF1rlcnubo1_1280.jpg...
  ✓ Saved (107.9 KB)
[926/2164] image: https://64.media.tumblr.com/tumblr_mdyoibsBuX1rlcnubo1_1280.jpg...
  ✓ Saved (73.0 KB)
[927/2164] image: https://64.media.tumblr.com/tumblr_mdyoieJZFP1rlcnubo1_1280.jpg...
  ✓ Saved (87.2 KB)
[928/2164] image: https://64.media.tumblr.com/tumblr_mdyoigoZhM1rlcnubo1_1280.jpg...
  ✓ Saved (56.4 KB)
[929/2164] image: https://64.media.tumblr.com/tumblr_mdyoijmfGw1rlcnubo1_1280.jpg...
  ✓ Saved (79.2 KB)
[930/2164] image: https://64.media.tumblr.com/tumblr_mdyoilfgOO1rlcnubo1_1280.jpg...
  ✓ Saved (65.2 KB)
[931/2164] image: https://64.media.tumblr.com/tumblr_mdyoinmaQc1rlcnubo1_1280.jpg...
  ✓ Saved (87.0 KB)
[932/2164] image: https://64.media.tumblr.com/tumblr_mdyoisdHnc1rlcnubo1_1280.jpg...
  ✓ Saved (47.4 KB)
[933/2164] image: https://64.media.tumblr.com/tumblr_mdyoiuPSk71rlcnubo1_1280.jpg...
  ✓ Saved (72.3 KB)
[934/2164] image: https://64.media.tumblr.com/tumblr_mdyoixF70O1rlcnubo1_1280.jpg...
  ✓ Saved (37.8 KB)
[935/2164] image: https://64.media.tumblr.com/tumblr_mdyoizu9SR1rlcnubo1_1280.jpg...
  ✓ Saved (73.7 KB)
[936/2164] image: https://64.media.tumblr.com/tumblr_mdyoj1ngIS1rlcnubo1_1280.jpg...
  ✓ Saved (64.3 KB)
[937/2164] image: https://64.media.tumblr.com/tumblr_mdyoj4Oz2h1rlcnubo1_1280.jpg...
  ✓ Saved (35.3 KB)
[938/2164] image: https://64.media.tumblr.com/tumblr_mdyoj6aJAE1rlcnubo1_1280.jpg...
  ✓ Saved (113.9 KB)
[939/2164] image: https://64.media.tumblr.com/tumblr_mdyojaHLS81rlcnubo1_1280.jpg...
  ✓ Saved (106.1 KB)
[940/2164] image: https://64.media.tumblr.com/tumblr_mdyojduaSo1rlcnubo1_1280.jpg...
  ✓ Saved (78.8 KB)
[941/2164] image: https://64.media.tumblr.com/tumblr_mdyojf5P1Y1rlcnubo1_1280.jpg...
  ✓ Saved (93.3 KB)
[942/2164] image: https://64.media.tumblr.com/tumblr_mdyojiPGDp1rlcnubo1_1280.jpg...
  ✓ Saved (95.9 KB)
[943/2164] image: https://64.media.tumblr.com/tumblr_mdyojla19L1rlcnubo1_1280.jpg...
  ✓ Saved (96.2 KB)
[944/2164] image: https://64.media.tumblr.com/tumblr_me09x21JFX1rlcnubo1_1280.jpg...
  ✓ Saved (85.7 KB)
[945/2164] image: https://64.media.tumblr.com/tumblr_me09x5wUQv1rlcnubo1_1280.jpg...
  ✓ Saved (109.2 KB)
[946/2164] image: https://64.media.tumblr.com/tumblr_me09x77xQz1rlcnubo1_1280.jpg...
  ✓ Saved (90.0 KB)
[947/2164] image: https://64.media.tumblr.com/tumblr_me09xl8T0i1rlcnubo1_1280.jpg...
  ✓ Saved (61.5 KB)
[948/2164] image: https://64.media.tumblr.com/tumblr_me09xoDodu1rlcnubo1_1280.jpg...
  ✓ Saved (109.9 KB)
[949/2164] image: https://64.media.tumblr.com/tumblr_me09xq6Iz51rlcnubo1_1280.jpg...
  ✓ Saved (83.7 KB)
[950/2164] image: https://64.media.tumblr.com/tumblr_me09xsoSN71rlcnubo1_1280.jpg...
  ✓ Saved (130.9 KB)
[951/2164] image: https://64.media.tumblr.com/tumblr_me09xvnjhd1rlcnubo1_1280.jpg...
  ✓ Saved (78.8 KB)
[952/2164] image: https://64.media.tumblr.com/tumblr_me09xxItJ31rlcnubo1_1280.jpg...
  ✓ Saved (70.2 KB)
[953/2164] image: https://64.media.tumblr.com/tumblr_me09xzX9Ui1rlcnubo1_1280.jpg...
  ✓ Saved (134.2 KB)
[954/2164] image: https://64.media.tumblr.com/tumblr_me09y2vdry1rlcnubo1_1280.jpg...
  ✓ Saved (92.0 KB)
[955/2164] image: https://64.media.tumblr.com/tumblr_me09y48Myo1rlcnubo1_1280.jpg...
  ✓ Saved (77.6 KB)
[956/2164] image: https://64.media.tumblr.com/tumblr_me09y65gLy1rlcnubo1_1280.jpg...
  ✓ Saved (92.6 KB)
[957/2164] image: https://64.media.tumblr.com/tumblr_me09y8R0dR1rlcnubo1_1280.jpg...
  ✓ Saved (65.5 KB)
[958/2164] image: https://64.media.tumblr.com/tumblr_me0hlxPd731rlcnubo1_1280.jpg...
  ✓ Saved (68.0 KB)
[959/2164] image: https://64.media.tumblr.com/tumblr_me0hn0zz2z1rlcnubo1_1280.jpg...
  ✓ Saved (75.1 KB)
[960/2164] image: https://64.media.tumblr.com/tumblr_me0hofCVlA1rlcnubo1_1280.jpg...
  ✓ Saved (80.8 KB)
[961/2164] image: https://64.media.tumblr.com/tumblr_me0jxrMfuo1rlcnubo1_1280.gifv...
  ✓ Saved (798.1 KB)
[962/2164] image: https://64.media.tumblr.com/tumblr_me0jz5PCOS1rlcnubo1_1280.jpg...
  ✓ Saved (389.9 KB)
[963/2164] image: https://64.media.tumblr.com/tumblr_me0k97Fp2E1rlcnubo1_1280.jpg...
  ✓ Saved (161.3 KB)
[964/2164] image: https://64.media.tumblr.com/tumblr_me0kafizd41rlcnubo1_1280.jpg...
  ✓ Saved (339.1 KB)
[965/2164] image: https://64.media.tumblr.com/tumblr_me0kciTFVW1rlcnubo1_1280.gifv...
  ✓ Saved (1023.6 KB)
[966/2164] image: https://64.media.tumblr.com/tumblr_me0kvnNgB31rlcnubo1_1280.jpg...
  ✓ Saved (125.9 KB)
[967/2164] image: https://64.media.tumblr.com/tumblr_me23fcauIG1rlcnubo1_1280.jpg...
  ✓ Saved (436.3 KB)
[968/2164] image: https://64.media.tumblr.com/tumblr_me23fvioqZ1rlcnubo1_1280.jpg...
  ✓ Saved (647.7 KB)
[969/2164] image: https://64.media.tumblr.com/tumblr_me23gcKqTd1rlcnubo1_1280.jpg...
  ✓ Saved (467.5 KB)
[970/2164] image: https://64.media.tumblr.com/tumblr_me23gtsAu31rlcnubo1_1280.jpg...
  ✓ Saved (331.3 KB)
[971/2164] image: https://64.media.tumblr.com/tumblr_me23haO4Ie1rlcnubo1_1280.jpg...
  ✓ Saved (520.3 KB)
[972/2164] image: https://64.media.tumblr.com/tumblr_me23hqSvp91rlcnubo1_1280.jpg...
  ✓ Saved (67.2 KB)
[973/2164] image: https://64.media.tumblr.com/tumblr_me23i7vwuc1rlcnubo1_1280.jpg...
  ✓ Saved (371.3 KB)
[974/2164] image: https://64.media.tumblr.com/tumblr_me23ioBe8H1rlcnubo1_1280.jpg...
  ✓ Saved (239.2 KB)
[975/2164] image: https://64.media.tumblr.com/tumblr_me23j3Nt071rlcnubo1_1280.jpg...
  ✓ Saved (171.2 KB)
[976/2164] image: https://assets.tumblr.com/images/default_avatar/cone_closed_16.png...
  Already exists, skipping...
[977/2164] image: https://assets.tumblr.com/images/default_avatar/cone_open_16.png...
  Already exists, skipping...
[978/2164] image: https://assets.tumblr.com/images/default_avatar/cube_closed_16.png...
  Already exists, skipping...
[979/2164] image: https://assets.tumblr.com/images/default_avatar/cube_open_16.png...
  Already exists, skipping...
[980/2164] image: https://assets.tumblr.com/images/default_avatar/octahedron_closed_16.p...
  Already exists, skipping...
[981/2164] image: https://assets.tumblr.com/images/default_avatar/octahedron_open_16.png...
  Already exists, skipping...
[982/2164] image: https://assets.tumblr.com/images/default_avatar/pyramid_closed_16.png...
  Already exists, skipping...
[983/2164] image: https://assets.tumblr.com/images/default_avatar/pyramid_open_16.png...
  Already exists, skipping...
[984/2164] image: https://assets.tumblr.com/images/default_avatar/sphere_closed_16.png...
  Already exists, skipping...
[985/2164] image: https://assets.tumblr.com/images/default_avatar/sphere_open_16.png...
  Already exists, skipping...
[986/2164] image: https://assets.tumblr.com/images/default_avatar_16.png...
  Already exists, skipping...
[987/2164] image: https://px.srvcs.tumblr.com/impixu?T=1767025148&J=eyJ0eXBlIjoicG9zdCIs...
  ✓ Saved (0.1 KB)
[988/2164] image: https://px.srvcs.tumblr.com/impixu?T=1767025148&J=eyJ0eXBlIjoidXJsIiwi...
  ✓ Saved (0.1 KB)
[989/2164] image: https://px.srvcs.tumblr.com/impixu?T=1767025149&J=eyJ0eXBlIjoicG9zdCIs...
  ✓ Saved (0.1 KB)
[990/2164] image: https://px.srvcs.tumblr.com/impixu?T=1767025149&J=eyJ0eXBlIjoidXJsIiwi...
  ✓ Saved (0.1 KB)
[991/2164] image: https://px.srvcs.tumblr.com/impixu?T=1767025150&J=eyJ0eXBlIjoicG9zdCIs...
  ✓ Saved (0.1 KB)
[992/2164] image: https://px.srvcs.tumblr.com/impixu?T=1767025150&J=eyJ0eXBlIjoidXJsIiwi...
  ✓ Saved (0.1 KB)
[993/2164] image: https://px.srvcs.tumblr.com/impixu?T=1767025151&J=eyJ0eXBlIjoicG9zdCIs...
  ✓ Saved (0.1 KB)
[994/2164] image: https://px.srvcs.tumblr.com/impixu?T=1767025151&J=eyJ0eXBlIjoidXJsIiwi...
  ✓ Saved (0.1 KB)
[995/2164] image: https://px.srvcs.tumblr.com/impixu?T=1767025152&J=eyJ0eXBlIjoicG9zdCIs...
  ✓ Saved (0.1 KB)
[996/2164] image: https://px.srvcs.tumblr.com/impixu?T=1767025152&J=eyJ0eXBlIjoidXJsIiwi...
  ✓ Saved (0.1 KB)
[997/2164] image: https://px.srvcs.tumblr.com/impixu?T=1767025153&J=eyJ0eXBlIjoicG9zdCIs...
  ✓ Saved (0.1 KB)
[998/2164] image: https://px.srvcs.tumblr.com/impixu?T=1767025153&J=eyJ0eXBlIjoidXJsIiwi...
  ✓ Saved (0.1 KB)
[999/2164] image: https://px.srvcs.tumblr.com/impixu?T=1767025154&J=eyJ0eXBlIjoicG9zdCIs...
  ✓ Saved (0.1 KB)
[1000/2164] image: https://px.srvcs.tumblr.com/impixu?T=1767025154&J=eyJ0eXBlIjoidXJsIiwi...
  ✓ Saved (0.1 KB)
[1001/2164] image: https://px.srvcs.tumblr.com/impixu?T=1767025156&J=eyJ0eXBlIjoicG9zdCIs...
  ✓ Saved (0.1 KB)
[1002/2164] image: https://px.srvcs.tumblr.com/impixu?T=1767025156&J=eyJ0eXBlIjoidXJsIiwi...
  ✓ Saved (0.1 KB)
[1003/2164] image: https://px.srvcs.tumblr.com/impixu?T=1767025157&J=eyJ0eXBlIjoicG9zdCIs...
  ✓ Saved (0.1 KB)
[1004/2164] image: https://px.srvcs.tumblr.com/impixu?T=1767025157&J=eyJ0eXBlIjoidXJsIiwi...
  ✓ Saved (0.1 KB)
[1005/2164] image: https://px.srvcs.tumblr.com/impixu?T=1767025158&J=eyJ0eXBlIjoicG9zdCIs...
  ✓ Saved (0.1 KB)
[1006/2164] image: https://px.srvcs.tumblr.com/impixu?T=1767025158&J=eyJ0eXBlIjoidXJsIiwi...
  ✓ Saved (0.1 KB)
[1007/2164] image: https://px.srvcs.tumblr.com/impixu?T=1767025159&J=eyJ0eXBlIjoicG9zdCIs...
  ✓ Saved (0.1 KB)
[1008/2164] image: https://px.srvcs.tumblr.com/impixu?T=1767025159&J=eyJ0eXBlIjoidXJsIiwi...
  ✓ Saved (0.1 KB)
[1009/2164] image: https://px.srvcs.tumblr.com/impixu?T=1767025160&J=eyJ0eXBlIjoicG9zdCIs...
  ✓ Saved (0.1 KB)
[1010/2164] image: https://px.srvcs.tumblr.com/impixu?T=1767025160&J=eyJ0eXBlIjoidXJsIiwi...
  ✓ Saved (0.1 KB)
[1011/2164] image: https://px.srvcs.tumblr.com/impixu?T=1767025161&J=eyJ0eXBlIjoicG9zdCIs...
  ✓ Saved (0.1 KB)
[1012/2164] image: https://px.srvcs.tumblr.com/impixu?T=1767025161&J=eyJ0eXBlIjoidXJsIiwi...
  ✓ Saved (0.1 KB)
[1013/2164] image: https://px.srvcs.tumblr.com/impixu?T=1767025163&J=eyJ0eXBlIjoicG9zdCIs...
  ✓ Saved (0.1 KB)
[1014/2164] image: https://px.srvcs.tumblr.com/impixu?T=1767025163&J=eyJ0eXBlIjoidXJsIiwi...
  ✓ Saved (0.1 KB)
[1015/2164] image: https://px.srvcs.tumblr.com/impixu?T=1767025164&J=eyJ0eXBlIjoicG9zdCIs...
  ✓ Saved (0.1 KB)
[1016/2164] image: https://px.srvcs.tumblr.com/impixu?T=1767025164&J=eyJ0eXBlIjoidXJsIiwi...
  ✓ Saved (0.1 KB)
[1017/2164] image: https://px.srvcs.tumblr.com/impixu?T=1767025165&J=eyJ0eXBlIjoicG9zdCIs...
  ✓ Saved (0.1 KB)
[1018/2164] image: https://px.srvcs.tumblr.com/impixu?T=1767025165&J=eyJ0eXBlIjoidXJsIiwi...
  ✓ Saved (0.1 KB)
[1019/2164] image: https://px.srvcs.tumblr.com/impixu?T=1767025166&J=eyJ0eXBlIjoicG9zdCIs...
  ✓ Saved (0.1 KB)
[1020/2164] image: https://px.srvcs.tumblr.com/impixu?T=1767025166&J=eyJ0eXBlIjoidXJsIiwi...
  ✓ Saved (0.1 KB)
[1021/2164] image: https://px.srvcs.tumblr.com/impixu?T=1767025167&J=eyJ0eXBlIjoicG9zdCIs...
  ✓ Saved (0.1 KB)
[1022/2164] image: https://px.srvcs.tumblr.com/impixu?T=1767025167&J=eyJ0eXBlIjoidXJsIiwi...
  ✓ Saved (0.1 KB)
[1023/2164] image: https://px.srvcs.tumblr.com/impixu?T=1767025168&J=eyJ0eXBlIjoicG9zdCIs...
  ✓ Saved (0.1 KB)
[1024/2164] image: https://px.srvcs.tumblr.com/impixu?T=1767025168&J=eyJ0eXBlIjoidXJsIiwi...
  ✓ Saved (0.1 KB)
[1025/2164] image: https://px.srvcs.tumblr.com/impixu?T=1767025169&J=eyJ0eXBlIjoicG9zdCIs...
  ✓ Saved (0.1 KB)
[1026/2164] image: https://px.srvcs.tumblr.com/impixu?T=1767025169&J=eyJ0eXBlIjoidXJsIiwi...
  ✓ Saved (0.1 KB)
[1027/2164] image: https://px.srvcs.tumblr.com/impixu?T=1767025171&J=eyJ0eXBlIjoicG9zdCIs...
  ✓ Saved (0.1 KB)
[1028/2164] image: https://px.srvcs.tumblr.com/impixu?T=1767025171&J=eyJ0eXBlIjoidXJsIiwi...
  ✓ Saved (0.1 KB)
[1029/2164] image: https://px.srvcs.tumblr.com/impixu?T=1767025172&J=eyJ0eXBlIjoicG9zdCIs...
  ✓ Saved (0.1 KB)
[1030/2164] image: https://px.srvcs.tumblr.com/impixu?T=1767025172&J=eyJ0eXBlIjoidXJsIiwi...
  ✓ Saved (0.1 KB)
[1031/2164] image: https://px.srvcs.tumblr.com/impixu?T=1767025173&J=eyJ0eXBlIjoicG9zdCIs...
  ✓ Saved (0.1 KB)
[1032/2164] image: https://px.srvcs.tumblr.com/impixu?T=1767025173&J=eyJ0eXBlIjoidXJsIiwi...
  ✓ Saved (0.1 KB)
[1033/2164] image: https://px.srvcs.tumblr.com/impixu?T=1767025174&J=eyJ0eXBlIjoicG9zdCIs...
  ✓ Saved (0.1 KB)
[1034/2164] image: https://px.srvcs.tumblr.com/impixu?T=1767025174&J=eyJ0eXBlIjoidXJsIiwi...
  ✓ Saved (0.1 KB)
[1035/2164] image: https://px.srvcs.tumblr.com/impixu?T=1767025175&J=eyJ0eXBlIjoicG9zdCIs...
  ✓ Saved (0.1 KB)
[1036/2164] image: https://px.srvcs.tumblr.com/impixu?T=1767025175&J=eyJ0eXBlIjoidXJsIiwi...
  ✓ Saved (0.1 KB)
[1037/2164] image: https://px.srvcs.tumblr.com/impixu?T=1767025176&J=eyJ0eXBlIjoicG9zdCIs...
  ✓ Saved (0.1 KB)
[1038/2164] image: https://px.srvcs.tumblr.com/impixu?T=1767025176&J=eyJ0eXBlIjoidXJsIiwi...
  ✓ Saved (0.1 KB)
[1039/2164] image: https://px.srvcs.tumblr.com/impixu?T=1767025178&J=eyJ0eXBlIjoicG9zdCIs...
  ✓ Saved (0.1 KB)
[1040/2164] image: https://px.srvcs.tumblr.com/impixu?T=1767025178&J=eyJ0eXBlIjoidXJsIiwi...
  ✓ Saved (0.1 KB)
[1041/2164] image: https://px.srvcs.tumblr.com/impixu?T=1767025179&J=eyJ0eXBlIjoicG9zdCIs...
  ✓ Saved (0.1 KB)
[1042/2164] image: https://px.srvcs.tumblr.com/impixu?T=1767025179&J=eyJ0eXBlIjoidXJsIiwi...
  ✓ Saved (0.1 KB)
[1043/2164] image: https://px.srvcs.tumblr.com/impixu?T=1767025180&J=eyJ0eXBlIjoicG9zdCIs...
  ✓ Saved (0.1 KB)
[1044/2164] image: https://px.srvcs.tumblr.com/impixu?T=1767025180&J=eyJ0eXBlIjoidXJsIiwi...
  ✓ Saved (0.1 KB)
[1045/2164] image: https://px.srvcs.tumblr.com/impixu?T=1767025181&J=eyJ0eXBlIjoicG9zdCIs...
  ✓ Saved (0.1 KB)
[1046/2164] image: https://px.srvcs.tumblr.com/impixu?T=1767025181&J=eyJ0eXBlIjoidXJsIiwi...
  ✓ Saved (0.1 KB)
[1047/2164] image: https://px.srvcs.tumblr.com/impixu?T=1767025182&J=eyJ0eXBlIjoicG9zdCIs...
  ✓ Saved (0.1 KB)
[1048/2164] image: https://px.srvcs.tumblr.com/impixu?T=1767025182&J=eyJ0eXBlIjoidXJsIiwi...
  ✓ Saved (0.1 KB)
[1049/2164] image: https://px.srvcs.tumblr.com/impixu?T=1767025183&J=eyJ0eXBlIjoicG9zdCIs...
  ✓ Saved (0.1 KB)
[1050/2164] image: https://px.srvcs.tumblr.com/impixu?T=1767025183&J=eyJ0eXBlIjoidXJsIiwi...
  ✓ Saved (0.1 KB)
[1051/2164] image: https://px.srvcs.tumblr.com/impixu?T=1767025184&J=eyJ0eXBlIjoicG9zdCIs...
  ✓ Saved (0.1 KB)
[1052/2164] image: https://px.srvcs.tumblr.com/impixu?T=1767025184&J=eyJ0eXBlIjoidXJsIiwi...
  ✓ Saved (0.1 KB)
[1053/2164] image: https://px.srvcs.tumblr.com/impixu?T=1767025186&J=eyJ0eXBlIjoicG9zdCIs...
  ✓ Saved (0.1 KB)
[1054/2164] image: https://px.srvcs.tumblr.com/impixu?T=1767025186&J=eyJ0eXBlIjoidXJsIiwi...
  ✓ Saved (0.1 KB)
[1055/2164] image: https://px.srvcs.tumblr.com/impixu?T=1767025187&J=eyJ0eXBlIjoicG9zdCIs...
  ✓ Saved (0.1 KB)
[1056/2164] image: https://px.srvcs.tumblr.com/impixu?T=1767025187&J=eyJ0eXBlIjoidXJsIiwi...
  ✓ Saved (0.1 KB)
[1057/2164] image: https://px.srvcs.tumblr.com/impixu?T=1767025188&J=eyJ0eXBlIjoicG9zdCIs...
  ✓ Saved (0.1 KB)
[1058/2164] image: https://px.srvcs.tumblr.com/impixu?T=1767025188&J=eyJ0eXBlIjoidXJsIiwi...
  ✓ Saved (0.1 KB)
[1059/2164] image: https://px.srvcs.tumblr.com/impixu?T=1767025189&J=eyJ0eXBlIjoicG9zdCIs...
  ✓ Saved (0.1 KB)
[1060/2164] image: https://px.srvcs.tumblr.com/impixu?T=1767025189&J=eyJ0eXBlIjoidXJsIiwi...
  ✓ Saved (0.1 KB)
[1061/2164] image: https://px.srvcs.tumblr.com/impixu?T=1767025190&J=eyJ0eXBlIjoicG9zdCIs...
  ✓ Saved (0.1 KB)
[1062/2164] image: https://px.srvcs.tumblr.com/impixu?T=1767025190&J=eyJ0eXBlIjoidXJsIiwi...
  ✓ Saved (0.1 KB)
[1063/2164] image: https://px.srvcs.tumblr.com/impixu?T=1767025191&J=eyJ0eXBlIjoicG9zdCIs...
  ✓ Saved (0.1 KB)
[1064/2164] image: https://px.srvcs.tumblr.com/impixu?T=1767025191&J=eyJ0eXBlIjoidXJsIiwi...
  ✓ Saved (0.1 KB)
[1065/2164] image: https://px.srvcs.tumblr.com/impixu?T=1767025193&J=eyJ0eXBlIjoicG9zdCIs...
  ✓ Saved (0.1 KB)
[1066/2164] image: https://px.srvcs.tumblr.com/impixu?T=1767025193&J=eyJ0eXBlIjoidXJsIiwi...
  ✓ Saved (0.1 KB)
[1067/2164] image: https://px.srvcs.tumblr.com/impixu?T=1767025194&J=eyJ0eXBlIjoicG9zdCIs...
  ✓ Saved (0.1 KB)
[1068/2164] image: https://px.srvcs.tumblr.com/impixu?T=1767025194&J=eyJ0eXBlIjoidXJsIiwi...
  ✓ Saved (0.1 KB)
[1069/2164] image: https://px.srvcs.tumblr.com/impixu?T=1767025195&J=eyJ0eXBlIjoicG9zdCIs...
  ✓ Saved (0.1 KB)
[1070/2164] image: https://px.srvcs.tumblr.com/impixu?T=1767025195&J=eyJ0eXBlIjoidXJsIiwi...
  ✓ Saved (0.1 KB)
[1071/2164] image: https://px.srvcs.tumblr.com/impixu?T=1767025196&J=eyJ0eXBlIjoicG9zdCIs...
  ✓ Saved (0.1 KB)
[1072/2164] image: https://px.srvcs.tumblr.com/impixu?T=1767025196&J=eyJ0eXBlIjoidXJsIiwi...
  ✓ Saved (0.1 KB)
[1073/2164] image: https://px.srvcs.tumblr.com/impixu?T=1767025197&J=eyJ0eXBlIjoicG9zdCIs...
  ✓ Saved (0.1 KB)
[1074/2164] image: https://px.srvcs.tumblr.com/impixu?T=1767025197&J=eyJ0eXBlIjoidXJsIiwi...
  ✓ Saved (0.1 KB)
[1075/2164] image: https://px.srvcs.tumblr.com/impixu?T=1767025199&J=eyJ0eXBlIjoicG9zdCIs...
  ✓ Saved (0.1 KB)
[1076/2164] image: https://px.srvcs.tumblr.com/impixu?T=1767025199&J=eyJ0eXBlIjoidXJsIiwi...
  ✓ Saved (0.1 KB)
[1077/2164] image: https://px.srvcs.tumblr.com/impixu?T=1767025200&J=eyJ0eXBlIjoicG9zdCIs...
  ✓ Saved (0.1 KB)
[1078/2164] image: https://px.srvcs.tumblr.com/impixu?T=1767025200&J=eyJ0eXBlIjoidXJsIiwi...
  ✓ Saved (0.1 KB)
[1079/2164] image: https://px.srvcs.tumblr.com/impixu?T=1767025201&J=eyJ0eXBlIjoicG9zdCIs...
  ✓ Saved (0.1 KB)
[1080/2164] image: https://px.srvcs.tumblr.com/impixu?T=1767025201&J=eyJ0eXBlIjoidXJsIiwi...
  ✓ Saved (0.1 KB)
[1081/2164] image: https://px.srvcs.tumblr.com/impixu?T=1767025202&J=eyJ0eXBlIjoicG9zdCIs...
  ✓ Saved (0.1 KB)
[1082/2164] image: https://px.srvcs.tumblr.com/impixu?T=1767025202&J=eyJ0eXBlIjoidXJsIiwi...
  ✓ Saved (0.1 KB)
[1083/2164] image: https://px.srvcs.tumblr.com/impixu?T=1767025203&J=eyJ0eXBlIjoicG9zdCIs...
  ✓ Saved (0.1 KB)
[1084/2164] image: https://px.srvcs.tumblr.com/impixu?T=1767025203&J=eyJ0eXBlIjoidXJsIiwi...
  ✓ Saved (0.1 KB)
[1085/2164] image: https://px.srvcs.tumblr.com/impixu?T=1767025204&J=eyJ0eXBlIjoicG9zdCIs...
  ✓ Saved (0.1 KB)
[1086/2164] image: https://px.srvcs.tumblr.com/impixu?T=1767025204&J=eyJ0eXBlIjoidXJsIiwi...
  ✓ Saved (0.1 KB)
[1087/2164] image: https://px.srvcs.tumblr.com/impixu?T=1767025205&J=eyJ0eXBlIjoicG9zdCIs...
  ✓ Saved (0.1 KB)
[1088/2164] image: https://px.srvcs.tumblr.com/impixu?T=1767025205&J=eyJ0eXBlIjoidXJsIiwi...
  ✓ Saved (0.1 KB)
[1089/2164] image: https://px.srvcs.tumblr.com/impixu?T=1767025206&J=eyJ0eXBlIjoicG9zdCIs...
  ✓ Saved (0.1 KB)
[1090/2164] image: https://px.srvcs.tumblr.com/impixu?T=1767025206&J=eyJ0eXBlIjoidXJsIiwi...
  ✓ Saved (0.1 KB)
[1091/2164] image: https://px.srvcs.tumblr.com/impixu?T=1767025208&J=eyJ0eXBlIjoicG9zdCIs...
  ✓ Saved (0.1 KB)
[1092/2164] image: https://px.srvcs.tumblr.com/impixu?T=1767025208&J=eyJ0eXBlIjoidXJsIiwi...
  ✓ Saved (0.1 KB)
[1093/2164] image: https://px.srvcs.tumblr.com/impixu?T=1767025209&J=eyJ0eXBlIjoicG9zdCIs...
  ✓ Saved (0.1 KB)
[1094/2164] image: https://px.srvcs.tumblr.com/impixu?T=1767025209&J=eyJ0eXBlIjoidXJsIiwi...
  ✓ Saved (0.1 KB)
[1095/2164] image: https://px.srvcs.tumblr.com/impixu?T=1767025210&J=eyJ0eXBlIjoicG9zdCIs...
  ✓ Saved (0.1 KB)
[1096/2164] image: https://px.srvcs.tumblr.com/impixu?T=1767025210&J=eyJ0eXBlIjoidXJsIiwi...
  ✓ Saved (0.1 KB)
[1097/2164] image: https://px.srvcs.tumblr.com/impixu?T=1767025211&J=eyJ0eXBlIjoicG9zdCIs...
  ✓ Saved (0.1 KB)
[1098/2164] image: https://px.srvcs.tumblr.com/impixu?T=1767025211&J=eyJ0eXBlIjoidXJsIiwi...
  ✓ Saved (0.1 KB)
[1099/2164] image: https://px.srvcs.tumblr.com/impixu?T=1767025212&J=eyJ0eXBlIjoicG9zdCIs...
  ✓ Saved (0.1 KB)
[1100/2164] image: https://px.srvcs.tumblr.com/impixu?T=1767025212&J=eyJ0eXBlIjoidXJsIiwi...
  ✓ Saved (0.1 KB)
[1101/2164] image: https://px.srvcs.tumblr.com/impixu?T=1767025213&J=eyJ0eXBlIjoicG9zdCIs...
  ✓ Saved (0.1 KB)
[1102/2164] image: https://px.srvcs.tumblr.com/impixu?T=1767025213&J=eyJ0eXBlIjoidXJsIiwi...
  ✓ Saved (0.1 KB)
[1103/2164] image: https://px.srvcs.tumblr.com/impixu?T=1767025214&J=eyJ0eXBlIjoicG9zdCIs...
  ✓ Saved (0.1 KB)
[1104/2164] image: https://px.srvcs.tumblr.com/impixu?T=1767025214&J=eyJ0eXBlIjoidXJsIiwi...
  ✓ Saved (0.1 KB)
[1105/2164] image: https://px.srvcs.tumblr.com/impixu?T=1767025216&J=eyJ0eXBlIjoicG9zdCIs...
  ✓ Saved (0.1 KB)
[1106/2164] image: https://px.srvcs.tumblr.com/impixu?T=1767025216&J=eyJ0eXBlIjoidXJsIiwi...
  ✓ Saved (0.1 KB)
[1107/2164] image: https://px.srvcs.tumblr.com/impixu?T=1767025217&J=eyJ0eXBlIjoicG9zdCIs...
  ✓ Saved (0.1 KB)
[1108/2164] image: https://px.srvcs.tumblr.com/impixu?T=1767025217&J=eyJ0eXBlIjoidXJsIiwi...
  ✓ Saved (0.1 KB)
[1109/2164] image: https://px.srvcs.tumblr.com/impixu?T=1767025218&J=eyJ0eXBlIjoicG9zdCIs...
  ✓ Saved (0.1 KB)
[1110/2164] image: https://px.srvcs.tumblr.com/impixu?T=1767025218&J=eyJ0eXBlIjoidXJsIiwi...
  ✓ Saved (0.1 KB)
[1111/2164] image: https://px.srvcs.tumblr.com/impixu?T=1767025219&J=eyJ0eXBlIjoicG9zdCIs...
  ✓ Saved (0.1 KB)
[1112/2164] image: https://px.srvcs.tumblr.com/impixu?T=1767025219&J=eyJ0eXBlIjoidXJsIiwi...
  ✓ Saved (0.1 KB)
[1113/2164] image: https://px.srvcs.tumblr.com/impixu?T=1767025220&J=eyJ0eXBlIjoicG9zdCIs...
  ✓ Saved (0.1 KB)
[1114/2164] image: https://px.srvcs.tumblr.com/impixu?T=1767025220&J=eyJ0eXBlIjoidXJsIiwi...
  ✓ Saved (0.1 KB)
[1115/2164] image: https://px.srvcs.tumblr.com/impixu?T=1767025221&J=eyJ0eXBlIjoicG9zdCIs...
  ✓ Saved (0.1 KB)
[1116/2164] image: https://px.srvcs.tumblr.com/impixu?T=1767025221&J=eyJ0eXBlIjoidXJsIiwi...
  ✓ Saved (0.1 KB)
[1117/2164] image: https://px.srvcs.tumblr.com/impixu?T=1767025223&J=eyJ0eXBlIjoicG9zdCIs...
  ✓ Saved (0.1 KB)
[1118/2164] image: https://px.srvcs.tumblr.com/impixu?T=1767025223&J=eyJ0eXBlIjoidXJsIiwi...
  ✓ Saved (0.1 KB)
[1119/2164] image: https://px.srvcs.tumblr.com/impixu?T=1767025224&J=eyJ0eXBlIjoicG9zdCIs...
  ✓ Saved (0.1 KB)
[1120/2164] image: https://px.srvcs.tumblr.com/impixu?T=1767025224&J=eyJ0eXBlIjoidXJsIiwi...
  ✓ Saved (0.1 KB)
[1121/2164] image: https://px.srvcs.tumblr.com/impixu?T=1767025225&J=eyJ0eXBlIjoicG9zdCIs...
  ✓ Saved (0.1 KB)
[1122/2164] image: https://px.srvcs.tumblr.com/impixu?T=1767025225&J=eyJ0eXBlIjoidXJsIiwi...
  ✓ Saved (0.1 KB)
[1123/2164] image: https://px.srvcs.tumblr.com/impixu?T=1767025226&J=eyJ0eXBlIjoicG9zdCIs...
  ✓ Saved (0.1 KB)
[1124/2164] image: https://px.srvcs.tumblr.com/impixu?T=1767025226&J=eyJ0eXBlIjoidXJsIiwi...
  ✓ Saved (0.1 KB)
[1125/2164] image: https://px.srvcs.tumblr.com/impixu?T=1767025227&J=eyJ0eXBlIjoicG9zdCIs...
  ✓ Saved (0.1 KB)
[1126/2164] image: https://px.srvcs.tumblr.com/impixu?T=1767025227&J=eyJ0eXBlIjoidXJsIiwi...
  ✓ Saved (0.1 KB)
[1127/2164] image: https://px.srvcs.tumblr.com/impixu?T=1767025228&J=eyJ0eXBlIjoicG9zdCIs...
  ✓ Saved (0.1 KB)
[1128/2164] image: https://px.srvcs.tumblr.com/impixu?T=1767025228&J=eyJ0eXBlIjoidXJsIiwi...
  ✓ Saved (0.1 KB)
[1129/2164] image: https://px.srvcs.tumblr.com/impixu?T=1767025229&J=eyJ0eXBlIjoicG9zdCIs...
  ✓ Saved (0.1 KB)
[1130/2164] image: https://px.srvcs.tumblr.com/impixu?T=1767025229&J=eyJ0eXBlIjoidXJsIiwi...
  ✓ Saved (0.1 KB)
[1131/2164] image: https://px.srvcs.tumblr.com/impixu?T=1767025231&J=eyJ0eXBlIjoicG9zdCIs...
  ✓ Saved (0.1 KB)
[1132/2164] image: https://px.srvcs.tumblr.com/impixu?T=1767025231&J=eyJ0eXBlIjoidXJsIiwi...
  ✓ Saved (0.1 KB)
[1133/2164] image: https://px.srvcs.tumblr.com/impixu?T=1767025232&J=eyJ0eXBlIjoicG9zdCIs...
  ✓ Saved (0.1 KB)
[1134/2164] image: https://px.srvcs.tumblr.com/impixu?T=1767025232&J=eyJ0eXBlIjoidXJsIiwi...
  ✓ Saved (0.1 KB)
[1135/2164] image: https://px.srvcs.tumblr.com/impixu?T=1767025233&J=eyJ0eXBlIjoicG9zdCIs...
  ✓ Saved (0.1 KB)
[1136/2164] image: https://px.srvcs.tumblr.com/impixu?T=1767025233&J=eyJ0eXBlIjoidXJsIiwi...
  ✓ Saved (0.1 KB)
[1137/2164] image: https://px.srvcs.tumblr.com/impixu?T=1767025234&J=eyJ0eXBlIjoicG9zdCIs...
  ✓ Saved (0.1 KB)
[1138/2164] image: https://px.srvcs.tumblr.com/impixu?T=1767025234&J=eyJ0eXBlIjoidXJsIiwi...
  ✓ Saved (0.1 KB)
[1139/2164] image: https://px.srvcs.tumblr.com/impixu?T=1767025235&J=eyJ0eXBlIjoicG9zdCIs...
  ✓ Saved (0.1 KB)
[1140/2164] image: https://px.srvcs.tumblr.com/impixu?T=1767025235&J=eyJ0eXBlIjoidXJsIiwi...
  ✓ Saved (0.1 KB)
[1141/2164] image: https://px.srvcs.tumblr.com/impixu?T=1767025236&J=eyJ0eXBlIjoicG9zdCIs...
  ✓ Saved (0.1 KB)
[1142/2164] image: https://px.srvcs.tumblr.com/impixu?T=1767025236&J=eyJ0eXBlIjoidXJsIiwi...
  ✓ Saved (0.1 KB)
[1143/2164] image: https://px.srvcs.tumblr.com/impixu?T=1767025237&J=eyJ0eXBlIjoicG9zdCIs...
  ✓ Saved (0.1 KB)
[1144/2164] image: https://px.srvcs.tumblr.com/impixu?T=1767025237&J=eyJ0eXBlIjoidXJsIiwi...
  ✓ Saved (0.1 KB)
[1145/2164] image: https://px.srvcs.tumblr.com/impixu?T=1767025238&J=eyJ0eXBlIjoicG9zdCIs...
  ✓ Saved (0.1 KB)
[1146/2164] image: https://px.srvcs.tumblr.com/impixu?T=1767025238&J=eyJ0eXBlIjoidXJsIiwi...
  ✓ Saved (0.1 KB)
[1147/2164] image: https://px.srvcs.tumblr.com/impixu?T=1767025240&J=eyJ0eXBlIjoicG9zdCIs...
  ✓ Saved (0.1 KB)
[1148/2164] image: https://px.srvcs.tumblr.com/impixu?T=1767025240&J=eyJ0eXBlIjoidXJsIiwi...
  ✓ Saved (0.1 KB)
[1149/2164] image: https://px.srvcs.tumblr.com/impixu?T=1767025241&J=eyJ0eXBlIjoicG9zdCIs...
  ✓ Saved (0.1 KB)
[1150/2164] image: https://px.srvcs.tumblr.com/impixu?T=1767025241&J=eyJ0eXBlIjoidXJsIiwi...
  ✓ Saved (0.1 KB)
[1151/2164] image: https://px.srvcs.tumblr.com/impixu?T=1767025242&J=eyJ0eXBlIjoicG9zdCIs...
  ✓ Saved (0.1 KB)
[1152/2164] image: https://px.srvcs.tumblr.com/impixu?T=1767025242&J=eyJ0eXBlIjoidXJsIiwi...
  ✓ Saved (0.1 KB)
[1153/2164] image: https://px.srvcs.tumblr.com/impixu?T=1767025243&J=eyJ0eXBlIjoicG9zdCIs...
  ✓ Saved (0.1 KB)
[1154/2164] image: https://px.srvcs.tumblr.com/impixu?T=1767025243&J=eyJ0eXBlIjoidXJsIiwi...
  ✓ Saved (0.1 KB)
[1155/2164] image: https://px.srvcs.tumblr.com/impixu?T=1767025244&J=eyJ0eXBlIjoicG9zdCIs...
  ✓ Saved (0.1 KB)
[1156/2164] image: https://px.srvcs.tumblr.com/impixu?T=1767025244&J=eyJ0eXBlIjoidXJsIiwi...
  ✓ Saved (0.1 KB)
[1157/2164] image: https://px.srvcs.tumblr.com/impixu?T=1767025245&J=eyJ0eXBlIjoicG9zdCIs...
  ✓ Saved (0.1 KB)
[1158/2164] image: https://px.srvcs.tumblr.com/impixu?T=1767025245&J=eyJ0eXBlIjoidXJsIiwi...
  ✓ Saved (0.1 KB)
[1159/2164] image: https://px.srvcs.tumblr.com/impixu?T=1767025246&J=eyJ0eXBlIjoicG9zdCIs...
  ✓ Saved (0.1 KB)
[1160/2164] image: https://px.srvcs.tumblr.com/impixu?T=1767025246&J=eyJ0eXBlIjoidXJsIiwi...
  ✓ Saved (0.1 KB)
[1161/2164] image: https://px.srvcs.tumblr.com/impixu?T=1767025247&J=eyJ0eXBlIjoicG9zdCIs...
  ✓ Saved (0.1 KB)
[1162/2164] image: https://px.srvcs.tumblr.com/impixu?T=1767025247&J=eyJ0eXBlIjoidXJsIiwi...
  ✓ Saved (0.1 KB)
[1163/2164] image: https://px.srvcs.tumblr.com/impixu?T=1767025249&J=eyJ0eXBlIjoicG9zdCIs...
  ✓ Saved (0.1 KB)
[1164/2164] image: https://px.srvcs.tumblr.com/impixu?T=1767025249&J=eyJ0eXBlIjoidXJsIiwi...
  ✓ Saved (0.1 KB)
[1165/2164] image: https://px.srvcs.tumblr.com/impixu?T=1767025250&J=eyJ0eXBlIjoicG9zdCIs...
  ✓ Saved (0.1 KB)
[1166/2164] image: https://px.srvcs.tumblr.com/impixu?T=1767025250&J=eyJ0eXBlIjoidXJsIiwi...
  ✓ Saved (0.1 KB)
[1167/2164] image: https://px.srvcs.tumblr.com/impixu?T=1767025251&J=eyJ0eXBlIjoicG9zdCIs...
  ✓ Saved (0.1 KB)
[1168/2164] image: https://px.srvcs.tumblr.com/impixu?T=1767025251&J=eyJ0eXBlIjoidXJsIiwi...
  ✓ Saved (0.1 KB)
[1169/2164] image: https://px.srvcs.tumblr.com/impixu?T=1767025252&J=eyJ0eXBlIjoicG9zdCIs...
  ✓ Saved (0.1 KB)
[1170/2164] image: https://px.srvcs.tumblr.com/impixu?T=1767025252&J=eyJ0eXBlIjoidXJsIiwi...
  ✓ Saved (0.1 KB)
[1171/2164] image: https://px.srvcs.tumblr.com/impixu?T=1767025254&J=eyJ0eXBlIjoicG9zdCIs...
  ✓ Saved (0.1 KB)
[1172/2164] image: https://px.srvcs.tumblr.com/impixu?T=1767025254&J=eyJ0eXBlIjoidXJsIiwi...
  ✓ Saved (0.1 KB)
[1173/2164] image: https://px.srvcs.tumblr.com/impixu?T=1767025255&J=eyJ0eXBlIjoicG9zdCIs...
  ✓ Saved (0.1 KB)
[1174/2164] image: https://px.srvcs.tumblr.com/impixu?T=1767025255&J=eyJ0eXBlIjoidXJsIiwi...
  ✓ Saved (0.1 KB)
[1175/2164] image: https://px.srvcs.tumblr.com/impixu?T=1767025256&J=eyJ0eXBlIjoicG9zdCIs...
  ✓ Saved (0.1 KB)
[1176/2164] image: https://px.srvcs.tumblr.com/impixu?T=1767025256&J=eyJ0eXBlIjoidXJsIiwi...
  ✓ Saved (0.1 KB)
[1177/2164] image: https://px.srvcs.tumblr.com/impixu?T=1767025257&J=eyJ0eXBlIjoicG9zdCIs...
  ✓ Saved (0.1 KB)
[1178/2164] image: https://px.srvcs.tumblr.com/impixu?T=1767025257&J=eyJ0eXBlIjoidXJsIiwi...
  ✓ Saved (0.1 KB)
[1179/2164] image: https://px.srvcs.tumblr.com/impixu?T=1767025258&J=eyJ0eXBlIjoicG9zdCIs...
  ✓ Saved (0.1 KB)
[1180/2164] image: https://px.srvcs.tumblr.com/impixu?T=1767025258&J=eyJ0eXBlIjoidXJsIiwi...
  ✓ Saved (0.1 KB)
[1181/2164] image: https://px.srvcs.tumblr.com/impixu?T=1767025259&J=eyJ0eXBlIjoicG9zdCIs...
  ✓ Saved (0.1 KB)
[1182/2164] image: https://px.srvcs.tumblr.com/impixu?T=1767025259&J=eyJ0eXBlIjoidXJsIiwi...
  ✓ Saved (0.1 KB)
[1183/2164] image: https://px.srvcs.tumblr.com/impixu?T=1767025260&J=eyJ0eXBlIjoicG9zdCIs...
  ✓ Saved (0.1 KB)
[1184/2164] image: https://px.srvcs.tumblr.com/impixu?T=1767025260&J=eyJ0eXBlIjoidXJsIiwi...
  ✓ Saved (0.1 KB)
[1185/2164] image: https://px.srvcs.tumblr.com/impixu?T=1767025261&J=eyJ0eXBlIjoicG9zdCIs...
  ✓ Saved (0.1 KB)
[1186/2164] image: https://px.srvcs.tumblr.com/impixu?T=1767025261&J=eyJ0eXBlIjoidXJsIiwi...
  ✓ Saved (0.1 KB)
[1187/2164] image: https://px.srvcs.tumblr.com/impixu?T=1767025263&J=eyJ0eXBlIjoicG9zdCIs...
  ✓ Saved (0.1 KB)
[1188/2164] image: https://px.srvcs.tumblr.com/impixu?T=1767025263&J=eyJ0eXBlIjoidXJsIiwi...
  ✓ Saved (0.1 KB)
[1189/2164] image: https://px.srvcs.tumblr.com/impixu?T=1767025264&J=eyJ0eXBlIjoicG9zdCIs...
  ✓ Saved (0.1 KB)
[1190/2164] image: https://px.srvcs.tumblr.com/impixu?T=1767025264&J=eyJ0eXBlIjoidXJsIiwi...
  ✓ Saved (0.1 KB)
[1191/2164] image: https://px.srvcs.tumblr.com/impixu?T=1767025265&J=eyJ0eXBlIjoicG9zdCIs...
  ✓ Saved (0.1 KB)
[1192/2164] image: https://px.srvcs.tumblr.com/impixu?T=1767025265&J=eyJ0eXBlIjoidXJsIiwi...
  ✓ Saved (0.1 KB)
[1193/2164] image: https://px.srvcs.tumblr.com/impixu?T=1767025266&J=eyJ0eXBlIjoicG9zdCIs...
  ✓ Saved (0.1 KB)
[1194/2164] image: https://px.srvcs.tumblr.com/impixu?T=1767025266&J=eyJ0eXBlIjoidXJsIiwi...
  ✓ Saved (0.1 KB)
[1195/2164] image: https://px.srvcs.tumblr.com/impixu?T=1767025267&J=eyJ0eXBlIjoicG9zdCIs...
  ✓ Saved (0.1 KB)
[1196/2164] image: https://px.srvcs.tumblr.com/impixu?T=1767025267&J=eyJ0eXBlIjoidXJsIiwi...
  ✓ Saved (0.1 KB)
[1197/2164] image: https://px.srvcs.tumblr.com/impixu?T=1767025268&J=eyJ0eXBlIjoicG9zdCIs...
  ✓ Saved (0.1 KB)
[1198/2164] image: https://px.srvcs.tumblr.com/impixu?T=1767025268&J=eyJ0eXBlIjoidXJsIiwi...
  ✓ Saved (0.1 KB)
[1199/2164] image: https://px.srvcs.tumblr.com/impixu?T=1767025269&J=eyJ0eXBlIjoicG9zdCIs...
  ✓ Saved (0.1 KB)
[1200/2164] image: https://px.srvcs.tumblr.com/impixu?T=1767025269&J=eyJ0eXBlIjoidXJsIiwi...
  ✓ Saved (0.1 KB)
[1201/2164] image: https://px.srvcs.tumblr.com/impixu?T=1767025271&J=eyJ0eXBlIjoicG9zdCIs...
  ✓ Saved (0.1 KB)
[1202/2164] image: https://px.srvcs.tumblr.com/impixu?T=1767025271&J=eyJ0eXBlIjoidXJsIiwi...
  ✓ Saved (0.1 KB)
[1203/2164] image: https://px.srvcs.tumblr.com/impixu?T=1767025272&J=eyJ0eXBlIjoicG9zdCIs...
  ✓ Saved (0.1 KB)
[1204/2164] image: https://px.srvcs.tumblr.com/impixu?T=1767025272&J=eyJ0eXBlIjoidXJsIiwi...
  ✓ Saved (0.1 KB)
[1205/2164] image: https://px.srvcs.tumblr.com/impixu?T=1767025273&J=eyJ0eXBlIjoicG9zdCIs...
  ✓ Saved (0.1 KB)
[1206/2164] image: https://px.srvcs.tumblr.com/impixu?T=1767025273&J=eyJ0eXBlIjoidXJsIiwi...
  ✓ Saved (0.1 KB)
[1207/2164] image: https://px.srvcs.tumblr.com/impixu?T=1767025274&J=eyJ0eXBlIjoicG9zdCIs...
  ✓ Saved (0.1 KB)
[1208/2164] image: https://px.srvcs.tumblr.com/impixu?T=1767025274&J=eyJ0eXBlIjoidXJsIiwi...
  ✓ Saved (0.1 KB)
[1209/2164] image: https://px.srvcs.tumblr.com/impixu?T=1767025275&J=eyJ0eXBlIjoicG9zdCIs...
  ✓ Saved (0.1 KB)
[1210/2164] image: https://px.srvcs.tumblr.com/impixu?T=1767025275&J=eyJ0eXBlIjoidXJsIiwi...
  ✓ Saved (0.1 KB)
[1211/2164] image: https://px.srvcs.tumblr.com/impixu?T=1767025276&J=eyJ0eXBlIjoicG9zdCIs...
  ✓ Saved (0.1 KB)
[1212/2164] image: https://px.srvcs.tumblr.com/impixu?T=1767025276&J=eyJ0eXBlIjoidXJsIiwi...
  ✓ Saved (0.1 KB)
[1213/2164] image: https://px.srvcs.tumblr.com/impixu?T=1767025277&J=eyJ0eXBlIjoicG9zdCIs...
  ✓ Saved (0.1 KB)
[1214/2164] image: https://px.srvcs.tumblr.com/impixu?T=1767025277&J=eyJ0eXBlIjoidXJsIiwi...
  ✓ Saved (0.1 KB)
[1215/2164] image: https://px.srvcs.tumblr.com/impixu?T=1767025279&J=eyJ0eXBlIjoicG9zdCIs...
  ✓ Saved (0.1 KB)
[1216/2164] image: https://px.srvcs.tumblr.com/impixu?T=1767025279&J=eyJ0eXBlIjoidXJsIiwi...
  ✓ Saved (0.1 KB)
[1217/2164] image: https://px.srvcs.tumblr.com/impixu?T=1767025280&J=eyJ0eXBlIjoicG9zdCIs...
  ✓ Saved (0.1 KB)
[1218/2164] image: https://px.srvcs.tumblr.com/impixu?T=1767025280&J=eyJ0eXBlIjoidXJsIiwi...
  ✓ Saved (0.1 KB)
[1219/2164] image: https://px.srvcs.tumblr.com/impixu?T=1767025281&J=eyJ0eXBlIjoicG9zdCIs...
  ✓ Saved (0.1 KB)
[1220/2164] image: https://px.srvcs.tumblr.com/impixu?T=1767025281&J=eyJ0eXBlIjoidXJsIiwi...
  ✓ Saved (0.1 KB)
[1221/2164] image: https://px.srvcs.tumblr.com/impixu?T=1767025282&J=eyJ0eXBlIjoicG9zdCIs...
  ✓ Saved (0.1 KB)
[1222/2164] image: https://px.srvcs.tumblr.com/impixu?T=1767025282&J=eyJ0eXBlIjoidXJsIiwi...
  ✓ Saved (0.1 KB)
[1223/2164] image: https://px.srvcs.tumblr.com/impixu?T=1767025283&J=eyJ0eXBlIjoicG9zdCIs...
  ✓ Saved (0.1 KB)
[1224/2164] image: https://px.srvcs.tumblr.com/impixu?T=1767025283&J=eyJ0eXBlIjoidXJsIiwi...
  ✓ Saved (0.1 KB)
[1225/2164] image: https://px.srvcs.tumblr.com/impixu?T=1767025284&J=eyJ0eXBlIjoicG9zdCIs...
  ✓ Saved (0.1 KB)
[1226/2164] image: https://px.srvcs.tumblr.com/impixu?T=1767025284&J=eyJ0eXBlIjoidXJsIiwi...
  ✓ Saved (0.1 KB)
[1227/2164] image: https://px.srvcs.tumblr.com/impixu?T=1767025285&J=eyJ0eXBlIjoicG9zdCIs...
  ✓ Saved (0.1 KB)
[1228/2164] image: https://px.srvcs.tumblr.com/impixu?T=1767025285&J=eyJ0eXBlIjoidXJsIiwi...
  ✓ Saved (0.1 KB)
[1229/2164] image: https://px.srvcs.tumblr.com/impixu?T=1767025286&J=eyJ0eXBlIjoicG9zdCIs...
  ✓ Saved (0.1 KB)
[1230/2164] image: https://px.srvcs.tumblr.com/impixu?T=1767025286&J=eyJ0eXBlIjoidXJsIiwi...
  ✓ Saved (0.1 KB)
[1231/2164] image: https://px.srvcs.tumblr.com/impixu?T=1767025288&J=eyJ0eXBlIjoicG9zdCIs...
  ✓ Saved (0.1 KB)
[1232/2164] image: https://px.srvcs.tumblr.com/impixu?T=1767025288&J=eyJ0eXBlIjoidXJsIiwi...
  ✓ Saved (0.1 KB)
[1233/2164] image: https://px.srvcs.tumblr.com/impixu?T=1767025289&J=eyJ0eXBlIjoicG9zdCIs...
  ✓ Saved (0.1 KB)
[1234/2164] image: https://px.srvcs.tumblr.com/impixu?T=1767025289&J=eyJ0eXBlIjoidXJsIiwi...
  ✓ Saved (0.1 KB)
[1235/2164] image: https://px.srvcs.tumblr.com/impixu?T=1767025290&J=eyJ0eXBlIjoicG9zdCIs...
  ✓ Saved (0.1 KB)
[1236/2164] image: https://px.srvcs.tumblr.com/impixu?T=1767025290&J=eyJ0eXBlIjoidXJsIiwi...
  ✓ Saved (0.1 KB)
[1237/2164] image: https://px.srvcs.tumblr.com/impixu?T=1767025291&J=eyJ0eXBlIjoicG9zdCIs...
  ✓ Saved (0.1 KB)
[1238/2164] image: https://px.srvcs.tumblr.com/impixu?T=1767025291&J=eyJ0eXBlIjoidXJsIiwi...
  ✓ Saved (0.1 KB)
[1239/2164] image: https://px.srvcs.tumblr.com/impixu?T=1767025292&J=eyJ0eXBlIjoicG9zdCIs...
  ✓ Saved (0.1 KB)
[1240/2164] image: https://px.srvcs.tumblr.com/impixu?T=1767025292&J=eyJ0eXBlIjoidXJsIiwi...
  ✓ Saved (0.1 KB)
[1241/2164] image: https://px.srvcs.tumblr.com/impixu?T=1767025293&J=eyJ0eXBlIjoicG9zdCIs...
  ✓ Saved (0.1 KB)
[1242/2164] image: https://px.srvcs.tumblr.com/impixu?T=1767025293&J=eyJ0eXBlIjoidXJsIiwi...
  ✓ Saved (0.1 KB)
[1243/2164] image: https://px.srvcs.tumblr.com/impixu?T=1767025294&J=eyJ0eXBlIjoicG9zdCIs...
  ✓ Saved (0.1 KB)
[1244/2164] image: https://px.srvcs.tumblr.com/impixu?T=1767025294&J=eyJ0eXBlIjoidXJsIiwi...
  ✓ Saved (0.1 KB)
[1245/2164] image: https://px.srvcs.tumblr.com/impixu?T=1767025295&J=eyJ0eXBlIjoicG9zdCIs...
  ✓ Saved (0.1 KB)
[1246/2164] image: https://px.srvcs.tumblr.com/impixu?T=1767025295&J=eyJ0eXBlIjoidXJsIiwi...
  ✓ Saved (0.1 KB)
[1247/2164] image: https://px.srvcs.tumblr.com/impixu?T=1767025297&J=eyJ0eXBlIjoicG9zdCIs...
  ✓ Saved (0.1 KB)
[1248/2164] image: https://px.srvcs.tumblr.com/impixu?T=1767025297&J=eyJ0eXBlIjoidXJsIiwi...
  ✓ Saved (0.1 KB)
[1249/2164] image: https://px.srvcs.tumblr.com/impixu?T=1767025298&J=eyJ0eXBlIjoicG9zdCIs...
  ✓ Saved (0.1 KB)
[1250/2164] image: https://px.srvcs.tumblr.com/impixu?T=1767025298&J=eyJ0eXBlIjoidXJsIiwi...
  ✓ Saved (0.1 KB)
[1251/2164] image: https://px.srvcs.tumblr.com/impixu?T=1767025299&J=eyJ0eXBlIjoicG9zdCIs...
  ✓ Saved (0.1 KB)
[1252/2164] image: https://px.srvcs.tumblr.com/impixu?T=1767025299&J=eyJ0eXBlIjoidXJsIiwi...
  ✓ Saved (0.1 KB)
[1253/2164] image: https://px.srvcs.tumblr.com/impixu?T=1767025300&J=eyJ0eXBlIjoicG9zdCIs...
  ✓ Saved (0.1 KB)
[1254/2164] image: https://px.srvcs.tumblr.com/impixu?T=1767025300&J=eyJ0eXBlIjoidXJsIiwi...
  ✓ Saved (0.1 KB)
[1255/2164] image: https://px.srvcs.tumblr.com/impixu?T=1767025301&J=eyJ0eXBlIjoicG9zdCIs...
  ✓ Saved (0.1 KB)
[1256/2164] image: https://px.srvcs.tumblr.com/impixu?T=1767025301&J=eyJ0eXBlIjoidXJsIiwi...
  ✓ Saved (0.1 KB)
[1257/2164] image: https://px.srvcs.tumblr.com/impixu?T=1767025302&J=eyJ0eXBlIjoicG9zdCIs...
  ✓ Saved (0.1 KB)
[1258/2164] image: https://px.srvcs.tumblr.com/impixu?T=1767025302&J=eyJ0eXBlIjoidXJsIiwi...
  ✓ Saved (0.1 KB)
[1259/2164] image: https://px.srvcs.tumblr.com/impixu?T=1767025303&J=eyJ0eXBlIjoicG9zdCIs...
  ✓ Saved (0.1 KB)
[1260/2164] image: https://px.srvcs.tumblr.com/impixu?T=1767025303&J=eyJ0eXBlIjoidXJsIiwi...
  ✓ Saved (0.1 KB)
[1261/2164] image: https://px.srvcs.tumblr.com/impixu?T=1767025305&J=eyJ0eXBlIjoicG9zdCIs...
  ✓ Saved (0.1 KB)
[1262/2164] image: https://px.srvcs.tumblr.com/impixu?T=1767025305&J=eyJ0eXBlIjoidXJsIiwi...
  ✓ Saved (0.1 KB)
[1263/2164] image: https://px.srvcs.tumblr.com/impixu?T=1767025306&J=eyJ0eXBlIjoicG9zdCIs...
  ✓ Saved (0.1 KB)
[1264/2164] image: https://px.srvcs.tumblr.com/impixu?T=1767025306&J=eyJ0eXBlIjoidXJsIiwi...
  ✓ Saved (0.1 KB)
[1265/2164] image: https://px.srvcs.tumblr.com/impixu?T=1767025307&J=eyJ0eXBlIjoicG9zdCIs...
  ✓ Saved (0.1 KB)
[1266/2164] image: https://px.srvcs.tumblr.com/impixu?T=1767025307&J=eyJ0eXBlIjoidXJsIiwi...
  ✓ Saved (0.1 KB)
[1267/2164] image: https://px.srvcs.tumblr.com/impixu?T=1767025308&J=eyJ0eXBlIjoicG9zdCIs...
  ✓ Saved (0.1 KB)
[1268/2164] image: https://px.srvcs.tumblr.com/impixu?T=1767025308&J=eyJ0eXBlIjoidXJsIiwi...
  ✓ Saved (0.1 KB)
[1269/2164] image: https://px.srvcs.tumblr.com/impixu?T=1767025309&J=eyJ0eXBlIjoicG9zdCIs...
  ✓ Saved (0.1 KB)
[1270/2164] image: https://px.srvcs.tumblr.com/impixu?T=1767025309&J=eyJ0eXBlIjoidXJsIiwi...
  ✓ Saved (0.1 KB)
[1271/2164] image: https://px.srvcs.tumblr.com/impixu?T=1767025310&J=eyJ0eXBlIjoicG9zdCIs...
  ✓ Saved (0.1 KB)
[1272/2164] image: https://px.srvcs.tumblr.com/impixu?T=1767025310&J=eyJ0eXBlIjoidXJsIiwi...
  ✓ Saved (0.1 KB)
[1273/2164] image: https://px.srvcs.tumblr.com/impixu?T=1767025311&J=eyJ0eXBlIjoicG9zdCIs...
  ✓ Saved (0.1 KB)
[1274/2164] image: https://px.srvcs.tumblr.com/impixu?T=1767025311&J=eyJ0eXBlIjoidXJsIiwi...
  ✓ Saved (0.1 KB)
[1275/2164] image: https://px.srvcs.tumblr.com/impixu?T=1767025312&J=eyJ0eXBlIjoicG9zdCIs...
  ✓ Saved (0.1 KB)
[1276/2164] image: https://px.srvcs.tumblr.com/impixu?T=1767025312&J=eyJ0eXBlIjoidXJsIiwi...
  ✓ Saved (0.1 KB)
[1277/2164] image: https://px.srvcs.tumblr.com/impixu?T=1767025314&J=eyJ0eXBlIjoicG9zdCIs...
  ✓ Saved (0.1 KB)
[1278/2164] image: https://px.srvcs.tumblr.com/impixu?T=1767025314&J=eyJ0eXBlIjoidXJsIiwi...
  ✓ Saved (0.1 KB)
[1279/2164] image: https://px.srvcs.tumblr.com/impixu?T=1767025315&J=eyJ0eXBlIjoicG9zdCIs...
  ✓ Saved (0.1 KB)
[1280/2164] image: https://px.srvcs.tumblr.com/impixu?T=1767025315&J=eyJ0eXBlIjoidXJsIiwi...
  ✓ Saved (0.1 KB)
[1281/2164] image: https://px.srvcs.tumblr.com/impixu?T=1767025316&J=eyJ0eXBlIjoicG9zdCIs...
  ✓ Saved (0.1 KB)
[1282/2164] image: https://px.srvcs.tumblr.com/impixu?T=1767025316&J=eyJ0eXBlIjoidXJsIiwi...
  ✓ Saved (0.1 KB)
[1283/2164] image: https://px.srvcs.tumblr.com/impixu?T=1767025317&J=eyJ0eXBlIjoicG9zdCIs...
  ✓ Saved (0.1 KB)
[1284/2164] image: https://px.srvcs.tumblr.com/impixu?T=1767025317&J=eyJ0eXBlIjoidXJsIiwi...
  ✓ Saved (0.1 KB)
[1285/2164] image: https://px.srvcs.tumblr.com/impixu?T=1767025318&J=eyJ0eXBlIjoicG9zdCIs...
  ✓ Saved (0.1 KB)
[1286/2164] image: https://px.srvcs.tumblr.com/impixu?T=1767025318&J=eyJ0eXBlIjoidXJsIiwi...
  ✓ Saved (0.1 KB)
[1287/2164] image: https://px.srvcs.tumblr.com/impixu?T=1767025319&J=eyJ0eXBlIjoicG9zdCIs...
  ✓ Saved (0.1 KB)
[1288/2164] image: https://px.srvcs.tumblr.com/impixu?T=1767025319&J=eyJ0eXBlIjoidXJsIiwi...
  ✓ Saved (0.1 KB)
[1289/2164] image: https://px.srvcs.tumblr.com/impixu?T=1767025320&J=eyJ0eXBlIjoicG9zdCIs...
  ✓ Saved (0.1 KB)
[1290/2164] image: https://px.srvcs.tumblr.com/impixu?T=1767025320&J=eyJ0eXBlIjoidXJsIiwi...
  ✓ Saved (0.1 KB)
[1291/2164] image: https://px.srvcs.tumblr.com/impixu?T=1767025322&J=eyJ0eXBlIjoicG9zdCIs...
  ✓ Saved (0.1 KB)
[1292/2164] image: https://px.srvcs.tumblr.com/impixu?T=1767025322&J=eyJ0eXBlIjoidXJsIiwi...
  ✓ Saved (0.1 KB)
[1293/2164] image: https://px.srvcs.tumblr.com/impixu?T=1767025323&J=eyJ0eXBlIjoicG9zdCIs...
  ✓ Saved (0.1 KB)
[1294/2164] image: https://px.srvcs.tumblr.com/impixu?T=1767025323&J=eyJ0eXBlIjoidXJsIiwi...
  ✓ Saved (0.1 KB)
[1295/2164] image: https://px.srvcs.tumblr.com/impixu?T=1767025324&J=eyJ0eXBlIjoicG9zdCIs...
  ✓ Saved (0.1 KB)
[1296/2164] image: https://px.srvcs.tumblr.com/impixu?T=1767025324&J=eyJ0eXBlIjoidXJsIiwi...
  ✓ Saved (0.1 KB)
[1297/2164] image: https://px.srvcs.tumblr.com/impixu?T=1767025325&J=eyJ0eXBlIjoicG9zdCIs...
  ✓ Saved (0.1 KB)
[1298/2164] image: https://px.srvcs.tumblr.com/impixu?T=1767025325&J=eyJ0eXBlIjoidXJsIiwi...
  ✓ Saved (0.1 KB)
[1299/2164] image: https://px.srvcs.tumblr.com/impixu?T=1767025326&J=eyJ0eXBlIjoicG9zdCIs...
  ✓ Saved (0.1 KB)
[1300/2164] image: https://px.srvcs.tumblr.com/impixu?T=1767025326&J=eyJ0eXBlIjoidXJsIiwi...
  ✓ Saved (0.1 KB)
[1301/2164] image: https://px.srvcs.tumblr.com/impixu?T=1767025327&J=eyJ0eXBlIjoicG9zdCIs...
  ✓ Saved (0.1 KB)
[1302/2164] image: https://px.srvcs.tumblr.com/impixu?T=1767025327&J=eyJ0eXBlIjoidXJsIiwi...
  ✓ Saved (0.1 KB)
[1303/2164] image: https://px.srvcs.tumblr.com/impixu?T=1767025328&J=eyJ0eXBlIjoicG9zdCIs...
  ✓ Saved (0.1 KB)
[1304/2164] image: https://px.srvcs.tumblr.com/impixu?T=1767025328&J=eyJ0eXBlIjoidXJsIiwi...
  ✓ Saved (0.1 KB)
[1305/2164] image: https://px.srvcs.tumblr.com/impixu?T=1767025330&J=eyJ0eXBlIjoicG9zdCIs...
  ✓ Saved (0.1 KB)
[1306/2164] image: https://px.srvcs.tumblr.com/impixu?T=1767025330&J=eyJ0eXBlIjoidXJsIiwi...
  ✓ Saved (0.1 KB)
[1307/2164] image: https://px.srvcs.tumblr.com/impixu?T=1767025331&J=eyJ0eXBlIjoicG9zdCIs...
  ✓ Saved (0.1 KB)
[1308/2164] image: https://px.srvcs.tumblr.com/impixu?T=1767025331&J=eyJ0eXBlIjoidXJsIiwi...
  ✓ Saved (0.1 KB)
[1309/2164] image: https://px.srvcs.tumblr.com/impixu?T=1767025332&J=eyJ0eXBlIjoicG9zdCIs...
  ✓ Saved (0.1 KB)
[1310/2164] image: https://px.srvcs.tumblr.com/impixu?T=1767025332&J=eyJ0eXBlIjoidXJsIiwi...
  ✓ Saved (0.1 KB)
[1311/2164] image: https://px.srvcs.tumblr.com/impixu?T=1767025333&J=eyJ0eXBlIjoicG9zdCIs...
  ✓ Saved (0.1 KB)
[1312/2164] image: https://px.srvcs.tumblr.com/impixu?T=1767025333&J=eyJ0eXBlIjoidXJsIiwi...
  ✓ Saved (0.1 KB)
[1313/2164] image: https://px.srvcs.tumblr.com/impixu?T=1767025334&J=eyJ0eXBlIjoicG9zdCIs...
  ✓ Saved (0.1 KB)
[1314/2164] image: https://px.srvcs.tumblr.com/impixu?T=1767025334&J=eyJ0eXBlIjoidXJsIiwi...
  ✓ Saved (0.1 KB)
[1315/2164] image: https://px.srvcs.tumblr.com/impixu?T=1767025335&J=eyJ0eXBlIjoicG9zdCIs...
  ✓ Saved (0.1 KB)
[1316/2164] image: https://px.srvcs.tumblr.com/impixu?T=1767025335&J=eyJ0eXBlIjoidXJsIiwi...
  ✓ Saved (0.1 KB)
[1317/2164] image: https://px.srvcs.tumblr.com/impixu?T=1767025336&J=eyJ0eXBlIjoicG9zdCIs...
  ✓ Saved (0.1 KB)
[1318/2164] image: https://px.srvcs.tumblr.com/impixu?T=1767025336&J=eyJ0eXBlIjoidXJsIiwi...
  ✓ Saved (0.1 KB)
[1319/2164] image: https://px.srvcs.tumblr.com/impixu?T=1767025337&J=eyJ0eXBlIjoicG9zdCIs...
  ✓ Saved (0.1 KB)
[1320/2164] image: https://px.srvcs.tumblr.com/impixu?T=1767025337&J=eyJ0eXBlIjoidXJsIiwi...
  ✓ Saved (0.1 KB)
[1321/2164] image: https://px.srvcs.tumblr.com/impixu?T=1767025339&J=eyJ0eXBlIjoicG9zdCIs...
  ✓ Saved (0.1 KB)
[1322/2164] image: https://px.srvcs.tumblr.com/impixu?T=1767025339&J=eyJ0eXBlIjoidXJsIiwi...
  ✓ Saved (0.1 KB)
[1323/2164] image: https://px.srvcs.tumblr.com/impixu?T=1767025340&J=eyJ0eXBlIjoicG9zdCIs...
  ✓ Saved (0.1 KB)
[1324/2164] image: https://px.srvcs.tumblr.com/impixu?T=1767025340&J=eyJ0eXBlIjoidXJsIiwi...
  ✓ Saved (0.1 KB)
[1325/2164] image: https://px.srvcs.tumblr.com/impixu?T=1767025341&J=eyJ0eXBlIjoicG9zdCIs...
  ✓ Saved (0.1 KB)
[1326/2164] image: https://px.srvcs.tumblr.com/impixu?T=1767025341&J=eyJ0eXBlIjoidXJsIiwi...
  ✓ Saved (0.1 KB)
[1327/2164] image: https://px.srvcs.tumblr.com/impixu?T=1767025342&J=eyJ0eXBlIjoicG9zdCIs...
  ✓ Saved (0.1 KB)
[1328/2164] image: https://px.srvcs.tumblr.com/impixu?T=1767025342&J=eyJ0eXBlIjoidXJsIiwi...
  ✓ Saved (0.1 KB)
[1329/2164] image: https://px.srvcs.tumblr.com/impixu?T=1767025343&J=eyJ0eXBlIjoicG9zdCIs...
  ✓ Saved (0.1 KB)
[1330/2164] image: https://px.srvcs.tumblr.com/impixu?T=1767025343&J=eyJ0eXBlIjoidXJsIiwi...
  ✓ Saved (0.1 KB)
[1331/2164] image: https://px.srvcs.tumblr.com/impixu?T=1767025344&J=eyJ0eXBlIjoicG9zdCIs...
  ✓ Saved (0.1 KB)
[1332/2164] image: https://px.srvcs.tumblr.com/impixu?T=1767025344&J=eyJ0eXBlIjoidXJsIiwi...
  ✓ Saved (0.1 KB)
[1333/2164] image: https://px.srvcs.tumblr.com/impixu?T=1767025345&J=eyJ0eXBlIjoicG9zdCIs...
  ✓ Saved (0.1 KB)
[1334/2164] image: https://px.srvcs.tumblr.com/impixu?T=1767025345&J=eyJ0eXBlIjoidXJsIiwi...
  ✓ Saved (0.1 KB)
[1335/2164] image: https://px.srvcs.tumblr.com/impixu?T=1767025346&J=eyJ0eXBlIjoicG9zdCIs...
  ✓ Saved (0.1 KB)
[1336/2164] image: https://px.srvcs.tumblr.com/impixu?T=1767025346&J=eyJ0eXBlIjoidXJsIiwi...
  ✓ Saved (0.1 KB)
[1337/2164] image: https://px.srvcs.tumblr.com/impixu?T=1767025348&J=eyJ0eXBlIjoicG9zdCIs...
  ✓ Saved (0.1 KB)
[1338/2164] image: https://px.srvcs.tumblr.com/impixu?T=1767025348&J=eyJ0eXBlIjoidXJsIiwi...
  ✓ Saved (0.1 KB)
[1339/2164] image: https://px.srvcs.tumblr.com/impixu?T=1767025349&J=eyJ0eXBlIjoicG9zdCIs...
  ✓ Saved (0.1 KB)
[1340/2164] image: https://px.srvcs.tumblr.com/impixu?T=1767025349&J=eyJ0eXBlIjoidXJsIiwi...
  ✓ Saved (0.1 KB)
[1341/2164] image: https://px.srvcs.tumblr.com/impixu?T=1767025350&J=eyJ0eXBlIjoicG9zdCIs...
  ✓ Saved (0.1 KB)
[1342/2164] image: https://px.srvcs.tumblr.com/impixu?T=1767025350&J=eyJ0eXBlIjoidXJsIiwi...
  ✓ Saved (0.1 KB)
[1343/2164] image: https://px.srvcs.tumblr.com/impixu?T=1767025351&J=eyJ0eXBlIjoicG9zdCIs...
  ✓ Saved (0.1 KB)
[1344/2164] image: https://px.srvcs.tumblr.com/impixu?T=1767025351&J=eyJ0eXBlIjoidXJsIiwi...
  ✓ Saved (0.1 KB)
[1345/2164] image: https://px.srvcs.tumblr.com/impixu?T=1767025352&J=eyJ0eXBlIjoicG9zdCIs...
  ✓ Saved (0.1 KB)
[1346/2164] image: https://px.srvcs.tumblr.com/impixu?T=1767025352&J=eyJ0eXBlIjoidXJsIiwi...
  ✓ Saved (0.1 KB)
[1347/2164] image: https://px.srvcs.tumblr.com/impixu?T=1767025353&J=eyJ0eXBlIjoicG9zdCIs...
  ✓ Saved (0.1 KB)
[1348/2164] image: https://px.srvcs.tumblr.com/impixu?T=1767025353&J=eyJ0eXBlIjoidXJsIiwi...
  ✓ Saved (0.1 KB)
[1349/2164] image: https://px.srvcs.tumblr.com/impixu?T=1767025354&J=eyJ0eXBlIjoicG9zdCIs...
  ✓ Saved (0.1 KB)
[1350/2164] image: https://px.srvcs.tumblr.com/impixu?T=1767025354&J=eyJ0eXBlIjoidXJsIiwi...
  ✓ Saved (0.1 KB)
[1351/2164] image: https://px.srvcs.tumblr.com/impixu?T=1767025355&J=eyJ0eXBlIjoicG9zdCIs...
  ✓ Saved (0.1 KB)
[1352/2164] image: https://px.srvcs.tumblr.com/impixu?T=1767025355&J=eyJ0eXBlIjoidXJsIiwi...
  ✓ Saved (0.1 KB)
[1353/2164] image: https://px.srvcs.tumblr.com/impixu?T=1767025357&J=eyJ0eXBlIjoicG9zdCIs...
  ✓ Saved (0.1 KB)
[1354/2164] image: https://px.srvcs.tumblr.com/impixu?T=1767025357&J=eyJ0eXBlIjoidXJsIiwi...
  ✓ Saved (0.1 KB)
[1355/2164] image: https://px.srvcs.tumblr.com/impixu?T=1767025358&J=eyJ0eXBlIjoicG9zdCIs...
  ✓ Saved (0.1 KB)
[1356/2164] image: https://px.srvcs.tumblr.com/impixu?T=1767025358&J=eyJ0eXBlIjoidXJsIiwi...
  ✓ Saved (0.1 KB)
[1357/2164] image: https://px.srvcs.tumblr.com/impixu?T=1767025359&J=eyJ0eXBlIjoicG9zdCIs...
  ✓ Saved (0.1 KB)
[1358/2164] image: https://px.srvcs.tumblr.com/impixu?T=1767025359&J=eyJ0eXBlIjoidXJsIiwi...
  ✓ Saved (0.1 KB)
[1359/2164] image: https://px.srvcs.tumblr.com/impixu?T=1767025360&J=eyJ0eXBlIjoicG9zdCIs...
  ✓ Saved (0.1 KB)
[1360/2164] image: https://px.srvcs.tumblr.com/impixu?T=1767025360&J=eyJ0eXBlIjoidXJsIiwi...
  ✓ Saved (0.1 KB)
[1361/2164] image: https://px.srvcs.tumblr.com/impixu?T=1767025361&J=eyJ0eXBlIjoicG9zdCIs...
  ✓ Saved (0.1 KB)
[1362/2164] image: https://px.srvcs.tumblr.com/impixu?T=1767025361&J=eyJ0eXBlIjoidXJsIiwi...
  ✓ Saved (0.1 KB)
[1363/2164] image: https://px.srvcs.tumblr.com/impixu?T=1767025362&J=eyJ0eXBlIjoicG9zdCIs...
  ✓ Saved (0.1 KB)
[1364/2164] image: https://px.srvcs.tumblr.com/impixu?T=1767025362&J=eyJ0eXBlIjoidXJsIiwi...
  ✓ Saved (0.1 KB)
[1365/2164] image: https://px.srvcs.tumblr.com/impixu?T=1767025363&J=eyJ0eXBlIjoicG9zdCIs...
  ✓ Saved (0.1 KB)
[1366/2164] image: https://px.srvcs.tumblr.com/impixu?T=1767025363&J=eyJ0eXBlIjoidXJsIiwi...
  ✓ Saved (0.1 KB)
[1367/2164] image: https://px.srvcs.tumblr.com/impixu?T=1767025365&J=eyJ0eXBlIjoicG9zdCIs...
  ✓ Saved (0.1 KB)
[1368/2164] image: https://px.srvcs.tumblr.com/impixu?T=1767025365&J=eyJ0eXBlIjoidXJsIiwi...
  ✓ Saved (0.1 KB)
[1369/2164] image: https://px.srvcs.tumblr.com/impixu?T=1767025366&J=eyJ0eXBlIjoicG9zdCIs...
  ✓ Saved (0.1 KB)
[1370/2164] image: https://px.srvcs.tumblr.com/impixu?T=1767025366&J=eyJ0eXBlIjoidXJsIiwi...
  ✓ Saved (0.1 KB)
[1371/2164] image: https://px.srvcs.tumblr.com/impixu?T=1767025367&J=eyJ0eXBlIjoicG9zdCIs...
  ✓ Saved (0.1 KB)
[1372/2164] image: https://px.srvcs.tumblr.com/impixu?T=1767025367&J=eyJ0eXBlIjoidXJsIiwi...
  ✓ Saved (0.1 KB)
[1373/2164] image: https://px.srvcs.tumblr.com/impixu?T=1767025368&J=eyJ0eXBlIjoicG9zdCIs...
  ✓ Saved (0.1 KB)
[1374/2164] image: https://px.srvcs.tumblr.com/impixu?T=1767025368&J=eyJ0eXBlIjoidXJsIiwi...
  ✓ Saved (0.1 KB)
[1375/2164] image: https://px.srvcs.tumblr.com/impixu?T=1767025369&J=eyJ0eXBlIjoicG9zdCIs...
  ✓ Saved (0.1 KB)
[1376/2164] image: https://px.srvcs.tumblr.com/impixu?T=1767025369&J=eyJ0eXBlIjoidXJsIiwi...
  ✓ Saved (0.1 KB)
[1377/2164] image: https://px.srvcs.tumblr.com/impixu?T=1767025370&J=eyJ0eXBlIjoicG9zdCIs...
  ✓ Saved (0.1 KB)
[1378/2164] image: https://px.srvcs.tumblr.com/impixu?T=1767025370&J=eyJ0eXBlIjoidXJsIiwi...
  ✓ Saved (0.1 KB)
[1379/2164] image: https://px.srvcs.tumblr.com/impixu?T=1767025372&J=eyJ0eXBlIjoicG9zdCIs...
  ✓ Saved (0.1 KB)
[1380/2164] image: https://px.srvcs.tumblr.com/impixu?T=1767025372&J=eyJ0eXBlIjoidXJsIiwi...
  ✓ Saved (0.1 KB)
[1381/2164] image: https://px.srvcs.tumblr.com/impixu?T=1767025373&J=eyJ0eXBlIjoicG9zdCIs...
  ✓ Saved (0.1 KB)
[1382/2164] image: https://px.srvcs.tumblr.com/impixu?T=1767025373&J=eyJ0eXBlIjoidXJsIiwi...
  ✓ Saved (0.1 KB)
[1383/2164] image: https://px.srvcs.tumblr.com/impixu?T=1767025374&J=eyJ0eXBlIjoicG9zdCIs...
  ✓ Saved (0.1 KB)
[1384/2164] image: https://px.srvcs.tumblr.com/impixu?T=1767025374&J=eyJ0eXBlIjoidXJsIiwi...
  ✓ Saved (0.1 KB)
[1385/2164] image: https://px.srvcs.tumblr.com/impixu?T=1767025375&J=eyJ0eXBlIjoicG9zdCIs...
  ✓ Saved (0.1 KB)
[1386/2164] image: https://px.srvcs.tumblr.com/impixu?T=1767025375&J=eyJ0eXBlIjoidXJsIiwi...
  ✓ Saved (0.1 KB)
[1387/2164] image: https://px.srvcs.tumblr.com/impixu?T=1767025376&J=eyJ0eXBlIjoicG9zdCIs...
  ✓ Saved (0.1 KB)
[1388/2164] image: https://px.srvcs.tumblr.com/impixu?T=1767025376&J=eyJ0eXBlIjoidXJsIiwi...
  ✓ Saved (0.1 KB)
[1389/2164] image: https://px.srvcs.tumblr.com/impixu?T=1767025377&J=eyJ0eXBlIjoicG9zdCIs...
  ✓ Saved (0.1 KB)
[1390/2164] image: https://px.srvcs.tumblr.com/impixu?T=1767025377&J=eyJ0eXBlIjoidXJsIiwi...
  ✓ Saved (0.1 KB)
[1391/2164] image: https://px.srvcs.tumblr.com/impixu?T=1767025378&J=eyJ0eXBlIjoicG9zdCIs...
  ✓ Saved (0.1 KB)
[1392/2164] image: https://px.srvcs.tumblr.com/impixu?T=1767025378&J=eyJ0eXBlIjoidXJsIiwi...
  ✓ Saved (0.1 KB)
[1393/2164] image: https://px.srvcs.tumblr.com/impixu?T=1767025380&J=eyJ0eXBlIjoicG9zdCIs...
  ✓ Saved (0.1 KB)
[1394/2164] image: https://px.srvcs.tumblr.com/impixu?T=1767025380&J=eyJ0eXBlIjoidXJsIiwi...
  ✓ Saved (0.1 KB)
[1395/2164] image: https://px.srvcs.tumblr.com/impixu?T=1767025381&J=eyJ0eXBlIjoicG9zdCIs...
  ✓ Saved (0.1 KB)
[1396/2164] image: https://px.srvcs.tumblr.com/impixu?T=1767025381&J=eyJ0eXBlIjoidXJsIiwi...
  ✓ Saved (0.1 KB)
[1397/2164] image: https://px.srvcs.tumblr.com/impixu?T=1767025382&J=eyJ0eXBlIjoicG9zdCIs...
  ✓ Saved (0.1 KB)
[1398/2164] image: https://px.srvcs.tumblr.com/impixu?T=1767025382&J=eyJ0eXBlIjoidXJsIiwi...
  ✓ Saved (0.1 KB)
[1399/2164] image: https://px.srvcs.tumblr.com/impixu?T=1767025383&J=eyJ0eXBlIjoicG9zdCIs...
  ✓ Saved (0.1 KB)
[1400/2164] image: https://px.srvcs.tumblr.com/impixu?T=1767025383&J=eyJ0eXBlIjoidXJsIiwi...
  ✓ Saved (0.1 KB)
[1401/2164] image: https://px.srvcs.tumblr.com/impixu?T=1767025384&J=eyJ0eXBlIjoicG9zdCIs...
  ✓ Saved (0.1 KB)
[1402/2164] image: https://px.srvcs.tumblr.com/impixu?T=1767025384&J=eyJ0eXBlIjoidXJsIiwi...
  ✓ Saved (0.1 KB)
[1403/2164] image: https://px.srvcs.tumblr.com/impixu?T=1767025385&J=eyJ0eXBlIjoicG9zdCIs...
  ✓ Saved (0.1 KB)
[1404/2164] image: https://px.srvcs.tumblr.com/impixu?T=1767025385&J=eyJ0eXBlIjoidXJsIiwi...
  ✓ Saved (0.1 KB)
[1405/2164] image: https://px.srvcs.tumblr.com/impixu?T=1767025386&J=eyJ0eXBlIjoicG9zdCIs...
  ✓ Saved (0.1 KB)
[1406/2164] image: https://px.srvcs.tumblr.com/impixu?T=1767025386&J=eyJ0eXBlIjoidXJsIiwi...
  ✓ Saved (0.1 KB)
[1407/2164] image: https://px.srvcs.tumblr.com/impixu?T=1767025387&J=eyJ0eXBlIjoicG9zdCIs...
  ✓ Saved (0.1 KB)
[1408/2164] image: https://px.srvcs.tumblr.com/impixu?T=1767025387&J=eyJ0eXBlIjoidXJsIiwi...
  ✓ Saved (0.1 KB)
[1409/2164] image: https://px.srvcs.tumblr.com/impixu?T=1767025389&J=eyJ0eXBlIjoicG9zdCIs...
  ✓ Saved (0.1 KB)
[1410/2164] image: https://px.srvcs.tumblr.com/impixu?T=1767025389&J=eyJ0eXBlIjoidXJsIiwi...
  ✓ Saved (0.1 KB)
[1411/2164] image: https://px.srvcs.tumblr.com/impixu?T=1767025390&J=eyJ0eXBlIjoicG9zdCIs...
  ✓ Saved (0.1 KB)
[1412/2164] image: https://px.srvcs.tumblr.com/impixu?T=1767025390&J=eyJ0eXBlIjoidXJsIiwi...
  ✓ Saved (0.1 KB)
[1413/2164] image: https://px.srvcs.tumblr.com/impixu?T=1767025391&J=eyJ0eXBlIjoicG9zdCIs...
  ✓ Saved (0.1 KB)
[1414/2164] image: https://px.srvcs.tumblr.com/impixu?T=1767025391&J=eyJ0eXBlIjoidXJsIiwi...
  ✓ Saved (0.1 KB)
[1415/2164] image: https://px.srvcs.tumblr.com/impixu?T=1767025392&J=eyJ0eXBlIjoicG9zdCIs...
  ✓ Saved (0.1 KB)
[1416/2164] image: https://px.srvcs.tumblr.com/impixu?T=1767025392&J=eyJ0eXBlIjoidXJsIiwi...
  ✓ Saved (0.1 KB)
[1417/2164] image: https://px.srvcs.tumblr.com/impixu?T=1767025393&J=eyJ0eXBlIjoicG9zdCIs...
  ✓ Saved (0.1 KB)
[1418/2164] image: https://px.srvcs.tumblr.com/impixu?T=1767025393&J=eyJ0eXBlIjoidXJsIiwi...
  ✓ Saved (0.1 KB)
[1419/2164] image: https://px.srvcs.tumblr.com/impixu?T=1767025394&J=eyJ0eXBlIjoicG9zdCIs...
  ✓ Saved (0.1 KB)
[1420/2164] image: https://px.srvcs.tumblr.com/impixu?T=1767025394&J=eyJ0eXBlIjoidXJsIiwi...
  ✓ Saved (0.1 KB)
[1421/2164] image: https://px.srvcs.tumblr.com/impixu?T=1767025395&J=eyJ0eXBlIjoicG9zdCIs...
  ✓ Saved (0.1 KB)
[1422/2164] image: https://px.srvcs.tumblr.com/impixu?T=1767025395&J=eyJ0eXBlIjoidXJsIiwi...
  ✓ Saved (0.1 KB)
[1423/2164] image: https://px.srvcs.tumblr.com/impixu?T=1767025397&J=eyJ0eXBlIjoicG9zdCIs...
  ✓ Saved (0.1 KB)
[1424/2164] image: https://px.srvcs.tumblr.com/impixu?T=1767025397&J=eyJ0eXBlIjoidXJsIiwi...
  ✓ Saved (0.1 KB)
[1425/2164] image: https://px.srvcs.tumblr.com/impixu?T=1767025398&J=eyJ0eXBlIjoicG9zdCIs...
  ✓ Saved (0.1 KB)
[1426/2164] image: https://px.srvcs.tumblr.com/impixu?T=1767025398&J=eyJ0eXBlIjoidXJsIiwi...
  ✓ Saved (0.1 KB)
[1427/2164] image: https://px.srvcs.tumblr.com/impixu?T=1767025399&J=eyJ0eXBlIjoicG9zdCIs...
  ✓ Saved (0.1 KB)
[1428/2164] image: https://px.srvcs.tumblr.com/impixu?T=1767025399&J=eyJ0eXBlIjoidXJsIiwi...
  ✓ Saved (0.1 KB)
[1429/2164] image: https://px.srvcs.tumblr.com/impixu?T=1767025400&J=eyJ0eXBlIjoicG9zdCIs...
  ✓ Saved (0.1 KB)
[1430/2164] image: https://px.srvcs.tumblr.com/impixu?T=1767025400&J=eyJ0eXBlIjoidXJsIiwi...
  ✓ Saved (0.1 KB)
[1431/2164] image: https://px.srvcs.tumblr.com/impixu?T=1767025401&J=eyJ0eXBlIjoicG9zdCIs...
  ✓ Saved (0.1 KB)
[1432/2164] image: https://px.srvcs.tumblr.com/impixu?T=1767025401&J=eyJ0eXBlIjoidXJsIiwi...
  ✓ Saved (0.1 KB)
[1433/2164] image: https://px.srvcs.tumblr.com/impixu?T=1767025402&J=eyJ0eXBlIjoicG9zdCIs...
  ✓ Saved (0.1 KB)
[1434/2164] image: https://px.srvcs.tumblr.com/impixu?T=1767025402&J=eyJ0eXBlIjoidXJsIiwi...
  ✓ Saved (0.1 KB)
[1435/2164] image: https://px.srvcs.tumblr.com/impixu?T=1767025403&J=eyJ0eXBlIjoicG9zdCIs...
  ✓ Saved (0.1 KB)
[1436/2164] image: https://px.srvcs.tumblr.com/impixu?T=1767025403&J=eyJ0eXBlIjoidXJsIiwi...
  ✓ Saved (0.1 KB)
[1437/2164] image: https://px.srvcs.tumblr.com/impixu?T=1767025405&J=eyJ0eXBlIjoicG9zdCIs...
  ✓ Saved (0.1 KB)
[1438/2164] image: https://px.srvcs.tumblr.com/impixu?T=1767025405&J=eyJ0eXBlIjoidXJsIiwi...
  ✓ Saved (0.1 KB)
[1439/2164] image: https://px.srvcs.tumblr.com/impixu?T=1767025406&J=eyJ0eXBlIjoicG9zdCIs...
  ✓ Saved (0.1 KB)
[1440/2164] image: https://px.srvcs.tumblr.com/impixu?T=1767025406&J=eyJ0eXBlIjoidXJsIiwi...
  ✓ Saved (0.1 KB)
[1441/2164] image: https://px.srvcs.tumblr.com/impixu?T=1767025407&J=eyJ0eXBlIjoicG9zdCIs...
  ✓ Saved (0.1 KB)
[1442/2164] image: https://px.srvcs.tumblr.com/impixu?T=1767025407&J=eyJ0eXBlIjoidXJsIiwi...
  ✓ Saved (0.1 KB)
[1443/2164] image: https://px.srvcs.tumblr.com/impixu?T=1767025408&J=eyJ0eXBlIjoicG9zdCIs...
  ✓ Saved (0.1 KB)
[1444/2164] image: https://px.srvcs.tumblr.com/impixu?T=1767025408&J=eyJ0eXBlIjoidXJsIiwi...
  ✓ Saved (0.1 KB)
[1445/2164] image: https://px.srvcs.tumblr.com/impixu?T=1767025409&J=eyJ0eXBlIjoicG9zdCIs...
  ✓ Saved (0.1 KB)
[1446/2164] image: https://px.srvcs.tumblr.com/impixu?T=1767025409&J=eyJ0eXBlIjoidXJsIiwi...
  ✓ Saved (0.1 KB)
[1447/2164] image: https://px.srvcs.tumblr.com/impixu?T=1767025410&J=eyJ0eXBlIjoicG9zdCIs...
  ✓ Saved (0.1 KB)
[1448/2164] image: https://px.srvcs.tumblr.com/impixu?T=1767025410&J=eyJ0eXBlIjoidXJsIiwi...
  ✓ Saved (0.1 KB)
[1449/2164] image: https://px.srvcs.tumblr.com/impixu?T=1767025411&J=eyJ0eXBlIjoicG9zdCIs...
  ✓ Saved (0.1 KB)
[1450/2164] image: https://px.srvcs.tumblr.com/impixu?T=1767025411&J=eyJ0eXBlIjoidXJsIiwi...
  ✓ Saved (0.1 KB)
[1451/2164] image: https://px.srvcs.tumblr.com/impixu?T=1767025412&J=eyJ0eXBlIjoicG9zdCIs...
  ✓ Saved (0.1 KB)
[1452/2164] image: https://px.srvcs.tumblr.com/impixu?T=1767025412&J=eyJ0eXBlIjoidXJsIiwi...
  ✓ Saved (0.1 KB)
[1453/2164] image: https://px.srvcs.tumblr.com/impixu?T=1767025414&J=eyJ0eXBlIjoicG9zdCIs...
  ✓ Saved (0.1 KB)
[1454/2164] image: https://px.srvcs.tumblr.com/impixu?T=1767025414&J=eyJ0eXBlIjoidXJsIiwi...
  ✓ Saved (0.1 KB)
[1455/2164] image: https://px.srvcs.tumblr.com/impixu?T=1767025415&J=eyJ0eXBlIjoicG9zdCIs...
  ✓ Saved (0.1 KB)
[1456/2164] image: https://px.srvcs.tumblr.com/impixu?T=1767025415&J=eyJ0eXBlIjoidXJsIiwi...
  ✓ Saved (0.1 KB)
[1457/2164] image: https://px.srvcs.tumblr.com/impixu?T=1767025416&J=eyJ0eXBlIjoicG9zdCIs...
  ✓ Saved (0.1 KB)
[1458/2164] image: https://px.srvcs.tumblr.com/impixu?T=1767025416&J=eyJ0eXBlIjoidXJsIiwi...
  ✓ Saved (0.1 KB)
[1459/2164] image: https://px.srvcs.tumblr.com/impixu?T=1767025417&J=eyJ0eXBlIjoicG9zdCIs...
  ✓ Saved (0.1 KB)
[1460/2164] image: https://px.srvcs.tumblr.com/impixu?T=1767025417&J=eyJ0eXBlIjoidXJsIiwi...
  ✓ Saved (0.1 KB)
[1461/2164] image: https://px.srvcs.tumblr.com/impixu?T=1767025418&J=eyJ0eXBlIjoicG9zdCIs...
  ✓ Saved (0.1 KB)
[1462/2164] image: https://px.srvcs.tumblr.com/impixu?T=1767025418&J=eyJ0eXBlIjoidXJsIiwi...
  ✓ Saved (0.1 KB)
[1463/2164] image: https://px.srvcs.tumblr.com/impixu?T=1767025419&J=eyJ0eXBlIjoicG9zdCIs...
  ✓ Saved (0.1 KB)
[1464/2164] image: https://px.srvcs.tumblr.com/impixu?T=1767025419&J=eyJ0eXBlIjoidXJsIiwi...
  ✓ Saved (0.1 KB)
[1465/2164] image: https://px.srvcs.tumblr.com/impixu?T=1767025420&J=eyJ0eXBlIjoicG9zdCIs...
  ✓ Saved (0.1 KB)
[1466/2164] image: https://px.srvcs.tumblr.com/impixu?T=1767025420&J=eyJ0eXBlIjoidXJsIiwi...
  ✓ Saved (0.1 KB)
[1467/2164] image: https://px.srvcs.tumblr.com/impixu?T=1767025421&J=eyJ0eXBlIjoicG9zdCIs...
  ✓ Saved (0.1 KB)
[1468/2164] image: https://px.srvcs.tumblr.com/impixu?T=1767025421&J=eyJ0eXBlIjoidXJsIiwi...
  ✓ Saved (0.1 KB)
[1469/2164] image: https://px.srvcs.tumblr.com/impixu?T=1767025423&J=eyJ0eXBlIjoicG9zdCIs...
  ✓ Saved (0.1 KB)
[1470/2164] image: https://px.srvcs.tumblr.com/impixu?T=1767025423&J=eyJ0eXBlIjoidXJsIiwi...
  ✓ Saved (0.1 KB)
[1471/2164] image: https://px.srvcs.tumblr.com/impixu?T=1767025424&J=eyJ0eXBlIjoicG9zdCIs...
  ✓ Saved (0.1 KB)
[1472/2164] image: https://px.srvcs.tumblr.com/impixu?T=1767025424&J=eyJ0eXBlIjoidXJsIiwi...
  ✓ Saved (0.1 KB)
[1473/2164] image: https://px.srvcs.tumblr.com/impixu?T=1767025425&J=eyJ0eXBlIjoicG9zdCIs...
  ✓ Saved (0.1 KB)
[1474/2164] image: https://px.srvcs.tumblr.com/impixu?T=1767025425&J=eyJ0eXBlIjoidXJsIiwi...
  ✓ Saved (0.1 KB)
[1475/2164] image: https://px.srvcs.tumblr.com/impixu?T=1767025426&J=eyJ0eXBlIjoicG9zdCIs...
  ✓ Saved (0.1 KB)
[1476/2164] image: https://px.srvcs.tumblr.com/impixu?T=1767025426&J=eyJ0eXBlIjoidXJsIiwi...
  ✓ Saved (0.1 KB)
[1477/2164] image: https://px.srvcs.tumblr.com/impixu?T=1767025427&J=eyJ0eXBlIjoicG9zdCIs...
  ✓ Saved (0.1 KB)
[1478/2164] image: https://px.srvcs.tumblr.com/impixu?T=1767025427&J=eyJ0eXBlIjoidXJsIiwi...
  ✓ Saved (0.1 KB)
[1479/2164] image: https://px.srvcs.tumblr.com/impixu?T=1767025428&J=eyJ0eXBlIjoicG9zdCIs...
  ✓ Saved (0.1 KB)
[1480/2164] image: https://px.srvcs.tumblr.com/impixu?T=1767025428&J=eyJ0eXBlIjoidXJsIiwi...
  ✓ Saved (0.1 KB)
[1481/2164] image: https://px.srvcs.tumblr.com/impixu?T=1767025429&J=eyJ0eXBlIjoicG9zdCIs...
  ✓ Saved (0.1 KB)
[1482/2164] image: https://px.srvcs.tumblr.com/impixu?T=1767025429&J=eyJ0eXBlIjoidXJsIiwi...
  ✓ Saved (0.1 KB)
[1483/2164] image: https://px.srvcs.tumblr.com/impixu?T=1767025431&J=eyJ0eXBlIjoicG9zdCIs...
  ✓ Saved (0.1 KB)
[1484/2164] image: https://px.srvcs.tumblr.com/impixu?T=1767025431&J=eyJ0eXBlIjoidXJsIiwi...
  ✓ Saved (0.1 KB)
[1485/2164] image: https://px.srvcs.tumblr.com/impixu?T=1767025432&J=eyJ0eXBlIjoicG9zdCIs...
  ✓ Saved (0.1 KB)
[1486/2164] image: https://px.srvcs.tumblr.com/impixu?T=1767025432&J=eyJ0eXBlIjoidXJsIiwi...
  ✓ Saved (0.1 KB)
[1487/2164] image: https://px.srvcs.tumblr.com/impixu?T=1767025433&J=eyJ0eXBlIjoicG9zdCIs...
  ✓ Saved (0.1 KB)
[1488/2164] image: https://px.srvcs.tumblr.com/impixu?T=1767025433&J=eyJ0eXBlIjoidXJsIiwi...
  ✓ Saved (0.1 KB)
[1489/2164] image: https://px.srvcs.tumblr.com/impixu?T=1767025434&J=eyJ0eXBlIjoicG9zdCIs...
  ✓ Saved (0.1 KB)
[1490/2164] image: https://px.srvcs.tumblr.com/impixu?T=1767025434&J=eyJ0eXBlIjoidXJsIiwi...
  ✓ Saved (0.1 KB)
[1491/2164] image: https://px.srvcs.tumblr.com/impixu?T=1767025435&J=eyJ0eXBlIjoicG9zdCIs...
  ✓ Saved (0.1 KB)
[1492/2164] image: https://px.srvcs.tumblr.com/impixu?T=1767025435&J=eyJ0eXBlIjoidXJsIiwi...
  ✓ Saved (0.1 KB)
[1493/2164] image: https://px.srvcs.tumblr.com/impixu?T=1767025436&J=eyJ0eXBlIjoicG9zdCIs...
  ✓ Saved (0.1 KB)
[1494/2164] image: https://px.srvcs.tumblr.com/impixu?T=1767025436&J=eyJ0eXBlIjoidXJsIiwi...
  ✓ Saved (0.1 KB)
[1495/2164] image: https://px.srvcs.tumblr.com/impixu?T=1767025437&J=eyJ0eXBlIjoicG9zdCIs...
  ✓ Saved (0.1 KB)
[1496/2164] image: https://px.srvcs.tumblr.com/impixu?T=1767025437&J=eyJ0eXBlIjoidXJsIiwi...
  ✓ Saved (0.1 KB)
[1497/2164] image: https://px.srvcs.tumblr.com/impixu?T=1767025439&J=eyJ0eXBlIjoicG9zdCIs...
  ✓ Saved (0.1 KB)
[1498/2164] image: https://px.srvcs.tumblr.com/impixu?T=1767025439&J=eyJ0eXBlIjoidXJsIiwi...
  ✓ Saved (0.1 KB)
[1499/2164] image: https://px.srvcs.tumblr.com/impixu?T=1767025440&J=eyJ0eXBlIjoicG9zdCIs...
  ✓ Saved (0.1 KB)
[1500/2164] image: https://px.srvcs.tumblr.com/impixu?T=1767025440&J=eyJ0eXBlIjoidXJsIiwi...
  ✓ Saved (0.1 KB)
[1501/2164] image: https://px.srvcs.tumblr.com/impixu?T=1767025441&J=eyJ0eXBlIjoicG9zdCIs...
  ✓ Saved (0.1 KB)
[1502/2164] image: https://px.srvcs.tumblr.com/impixu?T=1767025441&J=eyJ0eXBlIjoidXJsIiwi...
  ✓ Saved (0.1 KB)
[1503/2164] image: https://px.srvcs.tumblr.com/impixu?T=1767025442&J=eyJ0eXBlIjoicG9zdCIs...
  ✓ Saved (0.1 KB)
[1504/2164] image: https://px.srvcs.tumblr.com/impixu?T=1767025442&J=eyJ0eXBlIjoidXJsIiwi...
  ✓ Saved (0.1 KB)
[1505/2164] image: https://px.srvcs.tumblr.com/impixu?T=1767025443&J=eyJ0eXBlIjoicG9zdCIs...
  ✓ Saved (0.1 KB)
[1506/2164] image: https://px.srvcs.tumblr.com/impixu?T=1767025443&J=eyJ0eXBlIjoidXJsIiwi...
  ✓ Saved (0.1 KB)
[1507/2164] image: https://px.srvcs.tumblr.com/impixu?T=1767025444&J=eyJ0eXBlIjoicG9zdCIs...
  ✓ Saved (0.1 KB)
[1508/2164] image: https://px.srvcs.tumblr.com/impixu?T=1767025444&J=eyJ0eXBlIjoidXJsIiwi...
  ✓ Saved (0.1 KB)
[1509/2164] image: https://px.srvcs.tumblr.com/impixu?T=1767025445&J=eyJ0eXBlIjoicG9zdCIs...
  ✓ Saved (0.1 KB)
[1510/2164] image: https://px.srvcs.tumblr.com/impixu?T=1767025445&J=eyJ0eXBlIjoidXJsIiwi...
  ✓ Saved (0.1 KB)
[1511/2164] image: https://px.srvcs.tumblr.com/impixu?T=1767025447&J=eyJ0eXBlIjoicG9zdCIs...
  ✓ Saved (0.1 KB)
[1512/2164] image: https://px.srvcs.tumblr.com/impixu?T=1767025447&J=eyJ0eXBlIjoidXJsIiwi...
  ✓ Saved (0.1 KB)
[1513/2164] image: https://px.srvcs.tumblr.com/impixu?T=1767025448&J=eyJ0eXBlIjoicG9zdCIs...
  ✓ Saved (0.1 KB)
[1514/2164] image: https://px.srvcs.tumblr.com/impixu?T=1767025448&J=eyJ0eXBlIjoidXJsIiwi...
  ✓ Saved (0.1 KB)
[1515/2164] image: https://px.srvcs.tumblr.com/impixu?T=1767025449&J=eyJ0eXBlIjoicG9zdCIs...
  ✓ Saved (0.1 KB)
[1516/2164] image: https://px.srvcs.tumblr.com/impixu?T=1767025449&J=eyJ0eXBlIjoidXJsIiwi...
  ✓ Saved (0.1 KB)
[1517/2164] image: https://px.srvcs.tumblr.com/impixu?T=1767025450&J=eyJ0eXBlIjoicG9zdCIs...
  ✓ Saved (0.1 KB)
[1518/2164] image: https://px.srvcs.tumblr.com/impixu?T=1767025450&J=eyJ0eXBlIjoidXJsIiwi...
  ✓ Saved (0.1 KB)
[1519/2164] image: https://px.srvcs.tumblr.com/impixu?T=1767025451&J=eyJ0eXBlIjoicG9zdCIs...
  ✓ Saved (0.1 KB)
[1520/2164] image: https://px.srvcs.tumblr.com/impixu?T=1767025451&J=eyJ0eXBlIjoidXJsIiwi...
  ✓ Saved (0.1 KB)
[1521/2164] image: https://px.srvcs.tumblr.com/impixu?T=1767025452&J=eyJ0eXBlIjoicG9zdCIs...
  ✓ Saved (0.1 KB)
[1522/2164] image: https://px.srvcs.tumblr.com/impixu?T=1767025452&J=eyJ0eXBlIjoidXJsIiwi...
  ✓ Saved (0.1 KB)
[1523/2164] image: https://px.srvcs.tumblr.com/impixu?T=1767025453&J=eyJ0eXBlIjoicG9zdCIs...
  ✓ Saved (0.1 KB)
[1524/2164] image: https://px.srvcs.tumblr.com/impixu?T=1767025453&J=eyJ0eXBlIjoidXJsIiwi...
  ✓ Saved (0.1 KB)
[1525/2164] image: https://px.srvcs.tumblr.com/impixu?T=1767025455&J=eyJ0eXBlIjoicG9zdCIs...
  ✓ Saved (0.1 KB)
[1526/2164] image: https://px.srvcs.tumblr.com/impixu?T=1767025455&J=eyJ0eXBlIjoidXJsIiwi...
  ✓ Saved (0.1 KB)
[1527/2164] image: https://px.srvcs.tumblr.com/impixu?T=1767025456&J=eyJ0eXBlIjoicG9zdCIs...
  ✓ Saved (0.1 KB)
[1528/2164] image: https://px.srvcs.tumblr.com/impixu?T=1767025456&J=eyJ0eXBlIjoidXJsIiwi...
  ✓ Saved (0.1 KB)
[1529/2164] image: https://px.srvcs.tumblr.com/impixu?T=1767025457&J=eyJ0eXBlIjoicG9zdCIs...
  ✓ Saved (0.1 KB)
[1530/2164] image: https://px.srvcs.tumblr.com/impixu?T=1767025457&J=eyJ0eXBlIjoidXJsIiwi...
  ✓ Saved (0.1 KB)
[1531/2164] image: https://px.srvcs.tumblr.com/impixu?T=1767025458&J=eyJ0eXBlIjoicG9zdCIs...
  ✓ Saved (0.1 KB)
[1532/2164] image: https://px.srvcs.tumblr.com/impixu?T=1767025458&J=eyJ0eXBlIjoidXJsIiwi...
  ✓ Saved (0.1 KB)
[1533/2164] image: https://px.srvcs.tumblr.com/impixu?T=1767025459&J=eyJ0eXBlIjoicG9zdCIs...
  ✓ Saved (0.1 KB)
[1534/2164] image: https://px.srvcs.tumblr.com/impixu?T=1767025459&J=eyJ0eXBlIjoidXJsIiwi...
  ✓ Saved (0.1 KB)
[1535/2164] image: https://px.srvcs.tumblr.com/impixu?T=1767025460&J=eyJ0eXBlIjoicG9zdCIs...
  ✓ Saved (0.1 KB)
[1536/2164] image: https://px.srvcs.tumblr.com/impixu?T=1767025460&J=eyJ0eXBlIjoidXJsIiwi...
  ✓ Saved (0.1 KB)
[1537/2164] image: https://px.srvcs.tumblr.com/impixu?T=1767025461&J=eyJ0eXBlIjoicG9zdCIs...
  ✓ Saved (0.1 KB)
[1538/2164] image: https://px.srvcs.tumblr.com/impixu?T=1767025461&J=eyJ0eXBlIjoidXJsIiwi...
  ✓ Saved (0.1 KB)
[1539/2164] image: https://px.srvcs.tumblr.com/impixu?T=1767025462&J=eyJ0eXBlIjoicG9zdCIs...
  ✓ Saved (0.1 KB)
[1540/2164] image: https://px.srvcs.tumblr.com/impixu?T=1767025462&J=eyJ0eXBlIjoidXJsIiwi...
  ✓ Saved (0.1 KB)
[1541/2164] image: https://px.srvcs.tumblr.com/impixu?T=1767025464&J=eyJ0eXBlIjoicG9zdCIs...
  ✓ Saved (0.1 KB)
[1542/2164] image: https://px.srvcs.tumblr.com/impixu?T=1767025464&J=eyJ0eXBlIjoidXJsIiwi...
  ✓ Saved (0.1 KB)
[1543/2164] image: https://px.srvcs.tumblr.com/impixu?T=1767025465&J=eyJ0eXBlIjoicG9zdCIs...
  ✓ Saved (0.1 KB)
[1544/2164] image: https://px.srvcs.tumblr.com/impixu?T=1767025465&J=eyJ0eXBlIjoidXJsIiwi...
  ✓ Saved (0.1 KB)
[1545/2164] image: https://px.srvcs.tumblr.com/impixu?T=1767025466&J=eyJ0eXBlIjoicG9zdCIs...
  ✓ Saved (0.1 KB)
[1546/2164] image: https://px.srvcs.tumblr.com/impixu?T=1767025466&J=eyJ0eXBlIjoidXJsIiwi...
  ✓ Saved (0.1 KB)
[1547/2164] image: https://px.srvcs.tumblr.com/impixu?T=1767025467&J=eyJ0eXBlIjoicG9zdCIs...
  ✓ Saved (0.1 KB)
[1548/2164] image: https://px.srvcs.tumblr.com/impixu?T=1767025467&J=eyJ0eXBlIjoidXJsIiwi...
  ✓ Saved (0.1 KB)
[1549/2164] image: https://px.srvcs.tumblr.com/impixu?T=1767025468&J=eyJ0eXBlIjoicG9zdCIs...
  ✓ Saved (0.1 KB)
[1550/2164] image: https://px.srvcs.tumblr.com/impixu?T=1767025468&J=eyJ0eXBlIjoidXJsIiwi...
  ✓ Saved (0.1 KB)
[1551/2164] image: https://px.srvcs.tumblr.com/impixu?T=1767025469&J=eyJ0eXBlIjoicG9zdCIs...
  ✓ Saved (0.1 KB)
[1552/2164] image: https://px.srvcs.tumblr.com/impixu?T=1767025469&J=eyJ0eXBlIjoidXJsIiwi...
  ✓ Saved (0.1 KB)
[1553/2164] image: https://px.srvcs.tumblr.com/impixu?T=1767025470&J=eyJ0eXBlIjoicG9zdCIs...
  ✓ Saved (0.1 KB)
[1554/2164] image: https://px.srvcs.tumblr.com/impixu?T=1767025470&J=eyJ0eXBlIjoidXJsIiwi...
  ✓ Saved (0.1 KB)
[1555/2164] image: https://px.srvcs.tumblr.com/impixu?T=1767025472&J=eyJ0eXBlIjoicG9zdCIs...
  ✓ Saved (0.1 KB)
[1556/2164] image: https://px.srvcs.tumblr.com/impixu?T=1767025472&J=eyJ0eXBlIjoidXJsIiwi...
  ✓ Saved (0.1 KB)
[1557/2164] image: https://px.srvcs.tumblr.com/impixu?T=1767025473&J=eyJ0eXBlIjoicG9zdCIs...
  ✓ Saved (0.1 KB)
[1558/2164] image: https://px.srvcs.tumblr.com/impixu?T=1767025473&J=eyJ0eXBlIjoidXJsIiwi...
  ✓ Saved (0.1 KB)
[1559/2164] image: https://px.srvcs.tumblr.com/impixu?T=1767025474&J=eyJ0eXBlIjoicG9zdCIs...
  ✓ Saved (0.1 KB)
[1560/2164] image: https://px.srvcs.tumblr.com/impixu?T=1767025474&J=eyJ0eXBlIjoidXJsIiwi...
  ✓ Saved (0.1 KB)
[1561/2164] image: https://px.srvcs.tumblr.com/impixu?T=1767025475&J=eyJ0eXBlIjoicG9zdCIs...
  ✓ Saved (0.1 KB)
[1562/2164] image: https://px.srvcs.tumblr.com/impixu?T=1767025475&J=eyJ0eXBlIjoidXJsIiwi...
  ✓ Saved (0.1 KB)
[1563/2164] image: https://px.srvcs.tumblr.com/impixu?T=1767025476&J=eyJ0eXBlIjoicG9zdCIs...
  ✓ Saved (0.1 KB)
[1564/2164] image: https://px.srvcs.tumblr.com/impixu?T=1767025476&J=eyJ0eXBlIjoidXJsIiwi...
  ✓ Saved (0.1 KB)
[1565/2164] image: https://px.srvcs.tumblr.com/impixu?T=1767025477&J=eyJ0eXBlIjoicG9zdCIs...
  ✓ Saved (0.1 KB)
[1566/2164] image: https://px.srvcs.tumblr.com/impixu?T=1767025477&J=eyJ0eXBlIjoidXJsIiwi...
  ✓ Saved (0.1 KB)
[1567/2164] image: https://px.srvcs.tumblr.com/impixu?T=1767025478&J=eyJ0eXBlIjoicG9zdCIs...
  ✓ Saved (0.1 KB)
[1568/2164] image: https://px.srvcs.tumblr.com/impixu?T=1767025478&J=eyJ0eXBlIjoidXJsIiwi...
  ✓ Saved (0.1 KB)
[1569/2164] image: https://px.srvcs.tumblr.com/impixu?T=1767025480&J=eyJ0eXBlIjoicG9zdCIs...
  ✓ Saved (0.1 KB)
[1570/2164] image: https://px.srvcs.tumblr.com/impixu?T=1767025480&J=eyJ0eXBlIjoidXJsIiwi...
  ✓ Saved (0.1 KB)
[1571/2164] image: https://px.srvcs.tumblr.com/impixu?T=1767025481&J=eyJ0eXBlIjoicG9zdCIs...
  ✓ Saved (0.1 KB)
[1572/2164] image: https://px.srvcs.tumblr.com/impixu?T=1767025481&J=eyJ0eXBlIjoidXJsIiwi...
  ✓ Saved (0.1 KB)
[1573/2164] image: https://px.srvcs.tumblr.com/impixu?T=1767025482&J=eyJ0eXBlIjoicG9zdCIs...
  ✓ Saved (0.1 KB)
[1574/2164] image: https://px.srvcs.tumblr.com/impixu?T=1767025482&J=eyJ0eXBlIjoidXJsIiwi...
  ✓ Saved (0.1 KB)
[1575/2164] image: https://px.srvcs.tumblr.com/impixu?T=1767025483&J=eyJ0eXBlIjoicG9zdCIs...
  ✓ Saved (0.1 KB)
[1576/2164] image: https://px.srvcs.tumblr.com/impixu?T=1767025483&J=eyJ0eXBlIjoidXJsIiwi...
  ✓ Saved (0.1 KB)
[1577/2164] image: https://px.srvcs.tumblr.com/impixu?T=1767025484&J=eyJ0eXBlIjoicG9zdCIs...
  ✓ Saved (0.1 KB)
[1578/2164] image: https://px.srvcs.tumblr.com/impixu?T=1767025484&J=eyJ0eXBlIjoidXJsIiwi...
  ✓ Saved (0.1 KB)
[1579/2164] image: https://px.srvcs.tumblr.com/impixu?T=1767025485&J=eyJ0eXBlIjoicG9zdCIs...
  ✓ Saved (0.1 KB)
[1580/2164] image: https://px.srvcs.tumblr.com/impixu?T=1767025485&J=eyJ0eXBlIjoidXJsIiwi...
  ✓ Saved (0.1 KB)
[1581/2164] image: https://px.srvcs.tumblr.com/impixu?T=1767025486&J=eyJ0eXBlIjoicG9zdCIs...
  ✓ Saved (0.1 KB)
[1582/2164] image: https://px.srvcs.tumblr.com/impixu?T=1767025486&J=eyJ0eXBlIjoidXJsIiwi...
  ✓ Saved (0.1 KB)
[1583/2164] image: https://px.srvcs.tumblr.com/impixu?T=1767025488&J=eyJ0eXBlIjoicG9zdCIs...
  ✓ Saved (0.1 KB)
[1584/2164] image: https://px.srvcs.tumblr.com/impixu?T=1767025488&J=eyJ0eXBlIjoidXJsIiwi...
  ✓ Saved (0.1 KB)
[1585/2164] image: https://px.srvcs.tumblr.com/impixu?T=1767025489&J=eyJ0eXBlIjoicG9zdCIs...
  ✓ Saved (0.1 KB)
[1586/2164] image: https://px.srvcs.tumblr.com/impixu?T=1767025489&J=eyJ0eXBlIjoidXJsIiwi...
  ✓ Saved (0.1 KB)
[1587/2164] image: https://px.srvcs.tumblr.com/impixu?T=1767025490&J=eyJ0eXBlIjoicG9zdCIs...
  ✓ Saved (0.1 KB)
[1588/2164] image: https://px.srvcs.tumblr.com/impixu?T=1767025490&J=eyJ0eXBlIjoidXJsIiwi...
  ✓ Saved (0.1 KB)
[1589/2164] image: https://px.srvcs.tumblr.com/impixu?T=1767025491&J=eyJ0eXBlIjoicG9zdCIs...
  ✓ Saved (0.1 KB)
[1590/2164] image: https://px.srvcs.tumblr.com/impixu?T=1767025491&J=eyJ0eXBlIjoidXJsIiwi...
  ✓ Saved (0.1 KB)
[1591/2164] image: https://px.srvcs.tumblr.com/impixu?T=1767025492&J=eyJ0eXBlIjoicG9zdCIs...
  ✓ Saved (0.1 KB)
[1592/2164] image: https://px.srvcs.tumblr.com/impixu?T=1767025492&J=eyJ0eXBlIjoidXJsIiwi...
  ✓ Saved (0.1 KB)
[1593/2164] image: https://px.srvcs.tumblr.com/impixu?T=1767025494&J=eyJ0eXBlIjoicG9zdCIs...
  ✓ Saved (0.1 KB)
[1594/2164] image: https://px.srvcs.tumblr.com/impixu?T=1767025494&J=eyJ0eXBlIjoidXJsIiwi...
  ✓ Saved (0.1 KB)
[1595/2164] image: https://px.srvcs.tumblr.com/impixu?T=1767025495&J=eyJ0eXBlIjoicG9zdCIs...
  ✓ Saved (0.1 KB)
[1596/2164] image: https://px.srvcs.tumblr.com/impixu?T=1767025495&J=eyJ0eXBlIjoidXJsIiwi...
  ✓ Saved (0.1 KB)
[1597/2164] image: https://px.srvcs.tumblr.com/impixu?T=1767025496&J=eyJ0eXBlIjoicG9zdCIs...
  ✓ Saved (0.1 KB)
[1598/2164] image: https://px.srvcs.tumblr.com/impixu?T=1767025496&J=eyJ0eXBlIjoidXJsIiwi...
  ✓ Saved (0.1 KB)
[1599/2164] image: https://px.srvcs.tumblr.com/impixu?T=1767025497&J=eyJ0eXBlIjoicG9zdCIs...
  ✓ Saved (0.1 KB)
[1600/2164] image: https://px.srvcs.tumblr.com/impixu?T=1767025497&J=eyJ0eXBlIjoidXJsIiwi...
  ✓ Saved (0.1 KB)
[1601/2164] image: https://px.srvcs.tumblr.com/impixu?T=1767025498&J=eyJ0eXBlIjoicG9zdCIs...
  ✓ Saved (0.1 KB)
[1602/2164] image: https://px.srvcs.tumblr.com/impixu?T=1767025498&J=eyJ0eXBlIjoidXJsIiwi...
  ✓ Saved (0.1 KB)
[1603/2164] image: https://px.srvcs.tumblr.com/impixu?T=1767025499&J=eyJ0eXBlIjoicG9zdCIs...
  ✓ Saved (0.1 KB)
[1604/2164] image: https://px.srvcs.tumblr.com/impixu?T=1767025499&J=eyJ0eXBlIjoidXJsIiwi...
  ✓ Saved (0.1 KB)
[1605/2164] image: https://px.srvcs.tumblr.com/impixu?T=1767025500&J=eyJ0eXBlIjoicG9zdCIs...
  ✓ Saved (0.1 KB)
[1606/2164] image: https://px.srvcs.tumblr.com/impixu?T=1767025500&J=eyJ0eXBlIjoidXJsIiwi...
  ✓ Saved (0.1 KB)
[1607/2164] image: https://px.srvcs.tumblr.com/impixu?T=1767025502&J=eyJ0eXBlIjoicG9zdCIs...
  ✓ Saved (0.1 KB)
[1608/2164] image: https://px.srvcs.tumblr.com/impixu?T=1767025502&J=eyJ0eXBlIjoidXJsIiwi...
  ✓ Saved (0.1 KB)
[1609/2164] image: https://px.srvcs.tumblr.com/impixu?T=1767025503&J=eyJ0eXBlIjoicG9zdCIs...
  ✓ Saved (0.1 KB)
[1610/2164] image: https://px.srvcs.tumblr.com/impixu?T=1767025503&J=eyJ0eXBlIjoidXJsIiwi...
  ✓ Saved (0.1 KB)
[1611/2164] image: https://px.srvcs.tumblr.com/impixu?T=1767025504&J=eyJ0eXBlIjoicG9zdCIs...
  ✓ Saved (0.1 KB)
[1612/2164] image: https://px.srvcs.tumblr.com/impixu?T=1767025504&J=eyJ0eXBlIjoidXJsIiwi...
  ✓ Saved (0.1 KB)
[1613/2164] image: https://px.srvcs.tumblr.com/impixu?T=1767025505&J=eyJ0eXBlIjoicG9zdCIs...
  ✓ Saved (0.1 KB)
[1614/2164] image: https://px.srvcs.tumblr.com/impixu?T=1767025505&J=eyJ0eXBlIjoidXJsIiwi...
  ✓ Saved (0.1 KB)
[1615/2164] image: https://px.srvcs.tumblr.com/impixu?T=1767025506&J=eyJ0eXBlIjoicG9zdCIs...
  ✓ Saved (0.1 KB)
[1616/2164] image: https://px.srvcs.tumblr.com/impixu?T=1767025506&J=eyJ0eXBlIjoidXJsIiwi...
  ✓ Saved (0.1 KB)
[1617/2164] image: https://px.srvcs.tumblr.com/impixu?T=1767025507&J=eyJ0eXBlIjoicG9zdCIs...
  ✓ Saved (0.1 KB)
[1618/2164] image: https://px.srvcs.tumblr.com/impixu?T=1767025507&J=eyJ0eXBlIjoidXJsIiwi...
  ✓ Saved (0.1 KB)
[1619/2164] image: https://px.srvcs.tumblr.com/impixu?T=1767025509&J=eyJ0eXBlIjoicG9zdCIs...
  ✓ Saved (0.1 KB)
[1620/2164] image: https://px.srvcs.tumblr.com/impixu?T=1767025509&J=eyJ0eXBlIjoidXJsIiwi...
  ✓ Saved (0.1 KB)
[1621/2164] image: https://px.srvcs.tumblr.com/impixu?T=1767025510&J=eyJ0eXBlIjoicG9zdCIs...
  ✓ Saved (0.1 KB)
[1622/2164] image: https://px.srvcs.tumblr.com/impixu?T=1767025510&J=eyJ0eXBlIjoidXJsIiwi...
  ✓ Saved (0.1 KB)
[1623/2164] image: https://px.srvcs.tumblr.com/impixu?T=1767025511&J=eyJ0eXBlIjoicG9zdCIs...
  ✓ Saved (0.1 KB)
[1624/2164] image: https://px.srvcs.tumblr.com/impixu?T=1767025511&J=eyJ0eXBlIjoidXJsIiwi...
  ✓ Saved (0.1 KB)
[1625/2164] image: https://px.srvcs.tumblr.com/impixu?T=1767025512&J=eyJ0eXBlIjoicG9zdCIs...
  ✓ Saved (0.1 KB)
[1626/2164] image: https://px.srvcs.tumblr.com/impixu?T=1767025512&J=eyJ0eXBlIjoidXJsIiwi...
  ✓ Saved (0.1 KB)
[1627/2164] image: https://px.srvcs.tumblr.com/impixu?T=1767025513&J=eyJ0eXBlIjoicG9zdCIs...
  ✓ Saved (0.1 KB)
[1628/2164] image: https://px.srvcs.tumblr.com/impixu?T=1767025513&J=eyJ0eXBlIjoidXJsIiwi...
  ✓ Saved (0.1 KB)
[1629/2164] image: https://px.srvcs.tumblr.com/impixu?T=1767025514&J=eyJ0eXBlIjoicG9zdCIs...
  ✓ Saved (0.1 KB)
[1630/2164] image: https://px.srvcs.tumblr.com/impixu?T=1767025514&J=eyJ0eXBlIjoidXJsIiwi...
  ✓ Saved (0.1 KB)
[1631/2164] image: https://px.srvcs.tumblr.com/impixu?T=1767025515&J=eyJ0eXBlIjoicG9zdCIs...
  ✓ Saved (0.1 KB)
[1632/2164] image: https://px.srvcs.tumblr.com/impixu?T=1767025515&J=eyJ0eXBlIjoidXJsIiwi...
  ✓ Saved (0.1 KB)
[1633/2164] image: https://px.srvcs.tumblr.com/impixu?T=1767025517&J=eyJ0eXBlIjoicG9zdCIs...
  ✓ Saved (0.1 KB)
[1634/2164] image: https://px.srvcs.tumblr.com/impixu?T=1767025517&J=eyJ0eXBlIjoidXJsIiwi...
  ✓ Saved (0.1 KB)
[1635/2164] image: https://px.srvcs.tumblr.com/impixu?T=1767025518&J=eyJ0eXBlIjoicG9zdCIs...
  ✓ Saved (0.1 KB)
[1636/2164] image: https://px.srvcs.tumblr.com/impixu?T=1767025518&J=eyJ0eXBlIjoidXJsIiwi...
  ✓ Saved (0.1 KB)
[1637/2164] image: https://px.srvcs.tumblr.com/impixu?T=1767025519&J=eyJ0eXBlIjoicG9zdCIs...
  ✓ Saved (0.1 KB)
[1638/2164] image: https://px.srvcs.tumblr.com/impixu?T=1767025519&J=eyJ0eXBlIjoidXJsIiwi...
  ✓ Saved (0.1 KB)
[1639/2164] image: https://px.srvcs.tumblr.com/impixu?T=1767025520&J=eyJ0eXBlIjoicG9zdCIs...
  ✓ Saved (0.1 KB)
[1640/2164] image: https://px.srvcs.tumblr.com/impixu?T=1767025520&J=eyJ0eXBlIjoidXJsIiwi...
  ✓ Saved (0.1 KB)
[1641/2164] image: https://px.srvcs.tumblr.com/impixu?T=1767025521&J=eyJ0eXBlIjoicG9zdCIs...
  ✓ Saved (0.1 KB)
[1642/2164] image: https://px.srvcs.tumblr.com/impixu?T=1767025521&J=eyJ0eXBlIjoidXJsIiwi...
  ✓ Saved (0.1 KB)
[1643/2164] image: https://px.srvcs.tumblr.com/impixu?T=1767025522&J=eyJ0eXBlIjoicG9zdCIs...
  ✓ Saved (0.1 KB)
[1644/2164] image: https://px.srvcs.tumblr.com/impixu?T=1767025522&J=eyJ0eXBlIjoidXJsIiwi...
  ✓ Saved (0.1 KB)
[1645/2164] image: https://px.srvcs.tumblr.com/impixu?T=1767025523&J=eyJ0eXBlIjoicG9zdCIs...
  ✓ Saved (0.1 KB)
[1646/2164] image: https://px.srvcs.tumblr.com/impixu?T=1767025523&J=eyJ0eXBlIjoidXJsIiwi...
  ✓ Saved (0.1 KB)
[1647/2164] image: https://px.srvcs.tumblr.com/impixu?T=1767025525&J=eyJ0eXBlIjoicG9zdCIs...
  ✓ Saved (0.1 KB)
[1648/2164] image: https://px.srvcs.tumblr.com/impixu?T=1767025525&J=eyJ0eXBlIjoidXJsIiwi...
  ✓ Saved (0.1 KB)
[1649/2164] image: https://px.srvcs.tumblr.com/impixu?T=1767025526&J=eyJ0eXBlIjoicG9zdCIs...
  ✓ Saved (0.1 KB)
[1650/2164] image: https://px.srvcs.tumblr.com/impixu?T=1767025526&J=eyJ0eXBlIjoidXJsIiwi...
  ✓ Saved (0.1 KB)
[1651/2164] image: https://px.srvcs.tumblr.com/impixu?T=1767025527&J=eyJ0eXBlIjoicG9zdCIs...
  ✓ Saved (0.1 KB)
[1652/2164] image: https://px.srvcs.tumblr.com/impixu?T=1767025527&J=eyJ0eXBlIjoidXJsIiwi...
  ✓ Saved (0.1 KB)
[1653/2164] image: https://px.srvcs.tumblr.com/impixu?T=1767025528&J=eyJ0eXBlIjoicG9zdCIs...
  ✓ Saved (0.1 KB)
[1654/2164] image: https://px.srvcs.tumblr.com/impixu?T=1767025528&J=eyJ0eXBlIjoidXJsIiwi...
  ✓ Saved (0.1 KB)
[1655/2164] image: https://px.srvcs.tumblr.com/impixu?T=1767025529&J=eyJ0eXBlIjoicG9zdCIs...
  ✓ Saved (0.1 KB)
[1656/2164] image: https://px.srvcs.tumblr.com/impixu?T=1767025529&J=eyJ0eXBlIjoidXJsIiwi...
  ✓ Saved (0.1 KB)
[1657/2164] image: https://px.srvcs.tumblr.com/impixu?T=1767025530&J=eyJ0eXBlIjoicG9zdCIs...
  ✓ Saved (0.1 KB)
[1658/2164] image: https://px.srvcs.tumblr.com/impixu?T=1767025530&J=eyJ0eXBlIjoidXJsIiwi...
  ✓ Saved (0.1 KB)
[1659/2164] image: https://px.srvcs.tumblr.com/impixu?T=1767025531&J=eyJ0eXBlIjoicG9zdCIs...
  ✓ Saved (0.1 KB)
[1660/2164] image: https://px.srvcs.tumblr.com/impixu?T=1767025531&J=eyJ0eXBlIjoidXJsIiwi...
  ✓ Saved (0.1 KB)
[1661/2164] image: https://px.srvcs.tumblr.com/impixu?T=1767025533&J=eyJ0eXBlIjoicG9zdCIs...
  ✓ Saved (0.1 KB)
[1662/2164] image: https://px.srvcs.tumblr.com/impixu?T=1767025533&J=eyJ0eXBlIjoidXJsIiwi...
  ✓ Saved (0.1 KB)
[1663/2164] image: https://px.srvcs.tumblr.com/impixu?T=1767025534&J=eyJ0eXBlIjoicG9zdCIs...
  ✓ Saved (0.1 KB)
[1664/2164] image: https://px.srvcs.tumblr.com/impixu?T=1767025534&J=eyJ0eXBlIjoidXJsIiwi...
  ✓ Saved (0.1 KB)
[1665/2164] image: https://px.srvcs.tumblr.com/impixu?T=1767025535&J=eyJ0eXBlIjoicG9zdCIs...
  ✓ Saved (0.1 KB)
[1666/2164] image: https://px.srvcs.tumblr.com/impixu?T=1767025535&J=eyJ0eXBlIjoidXJsIiwi...
  ✓ Saved (0.1 KB)
[1667/2164] image: https://px.srvcs.tumblr.com/impixu?T=1767025536&J=eyJ0eXBlIjoicG9zdCIs...
  ✓ Saved (0.1 KB)
[1668/2164] image: https://px.srvcs.tumblr.com/impixu?T=1767025536&J=eyJ0eXBlIjoidXJsIiwi...
  ✓ Saved (0.1 KB)
[1669/2164] image: https://px.srvcs.tumblr.com/impixu?T=1767025537&J=eyJ0eXBlIjoicG9zdCIs...
  ✓ Saved (0.1 KB)
[1670/2164] image: https://px.srvcs.tumblr.com/impixu?T=1767025537&J=eyJ0eXBlIjoidXJsIiwi...
  ✓ Saved (0.1 KB)
[1671/2164] image: https://px.srvcs.tumblr.com/impixu?T=1767025538&J=eyJ0eXBlIjoicG9zdCIs...
  ✓ Saved (0.1 KB)
[1672/2164] image: https://px.srvcs.tumblr.com/impixu?T=1767025538&J=eyJ0eXBlIjoidXJsIiwi...
  ✓ Saved (0.1 KB)
[1673/2164] image: https://px.srvcs.tumblr.com/impixu?T=1767025539&J=eyJ0eXBlIjoicG9zdCIs...
  ✓ Saved (0.1 KB)
[1674/2164] image: https://px.srvcs.tumblr.com/impixu?T=1767025539&J=eyJ0eXBlIjoidXJsIiwi...
  ✓ Saved (0.1 KB)
[1675/2164] image: https://px.srvcs.tumblr.com/impixu?T=1767025541&J=eyJ0eXBlIjoicG9zdCIs...
  ✓ Saved (0.1 KB)
[1676/2164] image: https://px.srvcs.tumblr.com/impixu?T=1767025541&J=eyJ0eXBlIjoidXJsIiwi...
  ✓ Saved (0.1 KB)
[1677/2164] image: https://px.srvcs.tumblr.com/impixu?T=1767025542&J=eyJ0eXBlIjoicG9zdCIs...
  ✓ Saved (0.1 KB)
[1678/2164] image: https://px.srvcs.tumblr.com/impixu?T=1767025542&J=eyJ0eXBlIjoidXJsIiwi...
  ✓ Saved (0.1 KB)
[1679/2164] image: https://px.srvcs.tumblr.com/impixu?T=1767025543&J=eyJ0eXBlIjoicG9zdCIs...
  ✓ Saved (0.1 KB)
[1680/2164] image: https://px.srvcs.tumblr.com/impixu?T=1767025543&J=eyJ0eXBlIjoidXJsIiwi...
  ✓ Saved (0.1 KB)
[1681/2164] image: https://px.srvcs.tumblr.com/impixu?T=1767025544&J=eyJ0eXBlIjoicG9zdCIs...
  ✓ Saved (0.1 KB)
[1682/2164] image: https://px.srvcs.tumblr.com/impixu?T=1767025544&J=eyJ0eXBlIjoidXJsIiwi...
  ✓ Saved (0.1 KB)
[1683/2164] image: https://px.srvcs.tumblr.com/impixu?T=1767025545&J=eyJ0eXBlIjoicG9zdCIs...
  ✓ Saved (0.1 KB)
[1684/2164] image: https://px.srvcs.tumblr.com/impixu?T=1767025545&J=eyJ0eXBlIjoidXJsIiwi...
  ✓ Saved (0.1 KB)
[1685/2164] image: https://px.srvcs.tumblr.com/impixu?T=1767025546&J=eyJ0eXBlIjoicG9zdCIs...
  ✓ Saved (0.1 KB)
[1686/2164] image: https://px.srvcs.tumblr.com/impixu?T=1767025546&J=eyJ0eXBlIjoidXJsIiwi...
  ✓ Saved (0.1 KB)
[1687/2164] image: https://px.srvcs.tumblr.com/impixu?T=1767025547&J=eyJ0eXBlIjoicG9zdCIs...
  ✓ Saved (0.1 KB)
[1688/2164] image: https://px.srvcs.tumblr.com/impixu?T=1767025547&J=eyJ0eXBlIjoidXJsIiwi...
  ✓ Saved (0.1 KB)
[1689/2164] image: https://px.srvcs.tumblr.com/impixu?T=1767025549&J=eyJ0eXBlIjoicG9zdCIs...
  ✓ Saved (0.1 KB)
[1690/2164] image: https://px.srvcs.tumblr.com/impixu?T=1767025549&J=eyJ0eXBlIjoidXJsIiwi...
  ✓ Saved (0.1 KB)
[1691/2164] image: https://px.srvcs.tumblr.com/impixu?T=1767025550&J=eyJ0eXBlIjoicG9zdCIs...
  ✓ Saved (0.1 KB)
[1692/2164] image: https://px.srvcs.tumblr.com/impixu?T=1767025550&J=eyJ0eXBlIjoidXJsIiwi...
  ✓ Saved (0.1 KB)
[1693/2164] image: https://px.srvcs.tumblr.com/impixu?T=1767025551&J=eyJ0eXBlIjoicG9zdCIs...
  ✓ Saved (0.1 KB)
[1694/2164] image: https://px.srvcs.tumblr.com/impixu?T=1767025551&J=eyJ0eXBlIjoidXJsIiwi...
  ✓ Saved (0.1 KB)
[1695/2164] image: https://px.srvcs.tumblr.com/impixu?T=1767025552&J=eyJ0eXBlIjoicG9zdCIs...
  ✓ Saved (0.1 KB)
[1696/2164] image: https://px.srvcs.tumblr.com/impixu?T=1767025552&J=eyJ0eXBlIjoidXJsIiwi...
  ✓ Saved (0.1 KB)
[1697/2164] image: https://px.srvcs.tumblr.com/impixu?T=1767025553&J=eyJ0eXBlIjoicG9zdCIs...
  ✓ Saved (0.1 KB)
[1698/2164] image: https://px.srvcs.tumblr.com/impixu?T=1767025553&J=eyJ0eXBlIjoidXJsIiwi...
  ✓ Saved (0.1 KB)
[1699/2164] image: https://px.srvcs.tumblr.com/impixu?T=1767025554&J=eyJ0eXBlIjoicG9zdCIs...
  ✓ Saved (0.1 KB)
[1700/2164] image: https://px.srvcs.tumblr.com/impixu?T=1767025554&J=eyJ0eXBlIjoidXJsIiwi...
  ✓ Saved (0.1 KB)
[1701/2164] image: https://px.srvcs.tumblr.com/impixu?T=1767025556&J=eyJ0eXBlIjoicG9zdCIs...
  ✓ Saved (0.1 KB)
[1702/2164] image: https://px.srvcs.tumblr.com/impixu?T=1767025556&J=eyJ0eXBlIjoidXJsIiwi...
  ✓ Saved (0.1 KB)
[1703/2164] image: https://px.srvcs.tumblr.com/impixu?T=1767025557&J=eyJ0eXBlIjoicG9zdCIs...
  ✓ Saved (0.1 KB)
[1704/2164] image: https://px.srvcs.tumblr.com/impixu?T=1767025557&J=eyJ0eXBlIjoidXJsIiwi...
  ✓ Saved (0.1 KB)
[1705/2164] image: https://px.srvcs.tumblr.com/impixu?T=1767025558&J=eyJ0eXBlIjoicG9zdCIs...
  ✓ Saved (0.1 KB)
[1706/2164] image: https://px.srvcs.tumblr.com/impixu?T=1767025558&J=eyJ0eXBlIjoidXJsIiwi...
  ✓ Saved (0.1 KB)
[1707/2164] image: https://px.srvcs.tumblr.com/impixu?T=1767025559&J=eyJ0eXBlIjoicG9zdCIs...
  ✓ Saved (0.1 KB)
[1708/2164] image: https://px.srvcs.tumblr.com/impixu?T=1767025559&J=eyJ0eXBlIjoidXJsIiwi...
  ✓ Saved (0.1 KB)
[1709/2164] image: https://px.srvcs.tumblr.com/impixu?T=1767025560&J=eyJ0eXBlIjoicG9zdCIs...
  ✓ Saved (0.1 KB)
[1710/2164] image: https://px.srvcs.tumblr.com/impixu?T=1767025560&J=eyJ0eXBlIjoidXJsIiwi...
  Already exists, skipping...
[1711/2164] image: https://px.srvcs.tumblr.com/impixu?T=1767025561&J=eyJ0eXBlIjoicG9zdCIs...
  ✓ Saved (0.1 KB)
[1712/2164] image: https://px.srvcs.tumblr.com/impixu?T=1767025561&J=eyJ0eXBlIjoidXJsIiwi...
  ✓ Saved (0.1 KB)
[1713/2164] image: https://px.srvcs.tumblr.com/impixu?T=1767025563&J=eyJ0eXBlIjoicG9zdCIs...
  ✓ Saved (0.1 KB)
[1714/2164] image: https://px.srvcs.tumblr.com/impixu?T=1767025563&J=eyJ0eXBlIjoidXJsIiwi...
  ✓ Saved (0.1 KB)
[1715/2164] image: https://px.srvcs.tumblr.com/impixu?T=1767025564&J=eyJ0eXBlIjoicG9zdCIs...
  ✓ Saved (0.1 KB)
[1716/2164] image: https://px.srvcs.tumblr.com/impixu?T=1767025564&J=eyJ0eXBlIjoidXJsIiwi...
  ✓ Saved (0.1 KB)
[1717/2164] image: https://px.srvcs.tumblr.com/impixu?T=1767025565&J=eyJ0eXBlIjoicG9zdCIs...
  ✓ Saved (0.1 KB)
[1718/2164] image: https://px.srvcs.tumblr.com/impixu?T=1767025565&J=eyJ0eXBlIjoidXJsIiwi...
  ✓ Saved (0.1 KB)
[1719/2164] image: https://px.srvcs.tumblr.com/impixu?T=1767025566&J=eyJ0eXBlIjoicG9zdCIs...
  ✓ Saved (0.1 KB)
[1720/2164] image: https://px.srvcs.tumblr.com/impixu?T=1767025566&J=eyJ0eXBlIjoidXJsIiwi...
  ✓ Saved (0.1 KB)
[1721/2164] image: https://px.srvcs.tumblr.com/impixu?T=1767025567&J=eyJ0eXBlIjoicG9zdCIs...
  ✓ Saved (0.1 KB)
[1722/2164] image: https://px.srvcs.tumblr.com/impixu?T=1767025567&J=eyJ0eXBlIjoidXJsIiwi...
  ✓ Saved (0.1 KB)
[1723/2164] image: https://px.srvcs.tumblr.com/impixu?T=1767025568&J=eyJ0eXBlIjoicG9zdCIs...
  ✓ Saved (0.1 KB)
[1724/2164] image: https://px.srvcs.tumblr.com/impixu?T=1767025568&J=eyJ0eXBlIjoidXJsIiwi...
  ✓ Saved (0.1 KB)
[1725/2164] image: https://px.srvcs.tumblr.com/impixu?T=1767025569&J=eyJ0eXBlIjoicG9zdCIs...
  ✓ Saved (0.1 KB)
[1726/2164] image: https://px.srvcs.tumblr.com/impixu?T=1767025569&J=eyJ0eXBlIjoidXJsIiwi...
  ✓ Saved (0.1 KB)
[1727/2164] image: https://px.srvcs.tumblr.com/impixu?T=1767025571&J=eyJ0eXBlIjoicG9zdCIs...
  ✓ Saved (0.1 KB)
[1728/2164] image: https://px.srvcs.tumblr.com/impixu?T=1767025571&J=eyJ0eXBlIjoidXJsIiwi...
  ✓ Saved (0.1 KB)
[1729/2164] image: https://px.srvcs.tumblr.com/impixu?T=1767025572&J=eyJ0eXBlIjoicG9zdCIs...
  ✓ Saved (0.1 KB)
[1730/2164] image: https://px.srvcs.tumblr.com/impixu?T=1767025572&J=eyJ0eXBlIjoidXJsIiwi...
  ✓ Saved (0.1 KB)
[1731/2164] image: https://px.srvcs.tumblr.com/impixu?T=1767025573&J=eyJ0eXBlIjoicG9zdCIs...
  ✓ Saved (0.1 KB)
[1732/2164] image: https://px.srvcs.tumblr.com/impixu?T=1767025573&J=eyJ0eXBlIjoidXJsIiwi...
  ✓ Saved (0.1 KB)
[1733/2164] image: https://px.srvcs.tumblr.com/impixu?T=1767025574&J=eyJ0eXBlIjoicG9zdCIs...
  ✓ Saved (0.1 KB)
[1734/2164] image: https://px.srvcs.tumblr.com/impixu?T=1767025574&J=eyJ0eXBlIjoidXJsIiwi...
  ✓ Saved (0.1 KB)
[1735/2164] image: https://px.srvcs.tumblr.com/impixu?T=1767025575&J=eyJ0eXBlIjoicG9zdCIs...
  ✓ Saved (0.1 KB)
[1736/2164] image: https://px.srvcs.tumblr.com/impixu?T=1767025575&J=eyJ0eXBlIjoidXJsIiwi...
  ✓ Saved (0.1 KB)
[1737/2164] image: https://px.srvcs.tumblr.com/impixu?T=1767025576&J=eyJ0eXBlIjoicG9zdCIs...
  ✓ Saved (0.1 KB)
[1738/2164] image: https://px.srvcs.tumblr.com/impixu?T=1767025576&J=eyJ0eXBlIjoidXJsIiwi...
  ✓ Saved (0.1 KB)
[1739/2164] image: https://px.srvcs.tumblr.com/impixu?T=1767025577&J=eyJ0eXBlIjoicG9zdCIs...
  ✓ Saved (0.1 KB)
[1740/2164] image: https://px.srvcs.tumblr.com/impixu?T=1767025577&J=eyJ0eXBlIjoidXJsIiwi...
  ✓ Saved (0.1 KB)
[1741/2164] image: https://px.srvcs.tumblr.com/impixu?T=1767025579&J=eyJ0eXBlIjoicG9zdCIs...
  ✓ Saved (0.1 KB)
[1742/2164] image: https://px.srvcs.tumblr.com/impixu?T=1767025579&J=eyJ0eXBlIjoidXJsIiwi...
  ✓ Saved (0.1 KB)
[1743/2164] image: https://px.srvcs.tumblr.com/impixu?T=1767025580&J=eyJ0eXBlIjoicG9zdCIs...
  ✓ Saved (0.1 KB)
[1744/2164] image: https://px.srvcs.tumblr.com/impixu?T=1767025580&J=eyJ0eXBlIjoidXJsIiwi...
  ✓ Saved (0.1 KB)
[1745/2164] image: https://px.srvcs.tumblr.com/impixu?T=1767025581&J=eyJ0eXBlIjoicG9zdCIs...
  ✓ Saved (0.1 KB)
[1746/2164] image: https://px.srvcs.tumblr.com/impixu?T=1767025581&J=eyJ0eXBlIjoidXJsIiwi...
  ✓ Saved (0.1 KB)
[1747/2164] image: https://px.srvcs.tumblr.com/impixu?T=1767025582&J=eyJ0eXBlIjoicG9zdCIs...
  ✓ Saved (0.1 KB)
[1748/2164] image: https://px.srvcs.tumblr.com/impixu?T=1767025582&J=eyJ0eXBlIjoidXJsIiwi...
  ✓ Saved (0.1 KB)
[1749/2164] image: https://px.srvcs.tumblr.com/impixu?T=1767025583&J=eyJ0eXBlIjoicG9zdCIs...
  ✓ Saved (0.1 KB)
[1750/2164] image: https://px.srvcs.tumblr.com/impixu?T=1767025583&J=eyJ0eXBlIjoidXJsIiwi...
  ✓ Saved (0.1 KB)
[1751/2164] image: https://px.srvcs.tumblr.com/impixu?T=1767025584&J=eyJ0eXBlIjoicG9zdCIs...
  ✓ Saved (0.1 KB)
[1752/2164] image: https://px.srvcs.tumblr.com/impixu?T=1767025584&J=eyJ0eXBlIjoidXJsIiwi...
  ✓ Saved (0.1 KB)
[1753/2164] image: https://px.srvcs.tumblr.com/impixu?T=1767025585&J=eyJ0eXBlIjoicG9zdCIs...
  ✓ Saved (0.1 KB)
[1754/2164] image: https://px.srvcs.tumblr.com/impixu?T=1767025585&J=eyJ0eXBlIjoidXJsIiwi...
  ✓ Saved (0.1 KB)
[1755/2164] image: https://px.srvcs.tumblr.com/impixu?T=1767025587&J=eyJ0eXBlIjoicG9zdCIs...
  ✓ Saved (0.1 KB)
[1756/2164] image: https://px.srvcs.tumblr.com/impixu?T=1767025587&J=eyJ0eXBlIjoidXJsIiwi...
  ✓ Saved (0.1 KB)
[1757/2164] image: https://px.srvcs.tumblr.com/impixu?T=1767025588&J=eyJ0eXBlIjoicG9zdCIs...
  ✓ Saved (0.1 KB)
[1758/2164] image: https://px.srvcs.tumblr.com/impixu?T=1767025588&J=eyJ0eXBlIjoidXJsIiwi...
  ✓ Saved (0.1 KB)
[1759/2164] image: https://px.srvcs.tumblr.com/impixu?T=1767025589&J=eyJ0eXBlIjoicG9zdCIs...
  ✓ Saved (0.1 KB)
[1760/2164] image: https://px.srvcs.tumblr.com/impixu?T=1767025589&J=eyJ0eXBlIjoidXJsIiwi...
  ✓ Saved (0.1 KB)
[1761/2164] image: https://px.srvcs.tumblr.com/impixu?T=1767025590&J=eyJ0eXBlIjoicG9zdCIs...
  ✓ Saved (0.1 KB)
[1762/2164] image: https://px.srvcs.tumblr.com/impixu?T=1767025590&J=eyJ0eXBlIjoidXJsIiwi...
  ✓ Saved (0.1 KB)
[1763/2164] image: https://px.srvcs.tumblr.com/impixu?T=1767025591&J=eyJ0eXBlIjoicG9zdCIs...
  ✓ Saved (0.1 KB)
[1764/2164] image: https://px.srvcs.tumblr.com/impixu?T=1767025591&J=eyJ0eXBlIjoidXJsIiwi...
  ✓ Saved (0.1 KB)
[1765/2164] image: https://px.srvcs.tumblr.com/impixu?T=1767025592&J=eyJ0eXBlIjoicG9zdCIs...
  ✓ Saved (0.1 KB)
[1766/2164] image: https://px.srvcs.tumblr.com/impixu?T=1767025592&J=eyJ0eXBlIjoidXJsIiwi...
  ✓ Saved (0.1 KB)
[1767/2164] image: https://px.srvcs.tumblr.com/impixu?T=1767025593&J=eyJ0eXBlIjoicG9zdCIs...
  ✓ Saved (0.1 KB)
[1768/2164] image: https://px.srvcs.tumblr.com/impixu?T=1767025593&J=eyJ0eXBlIjoidXJsIiwi...
  ✓ Saved (0.1 KB)
[1769/2164] image: https://px.srvcs.tumblr.com/impixu?T=1767025595&J=eyJ0eXBlIjoicG9zdCIs...
  ✓ Saved (0.1 KB)
[1770/2164] image: https://px.srvcs.tumblr.com/impixu?T=1767025595&J=eyJ0eXBlIjoidXJsIiwi...
  ✓ Saved (0.1 KB)
[1771/2164] image: https://px.srvcs.tumblr.com/impixu?T=1767025596&J=eyJ0eXBlIjoicG9zdCIs...
  ✓ Saved (0.1 KB)
[1772/2164] image: https://px.srvcs.tumblr.com/impixu?T=1767025596&J=eyJ0eXBlIjoidXJsIiwi...
  ✓ Saved (0.1 KB)
[1773/2164] image: https://px.srvcs.tumblr.com/impixu?T=1767025597&J=eyJ0eXBlIjoicG9zdCIs...
  ✓ Saved (0.1 KB)
[1774/2164] image: https://px.srvcs.tumblr.com/impixu?T=1767025597&J=eyJ0eXBlIjoidXJsIiwi...
  ✓ Saved (0.1 KB)
[1775/2164] image: https://px.srvcs.tumblr.com/impixu?T=1767025598&J=eyJ0eXBlIjoicG9zdCIs...
  ✓ Saved (0.1 KB)
[1776/2164] image: https://px.srvcs.tumblr.com/impixu?T=1767025598&J=eyJ0eXBlIjoidXJsIiwi...
  ✓ Saved (0.1 KB)
[1777/2164] image: https://px.srvcs.tumblr.com/impixu?T=1767025599&J=eyJ0eXBlIjoicG9zdCIs...
  ✓ Saved (0.1 KB)
[1778/2164] image: https://px.srvcs.tumblr.com/impixu?T=1767025599&J=eyJ0eXBlIjoidXJsIiwi...
  ✓ Saved (0.1 KB)
[1779/2164] image: https://px.srvcs.tumblr.com/impixu?T=1767025600&J=eyJ0eXBlIjoicG9zdCIs...
  ✓ Saved (0.1 KB)
[1780/2164] image: https://px.srvcs.tumblr.com/impixu?T=1767025600&J=eyJ0eXBlIjoidXJsIiwi...
  ✓ Saved (0.1 KB)
[1781/2164] image: https://px.srvcs.tumblr.com/impixu?T=1767025602&J=eyJ0eXBlIjoicG9zdCIs...
  ✓ Saved (0.1 KB)
[1782/2164] image: https://px.srvcs.tumblr.com/impixu?T=1767025602&J=eyJ0eXBlIjoidXJsIiwi...
  ✓ Saved (0.1 KB)
[1783/2164] image: https://px.srvcs.tumblr.com/impixu?T=1767025603&J=eyJ0eXBlIjoicG9zdCIs...
  ✓ Saved (0.1 KB)
[1784/2164] image: https://px.srvcs.tumblr.com/impixu?T=1767025603&J=eyJ0eXBlIjoidXJsIiwi...
  ✓ Saved (0.1 KB)
[1785/2164] image: https://px.srvcs.tumblr.com/impixu?T=1767025604&J=eyJ0eXBlIjoicG9zdCIs...
  ✓ Saved (0.1 KB)
[1786/2164] image: https://px.srvcs.tumblr.com/impixu?T=1767025604&J=eyJ0eXBlIjoidXJsIiwi...
  ✓ Saved (0.1 KB)
[1787/2164] image: https://px.srvcs.tumblr.com/impixu?T=1767025605&J=eyJ0eXBlIjoicG9zdCIs...
  ✓ Saved (0.1 KB)
[1788/2164] image: https://px.srvcs.tumblr.com/impixu?T=1767025605&J=eyJ0eXBlIjoidXJsIiwi...
  ✓ Saved (0.1 KB)
[1789/2164] image: https://px.srvcs.tumblr.com/impixu?T=1767025606&J=eyJ0eXBlIjoicG9zdCIs...
  ✓ Saved (0.1 KB)
[1790/2164] image: https://px.srvcs.tumblr.com/impixu?T=1767025606&J=eyJ0eXBlIjoidXJsIiwi...
  ✓ Saved (0.1 KB)
[1791/2164] image: https://px.srvcs.tumblr.com/impixu?T=1767025607&J=eyJ0eXBlIjoicG9zdCIs...
  ✓ Saved (0.1 KB)
[1792/2164] image: https://px.srvcs.tumblr.com/impixu?T=1767025607&J=eyJ0eXBlIjoidXJsIiwi...
  ✓ Saved (0.1 KB)
[1793/2164] image: https://px.srvcs.tumblr.com/impixu?T=1767025608&J=eyJ0eXBlIjoicG9zdCIs...
  ✓ Saved (0.1 KB)
[1794/2164] image: https://px.srvcs.tumblr.com/impixu?T=1767025608&J=eyJ0eXBlIjoidXJsIiwi...
  ✓ Saved (0.1 KB)
[1795/2164] image: https://px.srvcs.tumblr.com/impixu?T=1767025610&J=eyJ0eXBlIjoicG9zdCIs...
  ✓ Saved (0.1 KB)
[1796/2164] image: https://px.srvcs.tumblr.com/impixu?T=1767025610&J=eyJ0eXBlIjoidXJsIiwi...
  ✓ Saved (0.1 KB)
[1797/2164] image: https://px.srvcs.tumblr.com/impixu?T=1767025611&J=eyJ0eXBlIjoicG9zdCIs...
  ✓ Saved (0.1 KB)
[1798/2164] image: https://px.srvcs.tumblr.com/impixu?T=1767025611&J=eyJ0eXBlIjoidXJsIiwi...
  ✓ Saved (0.1 KB)
[1799/2164] image: https://px.srvcs.tumblr.com/impixu?T=1767025612&J=eyJ0eXBlIjoicG9zdCIs...
  ✓ Saved (0.1 KB)
[1800/2164] image: https://px.srvcs.tumblr.com/impixu?T=1767025612&J=eyJ0eXBlIjoidXJsIiwi...
  ✓ Saved (0.1 KB)
[1801/2164] image: https://px.srvcs.tumblr.com/impixu?T=1767025613&J=eyJ0eXBlIjoicG9zdCIs...
  ✓ Saved (0.1 KB)
[1802/2164] image: https://px.srvcs.tumblr.com/impixu?T=1767025613&J=eyJ0eXBlIjoidXJsIiwi...
  ✓ Saved (0.1 KB)
[1803/2164] image: https://px.srvcs.tumblr.com/impixu?T=1767025614&J=eyJ0eXBlIjoicG9zdCIs...
  ✓ Saved (0.1 KB)
[1804/2164] image: https://px.srvcs.tumblr.com/impixu?T=1767025614&J=eyJ0eXBlIjoidXJsIiwi...
  ✓ Saved (0.1 KB)
[1805/2164] image: https://px.srvcs.tumblr.com/impixu?T=1767025615&J=eyJ0eXBlIjoicG9zdCIs...
  ✓ Saved (0.1 KB)
[1806/2164] image: https://px.srvcs.tumblr.com/impixu?T=1767025615&J=eyJ0eXBlIjoidXJsIiwi...
  ✓ Saved (0.1 KB)
[1807/2164] image: https://px.srvcs.tumblr.com/impixu?T=1767025616&J=eyJ0eXBlIjoicG9zdCIs...
  ✓ Saved (0.1 KB)
[1808/2164] image: https://px.srvcs.tumblr.com/impixu?T=1767025616&J=eyJ0eXBlIjoidXJsIiwi...
  ✓ Saved (0.1 KB)
[1809/2164] image: https://px.srvcs.tumblr.com/impixu?T=1767025618&J=eyJ0eXBlIjoicG9zdCIs...
  ✓ Saved (0.1 KB)
[1810/2164] image: https://px.srvcs.tumblr.com/impixu?T=1767025618&J=eyJ0eXBlIjoidXJsIiwi...
  ✓ Saved (0.1 KB)
[1811/2164] image: https://px.srvcs.tumblr.com/impixu?T=1767025619&J=eyJ0eXBlIjoicG9zdCIs...
  ✓ Saved (0.1 KB)
[1812/2164] image: https://px.srvcs.tumblr.com/impixu?T=1767025619&J=eyJ0eXBlIjoidXJsIiwi...
  ✓ Saved (0.1 KB)
[1813/2164] image: https://px.srvcs.tumblr.com/impixu?T=1767025620&J=eyJ0eXBlIjoicG9zdCIs...
  ✓ Saved (0.1 KB)
[1814/2164] image: https://px.srvcs.tumblr.com/impixu?T=1767025620&J=eyJ0eXBlIjoidXJsIiwi...
  ✓ Saved (0.1 KB)
[1815/2164] image: https://px.srvcs.tumblr.com/impixu?T=1767025621&J=eyJ0eXBlIjoicG9zdCIs...
  ✓ Saved (0.1 KB)
[1816/2164] image: https://px.srvcs.tumblr.com/impixu?T=1767025621&J=eyJ0eXBlIjoidXJsIiwi...
  ✓ Saved (0.1 KB)
[1817/2164] image: https://px.srvcs.tumblr.com/impixu?T=1767025622&J=eyJ0eXBlIjoicG9zdCIs...
  ✓ Saved (0.1 KB)
[1818/2164] image: https://px.srvcs.tumblr.com/impixu?T=1767025622&J=eyJ0eXBlIjoidXJsIiwi...
  ✓ Saved (0.1 KB)
[1819/2164] image: https://px.srvcs.tumblr.com/impixu?T=1767025623&J=eyJ0eXBlIjoicG9zdCIs...
  ✓ Saved (0.1 KB)
[1820/2164] image: https://px.srvcs.tumblr.com/impixu?T=1767025623&J=eyJ0eXBlIjoidXJsIiwi...
  ✓ Saved (0.1 KB)
[1821/2164] image: https://px.srvcs.tumblr.com/impixu?T=1767025625&J=eyJ0eXBlIjoicG9zdCIs...
  ✓ Saved (0.1 KB)
[1822/2164] image: https://px.srvcs.tumblr.com/impixu?T=1767025625&J=eyJ0eXBlIjoidXJsIiwi...
  ✓ Saved (0.1 KB)
[1823/2164] image: https://px.srvcs.tumblr.com/impixu?T=1767025626&J=eyJ0eXBlIjoicG9zdCIs...
  ✓ Saved (0.1 KB)
[1824/2164] image: https://px.srvcs.tumblr.com/impixu?T=1767025626&J=eyJ0eXBlIjoidXJsIiwi...
  ✓ Saved (0.1 KB)
[1825/2164] image: https://px.srvcs.tumblr.com/impixu?T=1767025627&J=eyJ0eXBlIjoicG9zdCIs...
  ✓ Saved (0.1 KB)
[1826/2164] image: https://px.srvcs.tumblr.com/impixu?T=1767025627&J=eyJ0eXBlIjoidXJsIiwi...
  ✓ Saved (0.1 KB)
[1827/2164] image: https://px.srvcs.tumblr.com/impixu?T=1767025628&J=eyJ0eXBlIjoicG9zdCIs...
  ✓ Saved (0.1 KB)
[1828/2164] image: https://px.srvcs.tumblr.com/impixu?T=1767025628&J=eyJ0eXBlIjoidXJsIiwi...
  ✓ Saved (0.1 KB)
[1829/2164] image: https://px.srvcs.tumblr.com/impixu?T=1767025629&J=eyJ0eXBlIjoicG9zdCIs...
  ✓ Saved (0.1 KB)
[1830/2164] image: https://px.srvcs.tumblr.com/impixu?T=1767025629&J=eyJ0eXBlIjoidXJsIiwi...
  ✓ Saved (0.1 KB)
[1831/2164] image: https://px.srvcs.tumblr.com/impixu?T=1767025630&J=eyJ0eXBlIjoicG9zdCIs...
  ✓ Saved (0.1 KB)
[1832/2164] image: https://px.srvcs.tumblr.com/impixu?T=1767025630&J=eyJ0eXBlIjoidXJsIiwi...
  ✓ Saved (0.1 KB)
[1833/2164] image: https://px.srvcs.tumblr.com/impixu?T=1767025632&J=eyJ0eXBlIjoicG9zdCIs...
  ✓ Saved (0.1 KB)
[1834/2164] image: https://px.srvcs.tumblr.com/impixu?T=1767025632&J=eyJ0eXBlIjoidXJsIiwi...
  ✓ Saved (0.1 KB)
[1835/2164] image: https://px.srvcs.tumblr.com/impixu?T=1767025633&J=eyJ0eXBlIjoicG9zdCIs...
  ✓ Saved (0.1 KB)
[1836/2164] image: https://px.srvcs.tumblr.com/impixu?T=1767025633&J=eyJ0eXBlIjoidXJsIiwi...
  ✓ Saved (0.1 KB)
[1837/2164] image: https://px.srvcs.tumblr.com/impixu?T=1767025634&J=eyJ0eXBlIjoicG9zdCIs...
  ✓ Saved (0.1 KB)
[1838/2164] image: https://px.srvcs.tumblr.com/impixu?T=1767025634&J=eyJ0eXBlIjoidXJsIiwi...
  ✓ Saved (0.1 KB)
[1839/2164] image: https://px.srvcs.tumblr.com/impixu?T=1767025635&J=eyJ0eXBlIjoicG9zdCIs...
  ✓ Saved (0.1 KB)
[1840/2164] image: https://px.srvcs.tumblr.com/impixu?T=1767025635&J=eyJ0eXBlIjoidXJsIiwi...
  ✓ Saved (0.1 KB)
[1841/2164] image: https://px.srvcs.tumblr.com/impixu?T=1767025636&J=eyJ0eXBlIjoicG9zdCIs...
  ✓ Saved (0.1 KB)
[1842/2164] image: https://px.srvcs.tumblr.com/impixu?T=1767025636&J=eyJ0eXBlIjoidXJsIiwi...
  ✓ Saved (0.1 KB)
[1843/2164] image: https://px.srvcs.tumblr.com/impixu?T=1767025637&J=eyJ0eXBlIjoicG9zdCIs...
  ✓ Saved (0.1 KB)
[1844/2164] image: https://px.srvcs.tumblr.com/impixu?T=1767025637&J=eyJ0eXBlIjoidXJsIiwi...
  ✓ Saved (0.1 KB)
[1845/2164] image: https://px.srvcs.tumblr.com/impixu?T=1767025638&J=eyJ0eXBlIjoicG9zdCIs...
  ✓ Saved (0.1 KB)
[1846/2164] image: https://px.srvcs.tumblr.com/impixu?T=1767025638&J=eyJ0eXBlIjoidXJsIiwi...
  ✓ Saved (0.1 KB)
[1847/2164] image: https://px.srvcs.tumblr.com/impixu?T=1767025640&J=eyJ0eXBlIjoicG9zdCIs...
  ✓ Saved (0.1 KB)
[1848/2164] image: https://px.srvcs.tumblr.com/impixu?T=1767025640&J=eyJ0eXBlIjoidXJsIiwi...
  ✓ Saved (0.1 KB)
[1849/2164] image: https://px.srvcs.tumblr.com/impixu?T=1767025641&J=eyJ0eXBlIjoicG9zdCIs...
  ✓ Saved (0.1 KB)
[1850/2164] image: https://px.srvcs.tumblr.com/impixu?T=1767025641&J=eyJ0eXBlIjoidXJsIiwi...
  ✓ Saved (0.1 KB)
[1851/2164] image: https://px.srvcs.tumblr.com/impixu?T=1767025642&J=eyJ0eXBlIjoicG9zdCIs...
  ✓ Saved (0.1 KB)
[1852/2164] image: https://px.srvcs.tumblr.com/impixu?T=1767025642&J=eyJ0eXBlIjoidXJsIiwi...
  ✓ Saved (0.1 KB)
[1853/2164] image: https://px.srvcs.tumblr.com/impixu?T=1767025643&J=eyJ0eXBlIjoicG9zdCIs...
  ✓ Saved (0.1 KB)
[1854/2164] image: https://px.srvcs.tumblr.com/impixu?T=1767025643&J=eyJ0eXBlIjoidXJsIiwi...
  ✓ Saved (0.1 KB)
[1855/2164] image: https://px.srvcs.tumblr.com/impixu?T=1767025645&J=eyJ0eXBlIjoicG9zdCIs...
  ✓ Saved (0.1 KB)
[1856/2164] image: https://px.srvcs.tumblr.com/impixu?T=1767025645&J=eyJ0eXBlIjoidXJsIiwi...
  ✓ Saved (0.1 KB)
[1857/2164] image: https://px.srvcs.tumblr.com/impixu?T=1767025646&J=eyJ0eXBlIjoicG9zdCIs...
  ✓ Saved (0.1 KB)
[1858/2164] image: https://px.srvcs.tumblr.com/impixu?T=1767025646&J=eyJ0eXBlIjoidXJsIiwi...
  ✓ Saved (0.1 KB)
[1859/2164] image: https://px.srvcs.tumblr.com/impixu?T=1767025647&J=eyJ0eXBlIjoicG9zdCIs...
  ✓ Saved (0.1 KB)
[1860/2164] image: https://px.srvcs.tumblr.com/impixu?T=1767025647&J=eyJ0eXBlIjoidXJsIiwi...
  ✓ Saved (0.1 KB)
[1861/2164] image: https://px.srvcs.tumblr.com/impixu?T=1767025648&J=eyJ0eXBlIjoicG9zdCIs...
  ✓ Saved (0.1 KB)
[1862/2164] image: https://px.srvcs.tumblr.com/impixu?T=1767025648&J=eyJ0eXBlIjoidXJsIiwi...
  ✓ Saved (0.1 KB)
[1863/2164] image: https://px.srvcs.tumblr.com/impixu?T=1767025649&J=eyJ0eXBlIjoicG9zdCIs...
  ✓ Saved (0.1 KB)
[1864/2164] image: https://px.srvcs.tumblr.com/impixu?T=1767025649&J=eyJ0eXBlIjoidXJsIiwi...
  ✓ Saved (0.1 KB)
[1865/2164] image: https://px.srvcs.tumblr.com/impixu?T=1767025651&J=eyJ0eXBlIjoicG9zdCIs...
  ✓ Saved (0.1 KB)
[1866/2164] image: https://px.srvcs.tumblr.com/impixu?T=1767025651&J=eyJ0eXBlIjoidXJsIiwi...
  ✓ Saved (0.1 KB)
[1867/2164] image: https://px.srvcs.tumblr.com/impixu?T=1767025652&J=eyJ0eXBlIjoicG9zdCIs...
  ✓ Saved (0.1 KB)
[1868/2164] image: https://px.srvcs.tumblr.com/impixu?T=1767025652&J=eyJ0eXBlIjoidXJsIiwi...
  ✓ Saved (0.1 KB)
[1869/2164] image: https://px.srvcs.tumblr.com/impixu?T=1767025653&J=eyJ0eXBlIjoicG9zdCIs...
  ✓ Saved (0.1 KB)
[1870/2164] image: https://px.srvcs.tumblr.com/impixu?T=1767025653&J=eyJ0eXBlIjoidXJsIiwi...
  ✓ Saved (0.1 KB)
[1871/2164] image: https://px.srvcs.tumblr.com/impixu?T=1767025654&J=eyJ0eXBlIjoicG9zdCIs...
  ✓ Saved (0.1 KB)
[1872/2164] image: https://px.srvcs.tumblr.com/impixu?T=1767025654&J=eyJ0eXBlIjoidXJsIiwi...
  ✓ Saved (0.1 KB)
[1873/2164] image: https://px.srvcs.tumblr.com/impixu?T=1767025656&J=eyJ0eXBlIjoicG9zdCIs...
  ✓ Saved (0.1 KB)
[1874/2164] image: https://px.srvcs.tumblr.com/impixu?T=1767025656&J=eyJ0eXBlIjoidXJsIiwi...
  ✓ Saved (0.1 KB)
[1875/2164] image: https://px.srvcs.tumblr.com/impixu?T=1767025657&J=eyJ0eXBlIjoicG9zdCIs...
  ✓ Saved (0.1 KB)
[1876/2164] image: https://px.srvcs.tumblr.com/impixu?T=1767025657&J=eyJ0eXBlIjoidXJsIiwi...
  ✓ Saved (0.1 KB)
[1877/2164] image: https://px.srvcs.tumblr.com/impixu?T=1767025658&J=eyJ0eXBlIjoicG9zdCIs...
  ✓ Saved (0.1 KB)
[1878/2164] image: https://px.srvcs.tumblr.com/impixu?T=1767025658&J=eyJ0eXBlIjoidXJsIiwi...
  ✓ Saved (0.1 KB)
[1879/2164] image: https://px.srvcs.tumblr.com/impixu?T=1767025659&J=eyJ0eXBlIjoicG9zdCIs...
  ✓ Saved (0.1 KB)
[1880/2164] image: https://px.srvcs.tumblr.com/impixu?T=1767025659&J=eyJ0eXBlIjoidXJsIiwi...
  ✓ Saved (0.1 KB)
[1881/2164] image: https://px.srvcs.tumblr.com/impixu?T=1767025660&J=eyJ0eXBlIjoicG9zdCIs...
  ✓ Saved (0.1 KB)
[1882/2164] image: https://px.srvcs.tumblr.com/impixu?T=1767025660&J=eyJ0eXBlIjoidXJsIiwi...
  ✓ Saved (0.1 KB)
[1883/2164] image: https://px.srvcs.tumblr.com/impixu?T=1767025662&J=eyJ0eXBlIjoicG9zdCIs...
  ✓ Saved (0.1 KB)
[1884/2164] image: https://px.srvcs.tumblr.com/impixu?T=1767025662&J=eyJ0eXBlIjoidXJsIiwi...
  ✓ Saved (0.1 KB)
[1885/2164] image: https://px.srvcs.tumblr.com/impixu?T=1767025663&J=eyJ0eXBlIjoicG9zdCIs...
  ✓ Saved (0.1 KB)
[1886/2164] image: https://px.srvcs.tumblr.com/impixu?T=1767025663&J=eyJ0eXBlIjoidXJsIiwi...
  ✓ Saved (0.1 KB)
[1887/2164] image: https://px.srvcs.tumblr.com/impixu?T=1767025664&J=eyJ0eXBlIjoicG9zdCIs...
  ✓ Saved (0.1 KB)
[1888/2164] image: https://px.srvcs.tumblr.com/impixu?T=1767025664&J=eyJ0eXBlIjoidXJsIiwi...
  ✓ Saved (0.1 KB)
[1889/2164] image: https://px.srvcs.tumblr.com/impixu?T=1767025665&J=eyJ0eXBlIjoicG9zdCIs...
  ✓ Saved (0.1 KB)
[1890/2164] image: https://px.srvcs.tumblr.com/impixu?T=1767025665&J=eyJ0eXBlIjoidXJsIiwi...
  ✓ Saved (0.1 KB)
[1891/2164] image: https://px.srvcs.tumblr.com/impixu?T=1767025666&J=eyJ0eXBlIjoicG9zdCIs...
  ✓ Saved (0.1 KB)
[1892/2164] image: https://px.srvcs.tumblr.com/impixu?T=1767025666&J=eyJ0eXBlIjoidXJsIiwi...
  ✓ Saved (0.1 KB)
[1893/2164] image: https://px.srvcs.tumblr.com/impixu?T=1767025668&J=eyJ0eXBlIjoicG9zdCIs...
  ✓ Saved (0.1 KB)
[1894/2164] image: https://px.srvcs.tumblr.com/impixu?T=1767025668&J=eyJ0eXBlIjoidXJsIiwi...
  ✓ Saved (0.1 KB)
[1895/2164] image: https://px.srvcs.tumblr.com/impixu?T=1767025669&J=eyJ0eXBlIjoicG9zdCIs...
  ✓ Saved (0.1 KB)
[1896/2164] image: https://px.srvcs.tumblr.com/impixu?T=1767025669&J=eyJ0eXBlIjoidXJsIiwi...
  ✓ Saved (0.1 KB)
[1897/2164] image: https://px.srvcs.tumblr.com/impixu?T=1767025670&J=eyJ0eXBlIjoicG9zdCIs...
  ✓ Saved (0.1 KB)
[1898/2164] image: https://px.srvcs.tumblr.com/impixu?T=1767025670&J=eyJ0eXBlIjoidXJsIiwi...
  ✓ Saved (0.1 KB)
[1899/2164] image: https://px.srvcs.tumblr.com/impixu?T=1767025671&J=eyJ0eXBlIjoicG9zdCIs...
  ✓ Saved (0.1 KB)
[1900/2164] image: https://px.srvcs.tumblr.com/impixu?T=1767025671&J=eyJ0eXBlIjoidXJsIiwi...
  ✓ Saved (0.1 KB)
[1901/2164] image: https://px.srvcs.tumblr.com/impixu?T=1767025672&J=eyJ0eXBlIjoicG9zdCIs...
  ✓ Saved (0.1 KB)
[1902/2164] image: https://px.srvcs.tumblr.com/impixu?T=1767025672&J=eyJ0eXBlIjoidXJsIiwi...
  ✓ Saved (0.1 KB)
[1903/2164] image: https://px.srvcs.tumblr.com/impixu?T=1767025673&J=eyJ0eXBlIjoicG9zdCIs...
  ✓ Saved (0.1 KB)
[1904/2164] image: https://px.srvcs.tumblr.com/impixu?T=1767025673&J=eyJ0eXBlIjoidXJsIiwi...
  ✓ Saved (0.1 KB)
[1905/2164] image: https://px.srvcs.tumblr.com/impixu?T=1767025676&J=eyJ0eXBlIjoicG9zdCIs...
  ✓ Saved (0.1 KB)
[1906/2164] image: https://px.srvcs.tumblr.com/impixu?T=1767025676&J=eyJ0eXBlIjoidXJsIiwi...
  ✓ Saved (0.1 KB)
[1907/2164] image: https://px.srvcs.tumblr.com/impixu?T=1767025677&J=eyJ0eXBlIjoicG9zdCIs...
  ✓ Saved (0.1 KB)
[1908/2164] image: https://px.srvcs.tumblr.com/impixu?T=1767025677&J=eyJ0eXBlIjoidXJsIiwi...
  ✓ Saved (0.1 KB)
[1909/2164] image: https://px.srvcs.tumblr.com/impixu?T=1767025678&J=eyJ0eXBlIjoicG9zdCIs...
  ✓ Saved (0.1 KB)
[1910/2164] image: https://px.srvcs.tumblr.com/impixu?T=1767025678&J=eyJ0eXBlIjoidXJsIiwi...
  ✓ Saved (0.1 KB)
[1911/2164] image: https://px.srvcs.tumblr.com/impixu?T=1767025679&J=eyJ0eXBlIjoicG9zdCIs...
  ✓ Saved (0.1 KB)
[1912/2164] image: https://px.srvcs.tumblr.com/impixu?T=1767025679&J=eyJ0eXBlIjoidXJsIiwi...
  ✓ Saved (0.1 KB)
[1913/2164] image: https://px.srvcs.tumblr.com/impixu?T=1767025680&J=eyJ0eXBlIjoicG9zdCIs...
  ✓ Saved (0.1 KB)
[1914/2164] image: https://px.srvcs.tumblr.com/impixu?T=1767025680&J=eyJ0eXBlIjoidXJsIiwi...
  ✓ Saved (0.1 KB)
[1915/2164] image: https://px.srvcs.tumblr.com/impixu?T=1767025682&J=eyJ0eXBlIjoicG9zdCIs...
  ✓ Saved (0.1 KB)
[1916/2164] image: https://px.srvcs.tumblr.com/impixu?T=1767025682&J=eyJ0eXBlIjoidXJsIiwi...
  ✓ Saved (0.1 KB)
[1917/2164] image: https://px.srvcs.tumblr.com/impixu?T=1767025683&J=eyJ0eXBlIjoicG9zdCIs...
  ✓ Saved (0.1 KB)
[1918/2164] image: https://px.srvcs.tumblr.com/impixu?T=1767025683&J=eyJ0eXBlIjoidXJsIiwi...
  ✓ Saved (0.1 KB)
[1919/2164] image: https://px.srvcs.tumblr.com/impixu?T=1767025684&J=eyJ0eXBlIjoicG9zdCIs...
  ✓ Saved (0.1 KB)
[1920/2164] image: https://px.srvcs.tumblr.com/impixu?T=1767025684&J=eyJ0eXBlIjoidXJsIiwi...
  ✓ Saved (0.1 KB)
[1921/2164] image: https://px.srvcs.tumblr.com/impixu?T=1767025686&J=eyJ0eXBlIjoicG9zdCIs...
  ✓ Saved (0.1 KB)
[1922/2164] image: https://px.srvcs.tumblr.com/impixu?T=1767025686&J=eyJ0eXBlIjoidXJsIiwi...
  ✓ Saved (0.1 KB)
[1923/2164] image: https://px.srvcs.tumblr.com/impixu?T=1767025687&J=eyJ0eXBlIjoicG9zdCIs...
  ✓ Saved (0.1 KB)
[1924/2164] image: https://px.srvcs.tumblr.com/impixu?T=1767025687&J=eyJ0eXBlIjoidXJsIiwi...
  ✓ Saved (0.1 KB)
[1925/2164] image: https://px.srvcs.tumblr.com/impixu?T=1767025688&J=eyJ0eXBlIjoicG9zdCIs...
  ✓ Saved (0.1 KB)
[1926/2164] image: https://px.srvcs.tumblr.com/impixu?T=1767025688&J=eyJ0eXBlIjoidXJsIiwi...
  ✓ Saved (0.1 KB)
[1927/2164] image: https://px.srvcs.tumblr.com/impixu?T=1767025689&J=eyJ0eXBlIjoicG9zdCIs...
  ✓ Saved (0.1 KB)
[1928/2164] image: https://px.srvcs.tumblr.com/impixu?T=1767025689&J=eyJ0eXBlIjoidXJsIiwi...
  ✓ Saved (0.1 KB)
[1929/2164] image: https://px.srvcs.tumblr.com/impixu?T=1767025690&J=eyJ0eXBlIjoicG9zdCIs...
  ✓ Saved (0.1 KB)
[1930/2164] image: https://px.srvcs.tumblr.com/impixu?T=1767025690&J=eyJ0eXBlIjoidXJsIiwi...
  ✓ Saved (0.1 KB)
[1931/2164] image: https://px.srvcs.tumblr.com/impixu?T=1767025691&J=eyJ0eXBlIjoicG9zdCIs...
  ✓ Saved (0.1 KB)
[1932/2164] image: https://px.srvcs.tumblr.com/impixu?T=1767025691&J=eyJ0eXBlIjoidXJsIiwi...
  ✓ Saved (0.1 KB)
[1933/2164] image: https://px.srvcs.tumblr.com/impixu?T=1767025693&J=eyJ0eXBlIjoicG9zdCIs...
  ✓ Saved (0.1 KB)
[1934/2164] image: https://px.srvcs.tumblr.com/impixu?T=1767025693&J=eyJ0eXBlIjoidXJsIiwi...
  ✓ Saved (0.1 KB)
[1935/2164] image: https://px.srvcs.tumblr.com/impixu?T=1767025695&J=eyJ0eXBlIjoicG9zdCIs...
  ✓ Saved (0.1 KB)
[1936/2164] image: https://px.srvcs.tumblr.com/impixu?T=1767025695&J=eyJ0eXBlIjoidXJsIiwi...
  ✓ Saved (0.1 KB)
[1937/2164] image: https://px.srvcs.tumblr.com/impixu?T=1767025697&J=eyJ0eXBlIjoicG9zdCIs...
  ✓ Saved (0.1 KB)
[1938/2164] image: https://px.srvcs.tumblr.com/impixu?T=1767025697&J=eyJ0eXBlIjoidXJsIiwi...
  ✓ Saved (0.1 KB)
[1939/2164] image: https://px.srvcs.tumblr.com/impixu?T=1767025698&J=eyJ0eXBlIjoicG9zdCIs...
  ✓ Saved (0.1 KB)
[1940/2164] image: https://px.srvcs.tumblr.com/impixu?T=1767025698&J=eyJ0eXBlIjoidXJsIiwi...
  ✓ Saved (0.1 KB)
[1941/2164] image: https://px.srvcs.tumblr.com/impixu?T=1767025699&J=eyJ0eXBlIjoicG9zdCIs...
  ✓ Saved (0.1 KB)
[1942/2164] image: https://px.srvcs.tumblr.com/impixu?T=1767025699&J=eyJ0eXBlIjoidXJsIiwi...
  ✓ Saved (0.1 KB)
[1943/2164] image: https://px.srvcs.tumblr.com/impixu?T=1767025701&J=eyJ0eXBlIjoicG9zdCIs...
  ✓ Saved (0.1 KB)
[1944/2164] image: https://px.srvcs.tumblr.com/impixu?T=1767025701&J=eyJ0eXBlIjoidXJsIiwi...
  ✓ Saved (0.1 KB)
[1945/2164] image: https://px.srvcs.tumblr.com/impixu?T=1767025703&J=eyJ0eXBlIjoicG9zdCIs...
  ✓ Saved (0.1 KB)
[1946/2164] image: https://px.srvcs.tumblr.com/impixu?T=1767025703&J=eyJ0eXBlIjoidXJsIiwi...
  ✓ Saved (0.1 KB)
[1947/2164] image: https://px.srvcs.tumblr.com/impixu?T=1767025704&J=eyJ0eXBlIjoicG9zdCIs...
  ✓ Saved (0.1 KB)
[1948/2164] image: https://px.srvcs.tumblr.com/impixu?T=1767025704&J=eyJ0eXBlIjoidXJsIiwi...
  ✓ Saved (0.1 KB)
[1949/2164] image: https://px.srvcs.tumblr.com/impixu?T=1767025705&J=eyJ0eXBlIjoicG9zdCIs...
  ✓ Saved (0.1 KB)
[1950/2164] image: https://px.srvcs.tumblr.com/impixu?T=1767025705&J=eyJ0eXBlIjoidXJsIiwi...
  ✓ Saved (0.1 KB)
[1951/2164] image: https://px.srvcs.tumblr.com/impixu?T=1767025706&J=eyJ0eXBlIjoicG9zdCIs...
  ✓ Saved (0.1 KB)
[1952/2164] image: https://px.srvcs.tumblr.com/impixu?T=1767025706&J=eyJ0eXBlIjoidXJsIiwi...
  ✓ Saved (0.1 KB)
[1953/2164] image: https://px.srvcs.tumblr.com/impixu?T=1767025707&J=eyJ0eXBlIjoicG9zdCIs...
  ✓ Saved (0.1 KB)
[1954/2164] image: https://px.srvcs.tumblr.com/impixu?T=1767025707&J=eyJ0eXBlIjoidXJsIiwi...
  ✓ Saved (0.1 KB)
[1955/2164] image: https://px.srvcs.tumblr.com/impixu?T=1767025709&J=eyJ0eXBlIjoicG9zdCIs...
  ✓ Saved (0.1 KB)
[1956/2164] image: https://px.srvcs.tumblr.com/impixu?T=1767025709&J=eyJ0eXBlIjoidXJsIiwi...
  ✓ Saved (0.1 KB)
[1957/2164] image: https://px.srvcs.tumblr.com/impixu?T=1767025710&J=eyJ0eXBlIjoicG9zdCIs...
  ✓ Saved (0.1 KB)
[1958/2164] image: https://px.srvcs.tumblr.com/impixu?T=1767025710&J=eyJ0eXBlIjoidXJsIiwi...
  ✓ Saved (0.1 KB)
[1959/2164] image: https://px.srvcs.tumblr.com/impixu?T=1767025711&J=eyJ0eXBlIjoicG9zdCIs...
  ✓ Saved (0.1 KB)
[1960/2164] image: https://px.srvcs.tumblr.com/impixu?T=1767025711&J=eyJ0eXBlIjoidXJsIiwi...
  ✓ Saved (0.1 KB)
[1961/2164] image: https://px.srvcs.tumblr.com/impixu?T=1767025712&J=eyJ0eXBlIjoicG9zdCIs...
  ✓ Saved (0.1 KB)
[1962/2164] image: https://px.srvcs.tumblr.com/impixu?T=1767025712&J=eyJ0eXBlIjoidXJsIiwi...
  ✓ Saved (0.1 KB)
[1963/2164] image: https://px.srvcs.tumblr.com/impixu?T=1767025713&J=eyJ0eXBlIjoicG9zdCIs...
  ✓ Saved (0.1 KB)
[1964/2164] image: https://px.srvcs.tumblr.com/impixu?T=1767025713&J=eyJ0eXBlIjoidXJsIiwi...
  ✓ Saved (0.1 KB)
[1965/2164] image: https://px.srvcs.tumblr.com/impixu?T=1767025714&J=eyJ0eXBlIjoicG9zdCIs...
  ✓ Saved (0.1 KB)
[1966/2164] image: https://px.srvcs.tumblr.com/impixu?T=1767025714&J=eyJ0eXBlIjoidXJsIiwi...
  ✓ Saved (0.1 KB)
[1967/2164] image: https://px.srvcs.tumblr.com/impixu?T=1767025715&J=eyJ0eXBlIjoicG9zdCIs...
  ✓ Saved (0.1 KB)
[1968/2164] image: https://px.srvcs.tumblr.com/impixu?T=1767025715&J=eyJ0eXBlIjoidXJsIiwi...
  ✓ Saved (0.1 KB)
[1969/2164] image: https://px.srvcs.tumblr.com/impixu?T=1767025717&J=eyJ0eXBlIjoicG9zdCIs...
  ✓ Saved (0.1 KB)
[1970/2164] image: https://px.srvcs.tumblr.com/impixu?T=1767025717&J=eyJ0eXBlIjoidXJsIiwi...
  ✓ Saved (0.1 KB)
[1971/2164] image: https://px.srvcs.tumblr.com/impixu?T=1767025718&J=eyJ0eXBlIjoicG9zdCIs...
  ✓ Saved (0.1 KB)
[1972/2164] image: https://px.srvcs.tumblr.com/impixu?T=1767025718&J=eyJ0eXBlIjoidXJsIiwi...
  ✓ Saved (0.1 KB)
[1973/2164] image: https://px.srvcs.tumblr.com/impixu?T=1767025719&J=eyJ0eXBlIjoicG9zdCIs...
  ✓ Saved (0.1 KB)
[1974/2164] image: https://px.srvcs.tumblr.com/impixu?T=1767025719&J=eyJ0eXBlIjoidXJsIiwi...
  ✓ Saved (0.1 KB)
[1975/2164] image: https://px.srvcs.tumblr.com/impixu?T=1767025720&J=eyJ0eXBlIjoicG9zdCIs...
  ✓ Saved (0.1 KB)
[1976/2164] image: https://px.srvcs.tumblr.com/impixu?T=1767025720&J=eyJ0eXBlIjoidXJsIiwi...
  ✓ Saved (0.1 KB)
[1977/2164] image: https://px.srvcs.tumblr.com/impixu?T=1767025721&J=eyJ0eXBlIjoicG9zdCIs...
  ✓ Saved (0.1 KB)
[1978/2164] image: https://px.srvcs.tumblr.com/impixu?T=1767025721&J=eyJ0eXBlIjoidXJsIiwi...
  ✓ Saved (0.1 KB)
[1979/2164] image: https://px.srvcs.tumblr.com/impixu?T=1767025722&J=eyJ0eXBlIjoicG9zdCIs...
  ✓ Saved (0.1 KB)
[1980/2164] image: https://px.srvcs.tumblr.com/impixu?T=1767025722&J=eyJ0eXBlIjoidXJsIiwi...
  ✓ Saved (0.1 KB)
[1981/2164] image: https://px.srvcs.tumblr.com/impixu?T=1767025724&J=eyJ0eXBlIjoicG9zdCIs...
  ✓ Saved (0.1 KB)
[1982/2164] image: https://px.srvcs.tumblr.com/impixu?T=1767025724&J=eyJ0eXBlIjoidXJsIiwi...
  ✓ Saved (0.1 KB)
[1983/2164] image: https://px.srvcs.tumblr.com/impixu?T=1767025725&J=eyJ0eXBlIjoicG9zdCIs...
  ✓ Saved (0.1 KB)
[1984/2164] image: https://px.srvcs.tumblr.com/impixu?T=1767025725&J=eyJ0eXBlIjoidXJsIiwi...
  ✓ Saved (0.1 KB)
[1985/2164] image: https://px.srvcs.tumblr.com/impixu?T=1767025726&J=eyJ0eXBlIjoicG9zdCIs...
  ✓ Saved (0.1 KB)
[1986/2164] image: https://px.srvcs.tumblr.com/impixu?T=1767025726&J=eyJ0eXBlIjoidXJsIiwi...
  ✓ Saved (0.1 KB)
[1987/2164] image: https://px.srvcs.tumblr.com/impixu?T=1767025727&J=eyJ0eXBlIjoicG9zdCIs...
  ✓ Saved (0.1 KB)
[1988/2164] image: https://px.srvcs.tumblr.com/impixu?T=1767025727&J=eyJ0eXBlIjoidXJsIiwi...
  ✓ Saved (0.1 KB)
[1989/2164] image: https://px.srvcs.tumblr.com/impixu?T=1767025728&J=eyJ0eXBlIjoicG9zdCIs...
  ✓ Saved (0.1 KB)
[1990/2164] image: https://px.srvcs.tumblr.com/impixu?T=1767025728&J=eyJ0eXBlIjoidXJsIiwi...
  ✓ Saved (0.1 KB)
[1991/2164] image: https://px.srvcs.tumblr.com/impixu?T=1767025729&J=eyJ0eXBlIjoicG9zdCIs...
  ✓ Saved (0.1 KB)
[1992/2164] image: https://px.srvcs.tumblr.com/impixu?T=1767025729&J=eyJ0eXBlIjoidXJsIiwi...
  ✓ Saved (0.1 KB)
[1993/2164] image: https://px.srvcs.tumblr.com/impixu?T=1767025731&J=eyJ0eXBlIjoicG9zdCIs...
  ✓ Saved (0.1 KB)
[1994/2164] image: https://px.srvcs.tumblr.com/impixu?T=1767025731&J=eyJ0eXBlIjoidXJsIiwi...
  ✓ Saved (0.1 KB)
[1995/2164] image: https://px.srvcs.tumblr.com/impixu?T=1767025732&J=eyJ0eXBlIjoicG9zdCIs...
  ✓ Saved (0.1 KB)
[1996/2164] image: https://px.srvcs.tumblr.com/impixu?T=1767025732&J=eyJ0eXBlIjoidXJsIiwi...
  ✓ Saved (0.1 KB)
[1997/2164] image: https://px.srvcs.tumblr.com/impixu?T=1767025733&J=eyJ0eXBlIjoicG9zdCIs...
  ✓ Saved (0.1 KB)
[1998/2164] image: https://px.srvcs.tumblr.com/impixu?T=1767025733&J=eyJ0eXBlIjoidXJsIiwi...
  ✓ Saved (0.1 KB)
[1999/2164] image: https://px.srvcs.tumblr.com/impixu?T=1767025734&J=eyJ0eXBlIjoicG9zdCIs...
  ✓ Saved (0.1 KB)
[2000/2164] image: https://px.srvcs.tumblr.com/impixu?T=1767025734&J=eyJ0eXBlIjoidXJsIiwi...
  ✓ Saved (0.1 KB)
[2001/2164] image: https://px.srvcs.tumblr.com/impixu?T=1767025735&J=eyJ0eXBlIjoicG9zdCIs...
  ✓ Saved (0.1 KB)
[2002/2164] image: https://px.srvcs.tumblr.com/impixu?T=1767025735&J=eyJ0eXBlIjoidXJsIiwi...
  ✓ Saved (0.1 KB)
[2003/2164] image: https://px.srvcs.tumblr.com/impixu?T=1767025736&J=eyJ0eXBlIjoicG9zdCIs...
  ✓ Saved (0.1 KB)
[2004/2164] image: https://px.srvcs.tumblr.com/impixu?T=1767025736&J=eyJ0eXBlIjoidXJsIiwi...
  ✓ Saved (0.1 KB)
[2005/2164] image: https://px.srvcs.tumblr.com/impixu?T=1767025738&J=eyJ0eXBlIjoicG9zdCIs...
  ✓ Saved (0.1 KB)
[2006/2164] image: https://px.srvcs.tumblr.com/impixu?T=1767025738&J=eyJ0eXBlIjoidXJsIiwi...
  ✓ Saved (0.1 KB)
[2007/2164] image: https://px.srvcs.tumblr.com/impixu?T=1767025739&J=eyJ0eXBlIjoicG9zdCIs...
  ✓ Saved (0.1 KB)
[2008/2164] image: https://px.srvcs.tumblr.com/impixu?T=1767025739&J=eyJ0eXBlIjoidXJsIiwi...
  ✓ Saved (0.1 KB)
[2009/2164] image: https://px.srvcs.tumblr.com/impixu?T=1767025740&J=eyJ0eXBlIjoicG9zdCIs...
  ✓ Saved (0.1 KB)
[2010/2164] image: https://px.srvcs.tumblr.com/impixu?T=1767025740&J=eyJ0eXBlIjoidXJsIiwi...
  ✓ Saved (0.1 KB)
[2011/2164] image: https://px.srvcs.tumblr.com/impixu?T=1767025741&J=eyJ0eXBlIjoicG9zdCIs...
  ✓ Saved (0.1 KB)
[2012/2164] image: https://px.srvcs.tumblr.com/impixu?T=1767025741&J=eyJ0eXBlIjoidXJsIiwi...
  ✓ Saved (0.1 KB)
[2013/2164] image: https://px.srvcs.tumblr.com/impixu?T=1767025743&J=eyJ0eXBlIjoicG9zdCIs...
  ✓ Saved (0.1 KB)
[2014/2164] image: https://px.srvcs.tumblr.com/impixu?T=1767025743&J=eyJ0eXBlIjoidXJsIiwi...
  ✓ Saved (0.1 KB)
[2015/2164] image: https://px.srvcs.tumblr.com/impixu?T=1767025744&J=eyJ0eXBlIjoicG9zdCIs...
  ✓ Saved (0.1 KB)
[2016/2164] image: https://px.srvcs.tumblr.com/impixu?T=1767025744&J=eyJ0eXBlIjoidXJsIiwi...
  ✓ Saved (0.1 KB)
[2017/2164] image: https://px.srvcs.tumblr.com/impixu?T=1767025745&J=eyJ0eXBlIjoicG9zdCIs...
  ✓ Saved (0.1 KB)
[2018/2164] image: https://px.srvcs.tumblr.com/impixu?T=1767025745&J=eyJ0eXBlIjoidXJsIiwi...
  ✓ Saved (0.1 KB)
[2019/2164] image: https://px.srvcs.tumblr.com/impixu?T=1767025746&J=eyJ0eXBlIjoicG9zdCIs...
  ✓ Saved (0.1 KB)
[2020/2164] image: https://px.srvcs.tumblr.com/impixu?T=1767025746&J=eyJ0eXBlIjoidXJsIiwi...
  ✓ Saved (0.1 KB)
[2021/2164] image: https://px.srvcs.tumblr.com/impixu?T=1767025747&J=eyJ0eXBlIjoicG9zdCIs...
  ✓ Saved (0.1 KB)
[2022/2164] image: https://px.srvcs.tumblr.com/impixu?T=1767025747&J=eyJ0eXBlIjoidXJsIiwi...
  ✓ Saved (0.1 KB)
[2023/2164] image: https://px.srvcs.tumblr.com/impixu?T=1767025748&J=eyJ0eXBlIjoicG9zdCIs...
  ✓ Saved (0.1 KB)
[2024/2164] image: https://px.srvcs.tumblr.com/impixu?T=1767025748&J=eyJ0eXBlIjoidXJsIiwi...
  ✓ Saved (0.1 KB)
[2025/2164] image: https://px.srvcs.tumblr.com/impixu?T=1767025750&J=eyJ0eXBlIjoicG9zdCIs...
  ✓ Saved (0.1 KB)
[2026/2164] image: https://px.srvcs.tumblr.com/impixu?T=1767025750&J=eyJ0eXBlIjoidXJsIiwi...
  ✓ Saved (0.1 KB)
[2027/2164] image: https://px.srvcs.tumblr.com/impixu?T=1767025751&J=eyJ0eXBlIjoicG9zdCIs...
  ✓ Saved (0.1 KB)
[2028/2164] image: https://px.srvcs.tumblr.com/impixu?T=1767025751&J=eyJ0eXBlIjoidXJsIiwi...
  ✓ Saved (0.1 KB)
[2029/2164] image: https://px.srvcs.tumblr.com/impixu?T=1767025752&J=eyJ0eXBlIjoicG9zdCIs...
  ✓ Saved (0.1 KB)
[2030/2164] image: https://px.srvcs.tumblr.com/impixu?T=1767025752&J=eyJ0eXBlIjoidXJsIiwi...
  ✓ Saved (0.1 KB)
[2031/2164] image: https://px.srvcs.tumblr.com/impixu?T=1767025753&J=eyJ0eXBlIjoicG9zdCIs...
  ✓ Saved (0.1 KB)
[2032/2164] image: https://px.srvcs.tumblr.com/impixu?T=1767025753&J=eyJ0eXBlIjoidXJsIiwi...
  ✓ Saved (0.1 KB)
[2033/2164] image: https://px.srvcs.tumblr.com/impixu?T=1767025754&J=eyJ0eXBlIjoicG9zdCIs...
  ✓ Saved (0.1 KB)
[2034/2164] image: https://px.srvcs.tumblr.com/impixu?T=1767025754&J=eyJ0eXBlIjoidXJsIiwi...
  ✓ Saved (0.1 KB)
[2035/2164] image: https://px.srvcs.tumblr.com/impixu?T=1767025755&J=eyJ0eXBlIjoicG9zdCIs...
  ✓ Saved (0.1 KB)
[2036/2164] image: https://px.srvcs.tumblr.com/impixu?T=1767025755&J=eyJ0eXBlIjoidXJsIiwi...
  ✓ Saved (0.1 KB)
[2037/2164] image: https://px.srvcs.tumblr.com/impixu?T=1767025756&J=eyJ0eXBlIjoicG9zdCIs...
  ✓ Saved (0.1 KB)
[2038/2164] image: https://px.srvcs.tumblr.com/impixu?T=1767025756&J=eyJ0eXBlIjoidXJsIiwi...
  ✓ Saved (0.1 KB)
[2039/2164] image: https://px.srvcs.tumblr.com/impixu?T=1767025758&J=eyJ0eXBlIjoicG9zdCIs...
  ✓ Saved (0.1 KB)
[2040/2164] image: https://px.srvcs.tumblr.com/impixu?T=1767025758&J=eyJ0eXBlIjoidXJsIiwi...
  ✓ Saved (0.1 KB)
[2041/2164] image: https://px.srvcs.tumblr.com/impixu?T=1767025759&J=eyJ0eXBlIjoicG9zdCIs...
  ✓ Saved (0.1 KB)
[2042/2164] image: https://px.srvcs.tumblr.com/impixu?T=1767025759&J=eyJ0eXBlIjoidXJsIiwi...
  ✓ Saved (0.1 KB)
[2043/2164] image: https://px.srvcs.tumblr.com/impixu?T=1767025760&J=eyJ0eXBlIjoicG9zdCIs...
  ✓ Saved (0.1 KB)
[2044/2164] image: https://px.srvcs.tumblr.com/impixu?T=1767025760&J=eyJ0eXBlIjoidXJsIiwi...
  ✓ Saved (0.1 KB)
[2045/2164] image: https://px.srvcs.tumblr.com/impixu?T=1767025761&J=eyJ0eXBlIjoicG9zdCIs...
  ✓ Saved (0.1 KB)
[2046/2164] image: https://px.srvcs.tumblr.com/impixu?T=1767025761&J=eyJ0eXBlIjoidXJsIiwi...
  ✓ Saved (0.1 KB)
[2047/2164] image: https://px.srvcs.tumblr.com/impixu?T=1767025763&J=eyJ0eXBlIjoicG9zdCIs...
  ✓ Saved (0.1 KB)
[2048/2164] image: https://px.srvcs.tumblr.com/impixu?T=1767025763&J=eyJ0eXBlIjoidXJsIiwi...
  ✓ Saved (0.1 KB)
[2049/2164] image: https://px.srvcs.tumblr.com/impixu?T=1767025764&J=eyJ0eXBlIjoicG9zdCIs...
  ✓ Saved (0.1 KB)
[2050/2164] image: https://px.srvcs.tumblr.com/impixu?T=1767025764&J=eyJ0eXBlIjoidXJsIiwi...
  ✓ Saved (0.1 KB)
[2051/2164] image: https://px.srvcs.tumblr.com/impixu?T=1767025765&J=eyJ0eXBlIjoicG9zdCIs...
  ✓ Saved (0.1 KB)
[2052/2164] image: https://px.srvcs.tumblr.com/impixu?T=1767025765&J=eyJ0eXBlIjoidXJsIiwi...
  ✓ Saved (0.1 KB)
[2053/2164] image: https://px.srvcs.tumblr.com/impixu?T=1767025766&J=eyJ0eXBlIjoicG9zdCIs...
  ✓ Saved (0.1 KB)
[2054/2164] image: https://px.srvcs.tumblr.com/impixu?T=1767025766&J=eyJ0eXBlIjoidXJsIiwi...
  ✓ Saved (0.1 KB)
[2055/2164] image: https://px.srvcs.tumblr.com/impixu?T=1767025767&J=eyJ0eXBlIjoicG9zdCIs...
  ✓ Saved (0.1 KB)
[2056/2164] image: https://px.srvcs.tumblr.com/impixu?T=1767025767&J=eyJ0eXBlIjoidXJsIiwi...
  ✓ Saved (0.1 KB)
[2057/2164] image: https://px.srvcs.tumblr.com/impixu?T=1767025769&J=eyJ0eXBlIjoicG9zdCIs...
  ✓ Saved (0.1 KB)
[2058/2164] image: https://px.srvcs.tumblr.com/impixu?T=1767025769&J=eyJ0eXBlIjoidXJsIiwi...
  ✓ Saved (0.1 KB)
[2059/2164] image: https://px.srvcs.tumblr.com/impixu?T=1767025770&J=eyJ0eXBlIjoicG9zdCIs...
  ✓ Saved (0.1 KB)
[2060/2164] image: https://px.srvcs.tumblr.com/impixu?T=1767025770&J=eyJ0eXBlIjoidXJsIiwi...
  ✓ Saved (0.1 KB)
[2061/2164] image: https://px.srvcs.tumblr.com/impixu?T=1767025771&J=eyJ0eXBlIjoicG9zdCIs...
  ✓ Saved (0.1 KB)
[2062/2164] image: https://px.srvcs.tumblr.com/impixu?T=1767025771&J=eyJ0eXBlIjoidXJsIiwi...
  ✓ Saved (0.1 KB)
[2063/2164] image: https://px.srvcs.tumblr.com/impixu?T=1767025772&J=eyJ0eXBlIjoicG9zdCIs...
  ✓ Saved (0.1 KB)
[2064/2164] image: https://px.srvcs.tumblr.com/impixu?T=1767025772&J=eyJ0eXBlIjoidXJsIiwi...
  ✓ Saved (0.1 KB)
[2065/2164] image: https://px.srvcs.tumblr.com/impixu?T=1767025773&J=eyJ0eXBlIjoicG9zdCIs...
  ✓ Saved (0.1 KB)
[2066/2164] image: https://px.srvcs.tumblr.com/impixu?T=1767025773&J=eyJ0eXBlIjoidXJsIiwi...
  ✓ Saved (0.1 KB)
[2067/2164] image: https://px.srvcs.tumblr.com/impixu?T=1767025774&J=eyJ0eXBlIjoicG9zdCIs...
  ✓ Saved (0.1 KB)
[2068/2164] image: https://px.srvcs.tumblr.com/impixu?T=1767025774&J=eyJ0eXBlIjoidXJsIiwi...
  ✓ Saved (0.1 KB)
[2069/2164] image: https://px.srvcs.tumblr.com/impixu?T=1767025776&J=eyJ0eXBlIjoicG9zdCIs...
  ✓ Saved (0.1 KB)
[2070/2164] image: https://px.srvcs.tumblr.com/impixu?T=1767025776&J=eyJ0eXBlIjoidXJsIiwi...
  ✓ Saved (0.1 KB)
[2071/2164] image: https://px.srvcs.tumblr.com/impixu?T=1767025777&J=eyJ0eXBlIjoicG9zdCIs...
  ✓ Saved (0.1 KB)
[2072/2164] image: https://px.srvcs.tumblr.com/impixu?T=1767025777&J=eyJ0eXBlIjoidXJsIiwi...
  ✓ Saved (0.1 KB)
[2073/2164] image: https://px.srvcs.tumblr.com/impixu?T=1767025778&J=eyJ0eXBlIjoicG9zdCIs...
  ✓ Saved (0.1 KB)
[2074/2164] image: https://px.srvcs.tumblr.com/impixu?T=1767025778&J=eyJ0eXBlIjoidXJsIiwi...
  ✓ Saved (0.1 KB)
[2075/2164] image: https://px.srvcs.tumblr.com/impixu?T=1767025779&J=eyJ0eXBlIjoicG9zdCIs...
  ✓ Saved (0.1 KB)
[2076/2164] image: https://px.srvcs.tumblr.com/impixu?T=1767025779&J=eyJ0eXBlIjoidXJsIiwi...
  ✓ Saved (0.1 KB)
[2077/2164] image: https://px.srvcs.tumblr.com/impixu?T=1767025780&J=eyJ0eXBlIjoicG9zdCIs...
  ✓ Saved (0.1 KB)
[2078/2164] image: https://px.srvcs.tumblr.com/impixu?T=1767025780&J=eyJ0eXBlIjoidXJsIiwi...
  ✓ Saved (0.1 KB)
[2079/2164] image: https://px.srvcs.tumblr.com/impixu?T=1767025781&J=eyJ0eXBlIjoicG9zdCIs...
  ✓ Saved (0.1 KB)
[2080/2164] image: https://px.srvcs.tumblr.com/impixu?T=1767025781&J=eyJ0eXBlIjoidXJsIiwi...
  ✓ Saved (0.1 KB)
[2081/2164] image: https://px.srvcs.tumblr.com/impixu?T=1767025782&J=eyJ0eXBlIjoicG9zdCIs...
  ✓ Saved (0.1 KB)
[2082/2164] image: https://px.srvcs.tumblr.com/impixu?T=1767025782&J=eyJ0eXBlIjoidXJsIiwi...
  ✓ Saved (0.1 KB)
[2083/2164] image: https://px.srvcs.tumblr.com/impixu?T=1767025784&J=eyJ0eXBlIjoicG9zdCIs...
  ✓ Saved (0.1 KB)
[2084/2164] image: https://px.srvcs.tumblr.com/impixu?T=1767025784&J=eyJ0eXBlIjoidXJsIiwi...
  ✓ Saved (0.1 KB)
[2085/2164] image: https://px.srvcs.tumblr.com/impixu?T=1767025785&J=eyJ0eXBlIjoicG9zdCIs...
  ✓ Saved (0.1 KB)
[2086/2164] image: https://px.srvcs.tumblr.com/impixu?T=1767025785&J=eyJ0eXBlIjoidXJsIiwi...
  ✓ Saved (0.1 KB)
[2087/2164] image: https://px.srvcs.tumblr.com/impixu?T=1767025786&J=eyJ0eXBlIjoicG9zdCIs...
  ✓ Saved (0.1 KB)
[2088/2164] image: https://px.srvcs.tumblr.com/impixu?T=1767025786&J=eyJ0eXBlIjoidXJsIiwi...
  ✓ Saved (0.1 KB)
[2089/2164] image: https://px.srvcs.tumblr.com/impixu?T=1767025787&J=eyJ0eXBlIjoicG9zdCIs...
  ✓ Saved (0.1 KB)
[2090/2164] image: https://px.srvcs.tumblr.com/impixu?T=1767025787&J=eyJ0eXBlIjoidXJsIiwi...
  ✓ Saved (0.1 KB)
[2091/2164] image: https://px.srvcs.tumblr.com/impixu?T=1767025788&J=eyJ0eXBlIjoicG9zdCIs...
  ✓ Saved (0.1 KB)
[2092/2164] image: https://px.srvcs.tumblr.com/impixu?T=1767025788&J=eyJ0eXBlIjoidXJsIiwi...
  ✓ Saved (0.1 KB)
[2093/2164] image: https://px.srvcs.tumblr.com/impixu?T=1767025789&J=eyJ0eXBlIjoicG9zdCIs...
  ✓ Saved (0.1 KB)
[2094/2164] image: https://px.srvcs.tumblr.com/impixu?T=1767025789&J=eyJ0eXBlIjoidXJsIiwi...
  ✓ Saved (0.1 KB)
[2095/2164] image: https://px.srvcs.tumblr.com/impixu?T=1767025790&J=eyJ0eXBlIjoicG9zdCIs...
  ✓ Saved (0.1 KB)
[2096/2164] image: https://px.srvcs.tumblr.com/impixu?T=1767025790&J=eyJ0eXBlIjoidXJsIiwi...
  ✓ Saved (0.1 KB)
[2097/2164] image: https://px.srvcs.tumblr.com/impixu?T=1767025792&J=eyJ0eXBlIjoicG9zdCIs...
  ✓ Saved (0.1 KB)
[2098/2164] image: https://px.srvcs.tumblr.com/impixu?T=1767025792&J=eyJ0eXBlIjoidXJsIiwi...
  ✓ Saved (0.1 KB)
[2099/2164] image: https://px.srvcs.tumblr.com/impixu?T=1767025793&J=eyJ0eXBlIjoicG9zdCIs...
  ✓ Saved (0.1 KB)
[2100/2164] image: https://px.srvcs.tumblr.com/impixu?T=1767025793&J=eyJ0eXBlIjoidXJsIiwi...
  ✓ Saved (0.1 KB)
[2101/2164] image: https://px.srvcs.tumblr.com/impixu?T=1767025794&J=eyJ0eXBlIjoicG9zdCIs...
  ✓ Saved (0.1 KB)
[2102/2164] image: https://px.srvcs.tumblr.com/impixu?T=1767025794&J=eyJ0eXBlIjoidXJsIiwi...
  ✓ Saved (0.1 KB)
[2103/2164] image: https://px.srvcs.tumblr.com/impixu?T=1767025795&J=eyJ0eXBlIjoicG9zdCIs...
  ✓ Saved (0.1 KB)
[2104/2164] image: https://px.srvcs.tumblr.com/impixu?T=1767025795&J=eyJ0eXBlIjoidXJsIiwi...
  ✓ Saved (0.1 KB)
[2105/2164] image: https://px.srvcs.tumblr.com/impixu?T=1767025796&J=eyJ0eXBlIjoicG9zdCIs...
  ✓ Saved (0.1 KB)
[2106/2164] image: https://px.srvcs.tumblr.com/impixu?T=1767025796&J=eyJ0eXBlIjoidXJsIiwi...
  ✓ Saved (0.1 KB)
[2107/2164] image: https://px.srvcs.tumblr.com/impixu?T=1767025798&J=eyJ0eXBlIjoicG9zdCIs...
  ✓ Saved (0.1 KB)
[2108/2164] image: https://px.srvcs.tumblr.com/impixu?T=1767025798&J=eyJ0eXBlIjoidXJsIiwi...
  ✓ Saved (0.1 KB)
[2109/2164] image: https://px.srvcs.tumblr.com/impixu?T=1767025799&J=eyJ0eXBlIjoicG9zdCIs...
  ✓ Saved (0.1 KB)
[2110/2164] image: https://px.srvcs.tumblr.com/impixu?T=1767025799&J=eyJ0eXBlIjoidXJsIiwi...
  ✓ Saved (0.1 KB)
[2111/2164] image: https://px.srvcs.tumblr.com/impixu?T=1767025800&J=eyJ0eXBlIjoicG9zdCIs...
  ✓ Saved (0.1 KB)
[2112/2164] image: https://px.srvcs.tumblr.com/impixu?T=1767025800&J=eyJ0eXBlIjoidXJsIiwi...
  ✓ Saved (0.1 KB)
[2113/2164] image: https://px.srvcs.tumblr.com/impixu?T=1767025801&J=eyJ0eXBlIjoicG9zdCIs...
  ✓ Saved (0.1 KB)
[2114/2164] image: https://px.srvcs.tumblr.com/impixu?T=1767025801&J=eyJ0eXBlIjoidXJsIiwi...
  ✓ Saved (0.1 KB)
[2115/2164] image: https://px.srvcs.tumblr.com/impixu?T=1767025802&J=eyJ0eXBlIjoicG9zdCIs...
  ✓ Saved (0.1 KB)
[2116/2164] image: https://px.srvcs.tumblr.com/impixu?T=1767025802&J=eyJ0eXBlIjoidXJsIiwi...
  ✓ Saved (0.1 KB)
[2117/2164] image: https://px.srvcs.tumblr.com/impixu?T=1767025803&J=eyJ0eXBlIjoicG9zdCIs...
  ✓ Saved (0.1 KB)
[2118/2164] image: https://px.srvcs.tumblr.com/impixu?T=1767025803&J=eyJ0eXBlIjoidXJsIiwi...
  ✓ Saved (0.1 KB)
[2119/2164] image: https://px.srvcs.tumblr.com/impixu?T=1767025805&J=eyJ0eXBlIjoicG9zdCIs...
  ✓ Saved (0.1 KB)
[2120/2164] image: https://px.srvcs.tumblr.com/impixu?T=1767025805&J=eyJ0eXBlIjoidXJsIiwi...
  ✓ Saved (0.1 KB)
[2121/2164] image: https://px.srvcs.tumblr.com/impixu?T=1767025806&J=eyJ0eXBlIjoicG9zdCIs...
  ✓ Saved (0.1 KB)
[2122/2164] image: https://px.srvcs.tumblr.com/impixu?T=1767025806&J=eyJ0eXBlIjoidXJsIiwi...
  ✓ Saved (0.1 KB)
[2123/2164] image: https://px.srvcs.tumblr.com/impixu?T=1767025807&J=eyJ0eXBlIjoicG9zdCIs...
  ✓ Saved (0.1 KB)
[2124/2164] image: https://px.srvcs.tumblr.com/impixu?T=1767025807&J=eyJ0eXBlIjoidXJsIiwi...
  ✓ Saved (0.1 KB)
[2125/2164] image: https://px.srvcs.tumblr.com/impixu?T=1767025808&J=eyJ0eXBlIjoicG9zdCIs...
  ✓ Saved (0.1 KB)
[2126/2164] image: https://px.srvcs.tumblr.com/impixu?T=1767025808&J=eyJ0eXBlIjoidXJsIiwi...
  ✓ Saved (0.1 KB)
[2127/2164] image: https://px.srvcs.tumblr.com/impixu?T=1767025809&J=eyJ0eXBlIjoicG9zdCIs...
  ✓ Saved (0.1 KB)
[2128/2164] image: https://px.srvcs.tumblr.com/impixu?T=1767025809&J=eyJ0eXBlIjoidXJsIiwi...
  ✓ Saved (0.1 KB)
[2129/2164] image: https://px.srvcs.tumblr.com/impixu?T=1767025810&J=eyJ0eXBlIjoicG9zdCIs...
  ✓ Saved (0.1 KB)
[2130/2164] image: https://px.srvcs.tumblr.com/impixu?T=1767025810&J=eyJ0eXBlIjoidXJsIiwi...
  ✓ Saved (0.1 KB)
[2131/2164] image: https://px.srvcs.tumblr.com/impixu?T=1767025811&J=eyJ0eXBlIjoicG9zdCIs...
  ✓ Saved (0.1 KB)
[2132/2164] image: https://px.srvcs.tumblr.com/impixu?T=1767025811&J=eyJ0eXBlIjoidXJsIiwi...
  ✓ Saved (0.1 KB)
[2133/2164] image: https://px.srvcs.tumblr.com/impixu?T=1767025813&J=eyJ0eXBlIjoicG9zdCIs...
  ✓ Saved (0.1 KB)
[2134/2164] image: https://px.srvcs.tumblr.com/impixu?T=1767025813&J=eyJ0eXBlIjoidXJsIiwi...
  ✓ Saved (0.1 KB)
[2135/2164] image: https://px.srvcs.tumblr.com/impixu?T=1767025814&J=eyJ0eXBlIjoicG9zdCIs...
  ✓ Saved (0.1 KB)
[2136/2164] image: https://px.srvcs.tumblr.com/impixu?T=1767025814&J=eyJ0eXBlIjoidXJsIiwi...
  ✓ Saved (0.1 KB)
[2137/2164] image: https://px.srvcs.tumblr.com/impixu?T=1767025815&J=eyJ0eXBlIjoicG9zdCIs...
  ✓ Saved (0.1 KB)
[2138/2164] image: https://px.srvcs.tumblr.com/impixu?T=1767025815&J=eyJ0eXBlIjoidXJsIiwi...
  ✓ Saved (0.1 KB)
[2139/2164] image: https://px.srvcs.tumblr.com/impixu?T=1767025816&J=eyJ0eXBlIjoicG9zdCIs...
  ✓ Saved (0.1 KB)
[2140/2164] image: https://px.srvcs.tumblr.com/impixu?T=1767025816&J=eyJ0eXBlIjoidXJsIiwi...
  ✓ Saved (0.1 KB)
[2141/2164] image: https://px.srvcs.tumblr.com/impixu?T=1767025817&J=eyJ0eXBlIjoicG9zdCIs...
  ✓ Saved (0.1 KB)
[2142/2164] image: https://px.srvcs.tumblr.com/impixu?T=1767025817&J=eyJ0eXBlIjoidXJsIiwi...
  ✓ Saved (0.1 KB)
[2143/2164] image: https://px.srvcs.tumblr.com/impixu?T=1767025818&J=eyJ0eXBlIjoicG9zdCIs...
  ✓ Saved (0.1 KB)
[2144/2164] image: https://px.srvcs.tumblr.com/impixu?T=1767025818&J=eyJ0eXBlIjoidXJsIiwi...
  ✓ Saved (0.1 KB)
[2145/2164] image: https://px.srvcs.tumblr.com/impixu?T=1767025819&J=eyJ0eXBlIjoicG9zdCIs...
  ✓ Saved (0.1 KB)
[2146/2164] image: https://px.srvcs.tumblr.com/impixu?T=1767025819&J=eyJ0eXBlIjoidXJsIiwi...
  ✓ Saved (0.1 KB)
[2147/2164] image: https://px.srvcs.tumblr.com/impixu?T=1767025821&J=eyJ0eXBlIjoicG9zdCIs...
  ✓ Saved (0.1 KB)
[2148/2164] image: https://px.srvcs.tumblr.com/impixu?T=1767025821&J=eyJ0eXBlIjoidXJsIiwi...
  ✓ Saved (0.1 KB)
[2149/2164] image: https://px.srvcs.tumblr.com/impixu?T=1767025822&J=eyJ0eXBlIjoicG9zdCIs...
  ✓ Saved (0.1 KB)
[2150/2164] image: https://px.srvcs.tumblr.com/impixu?T=1767025822&J=eyJ0eXBlIjoidXJsIiwi...
  ✓ Saved (0.1 KB)
[2151/2164] image: https://px.srvcs.tumblr.com/impixu?T=1767025823&J=eyJ0eXBlIjoicG9zdCIs...
  ✓ Saved (0.1 KB)
[2152/2164] image: https://px.srvcs.tumblr.com/impixu?T=1767025823&J=eyJ0eXBlIjoidXJsIiwi...
  ✓ Saved (0.1 KB)
[2153/2164] image: https://px.srvcs.tumblr.com/impixu?T=1767025824&J=eyJ0eXBlIjoicG9zdCIs...
  ✓ Saved (0.1 KB)
[2154/2164] image: https://px.srvcs.tumblr.com/impixu?T=1767025824&J=eyJ0eXBlIjoidXJsIiwi...
  ✓ Saved (0.1 KB)
[2155/2164] image: https://px.srvcs.tumblr.com/impixu?T=1767025825&J=eyJ0eXBlIjoicG9zdCIs...
  ✓ Saved (0.1 KB)
[2156/2164] image: https://px.srvcs.tumblr.com/impixu?T=1767025825&J=eyJ0eXBlIjoidXJsIiwi...
  ✓ Saved (0.1 KB)
[2157/2164] image: https://px.srvcs.tumblr.com/impixu?T=1767025826&J=eyJ0eXBlIjoicG9zdCIs...
  ✓ Saved (0.1 KB)
[2158/2164] image: https://px.srvcs.tumblr.com/impixu?T=1767025826&J=eyJ0eXBlIjoidXJsIiwi...
  ✓ Saved (0.1 KB)
[2159/2164] image: https://px.srvcs.tumblr.com/impixu?T=1767025827&J=eyJ0eXBlIjoicG9zdCIs...
  ✓ Saved (0.1 KB)
[2160/2164] image: https://px.srvcs.tumblr.com/impixu?T=1767025827&J=eyJ0eXBlIjoidXJsIiwi...
  ✓ Saved (0.1 KB)
[2161/2164] image: https://px.srvcs.tumblr.com/impixu?T=1767025829&J=eyJ0eXBlIjoicG9zdCIs...
  ✓ Saved (0.1 KB)
[2162/2164] image: https://px.srvcs.tumblr.com/impixu?T=1767025829&J=eyJ0eXBlIjoidXJsIiwi...
  ✓ Saved (0.1 KB)
[2163/2164] image: https://px.srvcs.tumblr.com/impixu?T=1767025830&J=eyJ0eXBlIjoicG9zdCIs...
  ✓ Saved (0.1 KB)
[2164/2164] image: https://px.srvcs.tumblr.com/impixu?T=1767025830&J=eyJ0eXBlIjoidXJsIiwi...
  ✓ Saved (0.1 KB)

============================================================
Download Summary:
  Images: 1895
  Videos: 0
  Failed: 0
  Total: 1895
============================================================
